V4,V5,V7,V9,V10,V11,V13,V16,V17,V18,V19,V21,V22,V23,V27,V29,V30
216.09,174.48,256.81,251.71,106.18,219.51,214.65,136.5,304.43,273.21,251.63,199.82,135.36,169,278.91,256.4,204.84
252.7,201.75,265.89,290.14,104.89,223.46,243,176.34,353.76,193.96,174.81,237.37,115.12,192.79,260.12,239.42,200.78
240.02,196.69,259.12,259.06,81.6,216.5,226.36,158.47,290.08,244.88,188.25,216.79,105.38,185.68,263.01,218.12,192.2730727
226.23,190.24,238.34,253.35,97.25,207.52,236.03,167.82,301.01,211.58,195.9,234.72,116.26,199.01,251.87,210.89,181.72
259.79,213.79,324.37,262.03,99.29,200.47,241.92,160.13,268.84,197.37,177.67,215.23,107.61,190.1,244.34,228.8,178.12
298.25,238.11,326,304.66,110.36,247.43,270.47,179.61,361.1,218.21,212.76,232.0620377,219.74,212.06,286.55,260.46,207.47
282.52,214.33,283.78,288.45,105.14,231.08,264.28,167.99,293.45,214.54,211.38,288.52,293.05,210.22,297.02,248.19,214.04
243.64,187.23,300.33,276.62,104.06,187.33,261.23,144.96,294.4,263.45,155.61,203.68,265.87,165.47,268.61,246.32,238.33
279.12,187.56,288.8,278.48,91.82,151.55,256.74,117.5,308.29,247.34,124.46,200.75,220.1,129.04,239.9,168.53,167.35
238.9,139.2,270.08,242.36,86.54,172.71,222.36,119.77,283.1,232.95,109.15,165.55,231.88,145.66,218.27,152.56,188.63
221.25,103.37,111.18,221.22,92.79,199.62,207.55,109.34,247.36,203.87,143.8,189.24,222.83,124.09,230.6,131.12,178.4
196.17,111.53,116.2,218.77,98.7,195.21,187.25,111.72,249.66,297.48,154,169.71,213.13,136.55,241.93,138.48,175.24
210.1,104.83,161.63,230.95,79.68,177.17,194.28,95.03,221.65,316.11,123.6,144.21,202.14,105.18,203.32,127.71,143.97
177.51,97.33,250.04,214.32,84.57,176.09,177.25,105.31,301.11,285.88,131.42,167.22,205.99,124.92,199.55,111.67,137.02
147.64,78.89,208.2,172.97,53.09,145.47,139.66,79.62,249.58,153.87,96.89,137.84,125.74,76.32,153.18,74.97,104.41
163.48,93.34,226.02,200.57,60.91,137.65,153.92,79.68,216.31,147.26,94.28,141.73,135.11,92.14,218.3,137.88,105.38
146.35,92.68,292.45,211.5,57.91,180.47,129.47,109.84,244.22,188.9,67.02,165.75,149.7,95.11,232.33,126.81,106.8073034
139.87,72.24,186.07,142.78,36.38,116.17,112.97,63.73,178.64,172.79,57.7,177.55,102.49,62.35,130.05,92.59,86
162.25,93.77,306.83,237.54,63.09,177.68,157.02,89.04,265.88,177.89,127.81,179.6,173.03,88.41,262.22,151.81,172.85
182.12,99.26,270.82,233.55,76.67,195.23,162.71,112.53,238.95,180,152.94,160.86,169.66,105.18,257.49,143.73,146.08
199.46,127.76,293.73,228.06,79.68,200.23,192.59,124.51,243.38,265.14,116.11,196.04,212.08,135.83,214.35,163.74,174.71
235.89,147.85,315.69,277.84,95.59,218.28,226.95,148.41,309.2,262.37,178.86,225.6,244.75,173.45,281.69,228.56,192.94
230.88,143.69,347.21,297.14,104.33,245.64,214.35,144.59,367.91,252.61,180.97,221.74,234.18,135.24,296.39,256.98,171.38
191.64,115.51,365.57,231.13,69.79,195.43,185.07,111.04,253.14,233.03,178.27,161.88,175.1,108.99,231.7,239.6341866,171.43
247.34,165.19,323.8,291.77,90.82,254.85,237.94,165.21,297.67,273.26,245.94,271.19,287.27,184.62,292.4,253.46,192.23
248.49,178.04,319.96,260.25,92.06,218.05,230.62,164.83,232.36,248.59,216.48,212.77,265.2,167.28,267.6,227.01,198
226.11,139.31,295.99,258.12,80.66,225.7,214.49,144.65,228.91,203.17,204.67,221.49,247.96,142.55,264.31,222.19,158.16
227.42,148.49,314.71,281.09,86.06,237.6,221.21,142.36,257.63,281.72,191.47,250.64,225.54,160.39,282.97,230.36,154.18
224.75,131.02,311.26,290.91,76.78,213.93,225.74,135.03,250.77,297.18,180.22,260.9,211.36,145.43,287.88,226.66,158.45
190.47,103.42,307.89,248.01,90.47,200.56,190.85,111.8,235.26,272.55,171.06,175.03,221.62,130.1,265.12,202.36,155.78
165.76,104.96,315.46,224.29,78.38,163.01,170.16,97.8,263.2,216.5909487,157.23,211.1511838,220.59,111.79,276.84,191.64,159.15
198.24,118.39,229.02,218.46,76.09,192.7,249.98,117.9,225.2,157.7,175.25,232.98,209.32,138.39,218.58,193.82,146.57
180.74,96.06,339.1,200.15,87.07,175.32,152.13,100.25,197.33,146.76,178.1,183.16,211.67,128.53,216.82,170.65,155.02
166.73,93.19,263.74,219.48,74.53,171.06,164.18,126.14,265.37,167.31,142.47,205.65,188.16,132.95,268.44,191.38,146.06
184.95,103.84,271.5,214.77,86.28,208.68,167.57,115.97,236.25,213.52,165.01,196.03,237.37,123.07,267.26,182.82,162.99
211.55,105.45,258.5,188.7,73.13,166.63,170.39,103.58,261.96,154.15,157.71,172.31,162.14,105.11,192.22,156.65,114.56
191.9,108.31,260.68,188.2,62.52,156.84,166.41,95.3,232.96,141.73,172.69,151.45,162.43,93.89,198.56,189.85,125.28
156.6,111.28,247.65,143.35,56.09,156.22,124.06,77.91,134.99,165.54,168.49,129.38,162.8,95.13,167.5,132.1,110.13
194.51,67.01,181.49,163.9,76.86,148.16,172.92,73.57,121.44,147.24,170.72,194.4344954,227.2,93.78,247.48,158.73,136.63
193.66,122.91,286.53,224.31,78.72,190.05,179.65,107.79,215.25,160.4,161.74,255.47,203.13,130.63,199.04,189.37,122.31
189.18,159.14,296.43,255.49,89.4,205.62,192.03,122.16,266.69,230.54,159.53,232.64,225.6,142.86,332.12,222.06,155.97
202.62,104.98,374.55,268.46,103.1,219.4,192.4,119.24,309.48,233.36,170.43,225.11,291.98,151.08,370.39,257.45,212.18
210.93,120.84,336.09,289.71,90.93,235.72,201.3,137.62,331.71,252.75,183.79,214.15,230.48,163.95,331.02,241.59,161.93
165.55,116.61,232.6,183.92,67.61,163.1,145,103.39,201.15,241.51,136.92,214.8,173.16,120.15,222.78,140.41,116.48
169.6,107.37,230.22,164.23,47.21,142.07,131.36,95.08,173.12,230.32,46.14,226.05,134.98,101.85,179.62,130.91,92.85
144.64,83.84,194.75,132.07,45.23,91.52,121.65,62.71,150.49,111.24,42.07,166.34,109.27,74.89,130.99,96.56,77.08
129.82,68.15,127.13,112.82,39.28,76.87,96.96,64.56,114.79,166.73,33.92,123.64,111.04,59.41,110.51,89.27,71.06
150.84,84.41,268.75,138.59,43.53,99.06,119.04,86.28,154.49,143.83,49.02,148.79,116.13,80.34,149.79,128.94,81.24
199.88,149.98,325.34,239.82,76.8,165.51,210.06,174.21,252.64,265.02,127.12,230.06,210.43,152.13,287.42,247.46,168.91
105.6,67.99,192.19,126.81,35.45,78.51,99.23,69.5,138.11,130.01,53.11,117.25,111.3,75.81,142.07,126.93,84.76
117.99,65.57,214.17,160.49,39.97,87.94,119.6,75.32,152.12,138.35,89.34,121.92,111.97,87.37,170.9,142.07,91.17
121.41,80.72,182.66,127.59,47.21,150.96,106.39,66.34,110.32,141.65,127.24,134.78,140.38,85.69,157.25,135.53,93.54
144.59,79.92,232.17,156.29,63.05,140.52,116.21,88.71,177.26,155.24,107.88,179.89,172.69,101.75,165.78,137.98,114.12
185.35,107.83,325.69,215.49,73.4,177.65,179.69,115.52,260.1,200.44,108.58,214.86,184.62,110.97,255.09,193.53,130.56
214.2,125.53,342.92,254.42,87.05,207.9,189,133.02,271.53,222.25,195.46,246.1,217.77,134.86,283.08,218.61,159.24
170.63,94.28,280.65,213.14,65.99,185.04,152.4,109.75,225.61,178.81,156.01,147.23,171.36,93.84,224.86,162.57,130.62
141.09,82.42,215.75,146.52,50.54,124.35,127.85,72.28,159.9,122.11,92.03,183.62,120.79,82.62,149.7,121.38,81.08
157.52,109.62,226.41,132.89,45.31,141.14,138.32,97.95,180.71,122.26,96.46,191.14,118.78,84.32,149.67,125.83,86.34
171.69,109.35,231.24,152.07,53.87,135.48,144.63,90.3,167.13,154.45,106.01,159.97,164.3,94.61,169.74,138.32,103.46
192.92,117.94,278.13,191.22,67.49,156.77,177.7,96.54,257.02,157.16,141.34,140.42,187.42,104.48,221.05,176.82,137.4
182.93,132.18,296.92,218.38,69.5,173.98,197.77,108.67,255.27,155.69,177.6,233.83,195.21,98.5,236.58,175.67,128.14
216.9,129.95,275.97,205.19,61.32,183.19,177.91,117.2,201.91,164.51,136.57,210.91,183.43,120.7,213.53,196.38,144.05
227.29,146.12,265.95,228.68,72.65,199.54,235.1,129.75,221.35,206.08,167.91,227.81,221.21,137.23,252.47,224.41,168.47
188.88,114.91,268.7835773,246.47,64.73,214.85,215.24,142.32,219.1,267.3,158.13,218.89,213.88,149.74,247.04,240.1,161.79
185.11,121.75,281.35,141.02,50.06,150.49,170.54,103.37,150.09,158.21,86,188.97,151.31,140.12,159.16,135.06,111.08
127.51,91.43,231.65,154.6,45.26,130.93,111.64,75.35,144.18,143.01,115.85,144.02,127.33,92.78,201.75,137.07,96.89
137.95,88.19,210.49,152.53,42.01,152.36,131.74,88.01,178.4,128.05,121.15,172.41,107.89,68.31,197.47,112.53,75.13
181.6,115.13,252.39,191.13,56.86,162.45,173.76,111.19,178.83,139.94,174.11,180.44,170.75,100.69,192.87,154.4,109.89
160.79,113.59,263.34,187.77,56.25,196.46,183.75,114.38,225.69,154.15,123.48,189.51,150.65,116.41,203.29,137.49,95.31
143.13,97.42,234.47,144.47,44.02,133.73,141.08,85.85,149.12,118.78,94.43,137.19,129.22,81,141.5,109.85,75.37
129.01,82.29,203.11,142.71,38.21,137.51,135.99,64.42,151.55,99.46,111.19,137.33,117.91,63.77,167.95,122.68,74.02
193.74,141.87,294.55,200.99,75.61,174.2,194.11,133.18,178.98,151.52,105.97,213.13,202.96,130.22,203.49,192.5,131.84
212.99,165.72,294.22,212.9,65.32,189.17,215.85,127.03,183.9022975,157.51,107.37,172.75,196.25,140.3,232.96,182.63,129.96
199.64,159.16,313.86,229.08,65.69,198.33,206.14,126.66,191.6707113,165.38,104.18,179.79,190.98,115.6,253.26,211.49,127.17
187.08,139.96,325.3,226.54,58.85,195.78,211.11,111.28,199.4391251,151.44,101.61,165.61,170.12,91.47,224.58,202.45,116.74
208.62,155.06,292.74,235.6,75.3,200.51,226.77,143.54,207.2075389,164.49,107.28,190.43,227.22,131.11,245.08,224,127.02
173.53,127.2,253.75,184.59,54.66,177.7,185.82,136.99,211.23,134.05,102.01,215.65,156.08,133.19,194.87,151.96,109.2
194.36,144.62,288.22,193.01,65.34,172.4,181.36,138.02,217.04,167.31,105.46,188.53,205.66,139.61,213.93,176.36,131.64
223.05,171.85,305.9,212.28,53.7,187.25,205.89,153.21,288.88,179.2,108.12,198.04,287.18,185.34,212.65,213.41,187.1
183.14,149.82,272.27,184.66,50.8,173.22,177.63,132.32,216.55,149.55,104.39,185.13,209.45,157.71,205.89,172.07,122.87
148.73,128.47,197.54,172.07,51.18,173.02,165.06,130.39,192.35,138.09,101.72,184.5,193.34,125.75,197.79,150.14,108.23
176.09,136.2,298.69,188,64.36,178.65,192.94,117.99,228.16,149.84,103.28,173.18,215.35,107.56,258.09,185.6,133.3
190.8,155.81,310.27,223.6,88.3,195.98,223.71,131.53,281.81,175.22,103.81,209.05,251.92,134.77,259.72,207.21,147.7
89.39,103.93,357.23,219.64,83.87,167.3,203.67,95.19,238.09,190.09,106.14,177.64,220.76,107.9,270.32,191.53,136.98
258.64,151.46,322.83,256.07,68.04,191.82,228.67,127.85,193,173.61,103.29,195.92,224.51,139.4,303.33,207.38,141.95
268.39,152.32,368.63,237.89,76.45,214.61,241.39,132.11,325.25,186.97,103.47,206.27,258.62,144.83,265.55,236.22,156.25
194.0437621,104.15,319.62,195.66,55.72,180.46,201.47,133.14,270.36,161.41,104.75,195.28,150.84,162.19,243.6,212.06,106.98
138.0002332,101.38,229.8168736,120.38,53.76,121.56,140.5,105.58,147.99,108.08,101.77,137.15,80.88,138.03,126.42,117.76,79.01
64.09,55.29,116.64,62.61,61.33,67.52,88.94,56.75,120.83,82.16,77.11,96.43,48.91,65.62,86.97,107.28,44.47
86.08,68.31,152.88,50.02,87.09,83.27,88.52,73.29,161.08,84.64,50.16,96.11,31.19,72.78,126.01,84.72,60.22
150.33,151.07,219.32,132.39,191.34,142.76,189.91,125.34,220.04,160.5,144.78,160.97,91.12,160.62,180.31,179.31,137.08
174.03,169.12,271.05,165.23,127.4,169.69,201.11,153.51,254.99,172.74,166.92,192.05,102.91,186.48,200.25,188.56,142.08
168.8,130.77,196.61,125.51,72.05,132.1,153.09,122.46,228.06,134.95,115.25,150.89,70.53,135.73,149.74,155.95,99.97
138.1875051,106.36,158.31,100.1,54.77,100.22,114.1,89.63,159.37,98.67,80.73,125.39,55.65,119.09,125.98,109.45,79.44
100.73,83.49,155.25,67.92,52.47,88.96,96.41,79.5,159.83,75.54,61.88,115.32,43.75,88.16,107.72,92.84,69.37
142.17,94.88,192.77,134.76,44.85615548,132.67,132.23,98.76,205.62,87.9,50.97,158.84,85.29,113.51,155.25,132.47,82.49
134.44,83.78,174.21,115.81,35.8,128.53,119.32,85.98,205.33,91.25,12.51,147.02,114.16,98.33,127.74,123.94,78.74
129.58,111.3070994,157.49,84.63,30.6,98.75,112.69,79.27,160.53,90.27,11.05,123.58,119.84,100.12,115.47,125.76,85.55
132.54,153.92,174.19,93.36,38.69821558,108.64,139.45,96.91,209.52,119.1,24.14,136.83,136.86,125.08,133.4,147.44,93.94
163.98,119.82,188.27,125,43.62099055,148.97,163.25,112.4,216.41,119.54,13.88,139.51,173.63,149.48,144.9,172.25,109.15
120.08,92.05,185.3640015,102.84,48.54376552,104.06,119.04,84.87,120.81,100.73,11.14,106.75,136.65,104.28,128.51,129.9,86.94
99.66,89.03,198.14,104.81,53.46654049,111.97,117.46,66.81,144.03,107.97,9.88,142.85,110.08,111.03,128.1,128.64,76.05
132.51,83.86,156.48,91.25,58.38931546,125.71,120.87,65.88,165.94,90.73,15.63353746,124.79,113.2,106.51,122.73,107.85,68.73
121.52,75.28,147,49.85,64.97,73.64,91.53,54.55,147.31,82.1,19.47941576,91.92,94.69,88.46,94.59,101.79,64.28
104.46,69.64,125.49,61.81,67.28,53.99,100.02,69.99,107.22,75.84,23.32529405,96.51,103.19,79.67,99.73,102.46,70.06
76.68,61.82,124.74,81.96,40.39,45.84,76.75,65.41,111.41,66.74,24.82,77.11,85.98,66.84,91.22,81.93,63.59
73.28,76.18,16.61,77.35,92.03,33.71,72.52,59.38,88.49,57.39,46.45,69.97,77.81,63.6,83.55,82.61,56.81
93.39,82.93,11.21,76.07,106.38,65.01,66.49,74.41,96.9,70.85,14.62,78.03923744,94.32,93.34,97.56,97.07,67.42
109.96,82.75,223.92,44.37,101.05,80.98,91.97,79.6,102.76,112.27,27.75,82.62,103.19,92.24,94.26,111.37,69.61
74.81,58.85,109.65,36.18,65.1,37.15,74.05,53.52,86.57,64.95,29.07,70.17,78.72,66.72,79.42,80,54.42
68.31,60.38,100.09,51.07,33.1,34.6,81.96,46.8,124.89,72.81,28.64,59.97,78.45,64.13,79.09,77.93,57.77
85.29,77.86,108.8,75.34,31.25,78.74,92.06,64.99,87.21,59.97,37.98,65.16,92.88,82.41,95.83,98.67,71.68
75.85,56.94,149.88,72.44,33.72,80.95,82.23,55.34,119.07,62.65,44.72,90.24,134.6230299,74.14,104.39,96.09,72.58
91.27,66.18,120.08,51.75,34.39,62.53,83.57,60.74,113.85,70.62,33.1,97.83,172.0121058,80.02,101.41,89.95,65.92
122.401858,93.1,130.82,60.91,116.87,91.68,107.88,70.83,118.14,81.93,41.64,90.9,209.4011816,92.86,113.58,109.03,74.13
151.57,137.19,226.7,164.22,244.2,146.51,184.73,138.54,220.13,159.6,182.82,161.09,251.39,170.29,181.34,198.2,150.12
189.97,160.41,227.51,188.86,205.6662643,184.88,205.68,160.81,234.01,152.92,332.89,190.65,284.3,195,239.22,215.92,162.49
123.26,108.52,162.74,82.02,201.2954822,113.8,128.22,99.57,178.05,100.97,132.7,124.11,150.72,124.77,201.328489,134.18,97.18
80.29,65.04,109.07,38.65,196.9247001,69.72,80.48,62.32,115.26,51.2,69.45,126.89,96.52,73.37,189.7442973,81.71,55.22
87.93426472,61.04,100.43,48.92,192.553918,49.02,101.98,64.09,148.83,64.84,103.13,121.8971394,75.11,80.29,178.1601056,90.16,56.82
86.53054031,59.18,132.67,55.22,188.1831359,48.12,116,53.06,97.71,71.65,58.84,115.7026613,77.06,65.58,166.5759138,78.69,59.56
85.1268159,64.71,132.84,70.42,183.8123538,27.53,116,57.04,112.66,74.82,96.14,109.5081831,77.36,76.15,154.9917221,78.9,55.31
83.7230915,70.38,125.99,81.56,179.4415717,96.26,116,84.96,182.61,104.03,88.93,103.3137049,119.23,95.4,143.4075304,104.89,78.43
82.31936709,59.7,117.71,52.13,175.0707896,99.95,116,57.88,174.3,58.46,86.37,97.11922672,85.43,73.05,131.8233386,96.44,65.85
82.49,58.41170034,110.94,38.03,170.7000075,70.98,116,52.23,152.83,54.42,76.83,90.92474855,72.24,62.22,120.2391469,76.02,60.88
73.67,56.75,93.88,56.05,166.3292254,59.62,116,48.35,172.98,55.49,80.89,76.88,66.66,60.48,108.6549552,69.09,53.18
64.77,51.49,95.71,62.27,161.9584433,73.8,116,49.74,194.41,55,83.59,65.81,64.7,67.43,97.07076346,71.62,56
55.33,44.64,100.11,51.2,157.5876612,59.14,116,47.08,129.96,46.62,100.56,104.71,59.71,59.93,85.48657173,70.65,59
54.20606966,54.94,69.29,32.82,153.2168791,35.95,116,47.74,143.23,43.86,205.51,90.52329963,63.58,63.47,73.90238,68.65,57.2944787
51.64909846,40.91,100,47.91,148.846097,46.76,116,35.83,147.82,40.86,140.59,90.40345865,45.51,48,59.6,62.6,56.59031167
46.8,35.47,80.27,51.29,144.4753149,14.86,116,29.01,129.2,48.13367371,117.4888974,90.28361766,46.09,38.22,52.51,56.26,55.88614465
55.64,38.39,70.81,50.08,140.1045328,31.33,116,27.2,108.35,55.53,86.02,90.16377668,33.96,42.3,49.32,71.13,55.18197762
60.27,44.62,94.76,66.56048773,135.7337507,64.59,116,34.65,96.93,50.87,77.21,90.04393569,66.5,61.16,65.56,76.61,54.47781059
63.46,46.95,88.51,77.15,131.3629686,69.57,100.51,42.83,76.42,42.56,89.38,89.92409471,59.44,60.45,69.86,70.21,53.77364357
111.2,115.87,129.41,121.33,126.9921865,112.72,139.45,93.02,63.61,85.26,131.32,89.80425372,155.26,104.59,124.08,129.47,53.06947654
74.59,69.49,83.15853793,71.4,122.6214044,49.26,84.49,45.58,45.89,72.2,69.85,89.68441274,62.62,48.06,68.8,72.73,52.36530952
54.69,19.56,42.9,38.18,118.2506223,7.95,53.32,22.93,25.05,35.9,54,89.56457175,84.2,25.4,43.07,42.62,51.66114249
71.82,56.44801794,53.16,58.11,113.8798402,6.53,64.34,40.44,32.94,52.91,51.15,89.44473077,56.73,46.85,47.53,59.75,50
75.86,63.29652798,55.25,60.08,109.5090581,13.33,147.68,45.18,45.44,111.28,35.71,74.74,34.72,35.9,47.76,44.75,38.34
171.71,70.14503802,147.29,180.23,90.38,104.31,219.86,118.59,120.36,114.72,137.02,126.38,95.62,59.60836492,149.22,136.44,99.18
128.65,95.37,164.39,147.38,151.05,116.72,125.08,81.99,125.06,99.12050311,127.48,89.15856233,103.38,71.064493,140.13,122.03,96.31
115.16,71.97,130.0305748,108.15,148.61,106.57,108.46,70.74,100.91,89.97326462,102.22,84.31,58.71,104.59,92.75,108.8,85.51
103.38,59.27,111.7769847,90.76,143.88,88.43,84.28,55.06,80.5,80.82602612,87.1,63.77,35.28,75.89,74.82,90.13,69.55
97.45,53.01,93.5233947,89.72,140.93,69.54,80.06,58.95,88.8,71.24,82.83,51.77,26.26,66.99,72.43,83.97,67.01
97.82,59.75,77.49,98.83,141.81,70.27,95.56,61.67,80.91,62.25,82.43,67.94,63.62,76.66,76.59,92.44,78.5
89.26,51.72,18.17,75.55,137.95,63.27,85.96,42.38,107.46,59.84,73.69,72.18,80.77,66.95,67,78.13,63.66
83.43,50.18,76.64,62.41,135.7142393,45.57,72.91,40.15,81.95,52.96,61.89,62.93,71.12,58.02,52.52,80.14,67.45
79.02,47.41,202.56,66.33,133.3120847,48.36,76.06,42.22,86.86,56.01,61.62,64.69,68.26,59.35,52.72,73.69,70.88
85.92,32.09,463.45,72.63,130.9099301,49.14,73.88,50.52,54.44,56.84,66.98,60.82,73.44,55.68,63.47,79.68,65.44
85.8,56.63,364.5281049,78.59,128.5077754,51.91,76.96,52.49,101.84,64.2,61.64,49.97,68.9,69.48,63.83,75.46,60.75
70.9,49.72,345.5632084,78.92,126.1056208,51.6,78.7,44.35,60.51,63.42,53.53,36.15,58.89,58.34,67.98,80.39,55.06
73.7,40.59,326.5983119,60.56,123.7034662,43.11,62.16,37.93,60.03,52.52,62.3,31.11,41.68,51.92,62.42,63.86,45.14
47.39,27.44,307.6334154,50.28,121.3013116,37.26,49.68,26.32,129.7,40.5,30.44,22.02,40.14,41.43,51.8,44.16,39.46
40.94,25.85,288.668519,61.29,118.8991569,49.31,50.9,23.39,71.75,43.12,49.2,28.41,53.94,42.66,63.76,48.06,44.94
36.36,24.36,269.7036225,53.85,116.4970023,48.99,49.22,26.71,47.23,45.2,48.04,29.66,47.54,41.97,51.33,50.35,43.39
51.7,37.36,250.738726,84.12,114.0948477,45.68,58.01,41.52,63.3,46.53,50.31,52.32,42.25,45,70.36,60.46,51.96
41.74,33.86,231.7738295,46.17,111.6926931,41.06,78.53,26.64,66.92,54.40498476,39.03,45.9,35,48.02401959,39.41,42.54,36.21
36.26,27.32,212.8089331,43.85,109.2905384,37.67,49.17,22.2,46.21,70.48,36.36,53.85,44.64,50.20968805,40.51,38.54,35.69
63.27,24.91,193.8440366,48.58,106.8883838,35.83,43.55,22.47,39.31,31.32,30.59,50.06,44.69,52.39535651,42.11,36.05,27.18
35.61,18.45,174.8791401,28.48,104.4862292,33.05,27.33,12.04,17.15,48.68149368,23.84,25.41,43.59,54.58102496,22.9,37.87691837,28.94
41.97,21.3,155.9142436,31.45,102.0840746,32.26,31.57,15.71,71.65,59.78,20.5,32.54,45.01,56.76669342,25.39,38.28,29.03
36.78,21.7,136.9493472,34.73,120,33.04,31.85,9.92,21.38,57.95,31.66,31.43,51.95,58.95236188,28.98,34.03,31.21
31.96,16.3,117.9844507,26.98,25.01,29.62,28.76,4.88,31.43,25.35,23.14,31.46,42.93,61.13803033,24.86,28.51,33.79
51.63,30.12,99.0195542,41.01,27.81,40.8,42.89,24.3,35.93,64.7,34.72,45.59,58.45,63.32369879,40.01,50.12,57.67
77.68,55.52,80.05465772,73.42,52.64,57.02,75.95,46.04,121.42,63.93,65.78,68.12,100.08,65.50936725,71.69,77.38,80.47
77.4,38.35,61.46,54.12,36.26,27.61,62.72,28.59,63.4,46.74,45.38,49.86,76.47,67.6950357,51.59,65.05,49.07
54.61,33.02,24.81,47.52,35.05,25.5,43.46,26.39,25.43,34.49,37.61,30.04,69.3,69.88070416,33.16,41.3,36.76
71.92,35.43,59.87,71.43,82.89,30.13,54.98,41.44,82.1,56.52,86.94,32.77,137.93,72.06637262,61.76,79.91,102.11
80.38,71.92,79.14,103.69,91.77,39.42,111.23,65.37,74.63,80.43,105.2,44.56,158.46,74.25204107,91.58,185.65,137.2
74.59,43.83,74.61040888,57.83,57.95,32.48,60.71,39.84,68.62,49.4,66.48,59.46,100.51,76.43770953,54.67,139.7511517,55.85
192.39,129.27,75.96104284,175.51,144.37,130.69,173.68,114.85,129.32,127.69,99.86,134.01,209.24,78.62337799,160.82,138.2593694,95.04716002
143.47,101,77.31167681,128.59,116.47,95.13,139.41,84.83,93.64,109.28,144.47,111.98,188.59,80.80904644,127.56,161.33,125.76
126.61,74.84,78.66231078,105.77,77.71,58.6,117.19,69.89,129.68,88.92,117.68,98.63,127.19,99.68,103.92,90,94.68
109.24,63.41,88.18,105.46,70.15,58.71,113.09,57.92,146.6,72.48,118.46,95.32,125.39,75.42,102.07,102.2555938,86.7
85.39,43.72,60.37,72.76,54.73,41.18,81.13,38.26,100.43,57.38,88.11,72.47,95.38,53.04,76.34,100.78,68.32
56.87,31,40.88,52.2,46.08,30.86,50.19,25.1,50.7,28.99,27,42.36,45.53,39.33,44.92,65.81,34.32
83.24,38,73.37,85.11,68.57,36.96,76.92,43.38,132.28,51.85,58.52,84.64,48.69581109,63.53,79.31,105.58,62.32
61.83,19,63.81,62.09,57.45,31.6,45.57,26,45.17,35.41,47.08,48.97,44.61851843,34.01,48.62,64.79,42.94
52.18,24.12,33.26,62.51,23.19,32.81,46.39,23.8,61.68,74.74,31.08,50.47,40.54122578,39.5,54.19,54.44,36.8
54.52,35.35,41.58,53.87,35.75,32.87,49.57,24.5,101.96,43.92,24.03,36.7,32.58,38.31,48.59,59.45,30.4
56.5,27.81,38.49,56,33.51,32.13,55.79,25.33,78.25,43.39,22.76,49.39,51.98,43.7,55.89,52.1,39.1
67.62,38.17,48.09,62.74,52.11,33.29,66.95,33.53,156.29,48.12,36.36,64.92,67.67,43.35,58.23,103.18,53.57
82.04,43.22,55.73,61.68,56.95,34.14,69.62,31.33,120.24,49.8,45.6,78.98,75.93,48.72,58.56,66.8,48.11
81.33,33,55.29,67.28,46.55,30.36,72.78,31.93,125.33,47.06,38.36,73.6,75.2,51.51,58.42,83.26,55.68
70.72,34.77,59.71,67.02,43.18,29.04,66.58,31.81,86.58,55.58,34.54,62.54,92.58,50.25,67.17,77.34,55.56
78.89,41.44,81.43,83.21,59.77,36.25,68.99,40.74,97.26,49.72,59.83,77.32,85.74,58.83,74.7,94.01,59.74
89,50.86,75.74,93.51,61.01,41.08,77.31530735,47.86,85.35,57.61,82.04,79.29,94.39,64.84,86.12,100.37,69.45
87.09,36.37,80.85,95.8,63.1,41.6,99.48,48.29,97.8,55.29,76.84,73.79,92.39,61.97,90.97,95.41,65.75
49.84,25.47,54.48,61.66,38.67,30.37,64,27.88,59.76,40.28,51.42,42.41,71.63,37.53,56.31,79.21,63.29
38.01,38.26,53.57,65.33,38.42,28.81,61.7,29.3,76.52,43.52,28.07,52.56,62.66,44.23,46.96,59.58,73.72
30.62,16.24,47.8,50.35,25.52,27.77,41.31,19.56,56.5,26.05,20.41,42.18,38.21,33.76,43.34,48.96,38.98
29.27,11.71,23.58,34.61,16.4,24.96,29.08,15.47,72.61,13.63,17.12,30.53,34.74,22.9,26.87,55.26,27.76
31.45,17.7,32.26,29.72,24.88,25.71,29.8,20.93,36.64,27.31,14.45,43.51,39.75,26.87,25.93,35.58,37.74
33.61,26.64,32.58,48.26,28.2,25.26,35.02,18.56,31.2,23.44,18.12,34.49,47.87,32.03,35.77,43.79,42.27
35.28,23.72,25.52,28.86,19.73,27.45,30.48,13.88,38.8,26.47,12.54,26.43,38.66,24.41,24.15,37.2,28.18
30.82,25.40130764,23.34,27.38,20.01,25.12,31.89,10.55,42.22,21.51,16,34.12,38.45,23.08,27.51,35.7,34.34
32.61,26.60622445,26.86,28.74,24.45,31.82,29.17,10.88,108.73,28.3,17.94,26.18,53.34,21.87,27.47,41.5,44.05
24.27,27.81114127,26.73,25.1,25.31,24.82,24.97,16.82,59.36,11.1,14.77,24.58,45.17,17.51,24.11,30.06,33.88
36.13,29.01605809,40.39,45.65,39.22,27.28,52.7,1.94,12.5,25.04712591,15.96,40.68,61.92,30.3,38.49,56.39,46.52
37.48,30.2209749,42.72,46.56,49.72,25.39,42.08,7.694783579,64.08,33.09951845,20.12,38.5,76.46,34.29,42.78,52.45,51.06
45.91,31.42589172,44.43,58.7,50.05,23.3197986,67.2,8.607789411,66.69,42.15,28.48,52.11,82.26,44.96,55.37,69.1,63.73
39.07,32.63080854,45.23,57.46918995,50.24,21.32083534,52.84,9.520795243,37.35,47.13,21.75,46.69,86.86,41.44,47.61,58.38,56.33
50.32,33.83572535,56.15,58.22636568,64.89,19.32187209,69.62,10.43380107,56.23,51.36,34.38,62.48,103.96,57.84,60.82,75.56,66.09
48.12,35.04064217,50.82,58.98354141,52.12,17.32290884,67.48,11.34680691,58.72,46.48,32.34,63.04,95.2,53.1,55.78,71.44,49.18
42.13,36.24555899,48.5,59.74071714,46.72,15.32394559,69.76,12.25981274,61.25,73.67,125.44,62.28,76.09,47.39,57.56,58.79,44.39
45.67,37.4504758,57.43,60.49789287,49.07,13.32498234,70.4,13.17281857,56.03,43.68,56.05,58.89,84.76,52.67,56.95,78.55,49.39
51.4,38.65539262,52.6,61.2550686,53.79,11.6,71.82,14.0858244,82.8,76.82,49.49,66.98,99.52,56.32,58.63,91.19,57.44
40.25,39.86030944,51.01,62.01224434,43.08,7.17,61.89,14.99883023,72.84,63.89,47.52,61.85,94.23,48.48,51,64.81,50.99
55.13,41.06522625,44.25,62.76942007,44.81,5.78,60.22,15.91183607,63.17,83.7,26.75,61.53,107.86,50.08,53.07,65.92,49.52
40.11,45.79,51.59,64.01,48.37,9.3,65.18,16.8248419,63.3,53.11,39.27,69.14,107.83,52.49,55.33,72.01,46.37
50.87,43.43,44.86,62.97,47.03,10.34,67.64,17.73784773,82.07,65.99,48.31,69.5,111.96,52.8,56.14,78.68,47.82
46.04,36.98,35.42,57.75,41.84,20.73813975,67.86,18.65085356,59.81,74.95,48.62,52.62,92.12,46.66,52.63,73.07,49.35
38.74,32.04,34.95,55.16,41.35,30.03307338,60.25,19.56385939,51.95,43.1,35.91,49.88,95.77,46.64587947,48.18,81.74,44.68
52.01,34.66,40.17,53.16,39.33,42.12,57,20.37,56.8,46.19,32.87,47.06,90.72,46.17,47.06,74.52,49.32
48.59,27.1,41.93,46.84,32.71,28.11,42.98,17.53,77.25,31.11,26.49,36.23,86.85,34.67,42.29,51.52,38.81
68.66,38.86,18.45,54.62,40.74,39.72,60.43,28.43,84.26,44.6,35.7,56.35,95.88,47.7,50.03,67.26,51.07
73.78,52.32,37.66,62.54,45.66,43,54.88,34.06,137.72,44.87,54.01,73.96,103.52,60.44,60.48,88.55,61.64
72,43.4388383,31.26,70.34,53.14,49.76,90.72,40.91,133.4104112,54.95,69.66,74.22,105.99,45,61.92,84.4,64.58
65.58,44.53,40.64,74.24,56.94,53.98,73.94,38.99,160.96,68.22,67.76,68.36,104.03,54.69,66.1,73.3,65.27
53.65,35.97,44.24,73.44,47.9,52.74,54.03,40.37,141.1,53.37,67.16,56.52,95.35,51.2,63.5,65.18,50.87
60.78,47.56,39.37,72.1,41.81,48.49,73.8,40.96,124.68,52.3,49.17,62.15,73.94,56.82,63.62,73.83,41.73
59.5,39.59,39.9,61.55,41.68,47.11,68.9,30.56,155.59,49.82,49.69,57.55,69.9,45.99,55.22,70.51,40.84
50.5,28.17,37.78,53.8,32.26,38.41,58.76,26.91,114.14,42.99,42.27,42.64,59.39,41.58,44.04,61.4,34.29
65.89,36.45,37.34,67.41,43.01,42.21,63.95,30.77,79.23,39.09,47.75,57.73,76.63,46.5,60.71,61.59,43.03
60.32,33.73,30.97,55.8,41.73,37.11,57.75,24.95,88.03,37.24,55.09,55.33,79.96,38.49,49.49,55.21,41.46
48.63,31.69,28.22,46.76,31.39,34.76,45.44,18.21,126.57,28.15,48.52,29.93,72.98,35.01,44.05,43.61,51.08
42.73,24.07,33.47,43.97,30.63,24.4,36.97,13.76,32.82,29.76,18.64,33.45,61.75,27.49,38.29,43.97,36.62
42.32,20.59,37.3,57.9,32.86,41.75,36.9,22.04,61.78,27.98,18.3,40.94,68.43,38.18,49.68,58.78,38.08
47.6,26.54,31.77,64.73,33.1,35.13,46.67,20.98,78.55,36.83,23.93,54.35,43.95,39.69,61.95,52.68,59.6
45.67,27.5,27.95,42.74,27.38,24.98,40.26,16.59,56.83,31.11,17.37,46.89300392,37.44,30.96,32.98,39.29,20.39
44.52,20.72,25.06,46.03,24.04,29.67,31.14,17.01,48.07,23.5,20.37,46.78350715,41.03,28.94,32.15,34.15,41.27
36.11,19.5,32.14,51.61,22.74,28.78,28.96,14.59,48.6,18.85,18.97,46.67401039,35.5,28.23,33.67,35.42,35.34
39.32,18.15,30.09,35.31,17.99,22.55,30.96,9.53,88.17,23.46,21.5,46.56451362,36.96,23.42,33.55,30.43,28.69
54.79,32.84,32.77,71.46,21.54,34.29,52.75,22.52,115,35.25,24.14646114,46.45501686,43.55,44.2,63.57,48.52,39.72
62.08,37.38,37.18,67.52,33.02,35.34,58.86,27.4,100.71,44.13,27.82,46.34552009,52,44.66,58.39,65.7,53.78
50.59,28.16,28.82,59.26,27.08,37.06,53.18,22.2,73.83,35.96,24.55,46.23602333,40.45,42.6,58.54,54.73,34.39
50.5,24.37,26.41,56.56,26.08,47.2,52.76,18.26,84.6439446,72.29,28.7,46.12652657,40.99,37.63,66.44,51.44,37.14
48.32,27.27,29.66,51.55,22.7,31.86,53.02,17.19,85.12478974,35.85,32.51,46.0170298,36.6,35.23,50.62,44.7,34.76
69.82,36.95,35.54,66,27.37,42.82,66.19,27.81,85.60563488,50.06,31.1,45.90753304,49.43,52.81,57.8,57.64,38.43
86.89,54.37,46.87,100.78,54.76,67.23,90.8,48.74,86.08648003,49.36660651,83.67,45.79803627,84.76,69.04,91.04,92.83,65.49
72.94,37.65,43.15,89.04,57.25,55.48,66.75,31.21,86.56732517,50.18618483,75.61,45.68853951,83.9,52.4,77.23,78.45,60.03
76.5,40.51,53.2,96.09,54.75,59.77,67.16,35.98,87.04817031,51.00576314,89.46,45.57904274,96.66,52.4,87.32,93.22,65.19
53.52,30.98,31.49,53.26,29.61,28.27,39.14,19.95,87.52901546,51.82534146,43.4,45.46954598,56.36,37.73,39.52,46.83,38.49
48.43,25.78,31.17,40.14,25,25.13,43.54,17.13,88.0098606,52.64491977,41.56,45.36004921,45.64,30.37,34.33,39.78,38.16
48.89,24.23,40.24,37.27,18.08,24.34,35.68,16.89,88.49070575,53.46449809,27.27,45.25055245,44.59,34.93,32.35,36.08,34.75
42.55,24.14,20,43.58,21.88,23.53,33.08,18.04,88.97155089,54.28407641,15.64,45.14105568,41.34,31.04,32.1,35.23,34.1
47.97,26.85,27.34,41.88,25.51,20.37,35.74,20.96,89.45239603,55.10365472,15.52,45.03155892,43.55,29.71,30.45,36.45,27.16
53.17,29.05,40.59,60.1,33.73,29.75,49.06,24.13,89.93324118,55.92323304,15.53,44.92206216,56.46,34.08,50.24,68.88,45
54.37,28.4,34.12,56.52,29.75,28.59,45.54,25.55,90.41408632,56.74281136,14.07,44.81256539,47.95,35.39,42.74,49.89,36.36
43.53,21.93,31.43,45.51,19.26,33.75,32.18,23,102.25,57.56238967,11.74,55.57,34.15,31.84,36.24,22.32,27.66
52.34,25.67,21.8,30.8,13.21,14.74,32.44,10.69,51.99,58.38196799,10.96,29.82,35.04,22.95,21.31,33.49,26.63
43.9,24.09,22.52,37.95,20.58,22.78,34.54,13.84,101.31,59.2015463,18.45,35.22,58.87,28.71,30.97,33.29,35.04
49.25,25.32,21.37,44.47,28.03,25.86,39.73,14.27,120.75,60.02112462,17.22,37.33,77.67,32.57,35.21,69.93,38.14
41.82,19.55,17.96,37.2,28.21,16.43,27.98,14.18,74.86,60.84070294,15.31,31.89,62.39,27.69,27.5,45.04,32.82
35.32,19.32,21.42,28.7,14.6,15.8,26.4,10.17,137.78,61.66028125,9.78,25.54,38.76,22.83,21.91,31.3,27.71
59,33.03,28.27,54.01,45.25,34.01,47.46,23.5,236.23,62.47985957,28.23,42.8,77.83,40.98,41.73,66.6,49.78
86.23,55,45.79,87.81,74.83,64.28,79.89,51.91,294.25,63.29943789,102.48,74.37,137.41,77.3,58.91775167,104.53,87.19
95.97,60.75,45,90.99,66.22,57.82,86.8,45.57,184.14,64.1190162,69.44463083,75.12,119.12,75.48,84.6,84.6,78.12
96.6,61.43,41.66,85.2,56.84,56.22,85.06,48.66,170.37,64.93859452,59.51113875,82.51,108.17,75.07,76.86,85.16,67.99
82.2,37.99,62.6,69.4,44.39,46.4,66.69,34.28,166.07,65.75817283,53.4,67.92,88,53.94,63.61,80.71,59.04
66.24,31.26,36.95,59.35,33.23,54.48,50.72,36.6,68.4,66.57775115,28.77,61.16,60.49,46.69,56.82,55.65,37.05
43.81,20.62,19.65,42.33,29.5755154,36.38,35.03,28.84025965,403.49,67.39732947,13.45,38.43,35.29,32.12,30.77,38.19,38.52119125
39.37,19.6,33.33,37.01,23.67,19.26,37.74,23.24334046,102.09,68.21690778,13.8,44.25,40.04,23.72,30.05,35.8,34.42
32.33,15.56,25.23,32.31,16.93,15.85,26.99,11.03,126.75,69.0364861,11.92,24.73,38.11,16.94,27.82,31.13,23.66
43.8,22.36,50.33,54.46,23.98,12.72,41.53,17.77,125.3,69.85606442,18.36,39.81,55.09,28.88,44.7,46.52,59.55
58.05,33.73,52.11,71.67,37.85,13.54,51.67,30,272.05,70.67564273,24.31,67.26,63.44,43.52,63.31,57.56,54.20397199
70.42,33.86,45.44,81.39,37.13,11.96,69.25,34.52,263.88,71.49522105,25.7,65.99,67.32,57.01,75.12,62.71,56.29168374
65.33,31.68,58.37,66.46,36.01,11.18,71.85,35.8,156.36,72.31479937,22.86,78.1,65.72,56.26,106.84,76.71,58.37939548
60.07,24.86,50.56,74.55,37.22,11.94,53.18,26.4,201.74,73.13437768,20.89215388,50.86,52.92,43.86,83.3,58.48,60.46710723
57.63,30.51,49.37,64.54,19.8,11.23,48.87,23.49,241.32,73.953956,19.03849661,50.15,33.32,38.13,62.04,57.41,62.55481898
52.07,23.94,38.69,54.85,18.43,11.94,33,21.25,61,74.77353431,17.55,41.21,36.32,39.92,55.52,46.09,64.64253073
45.33,15.14,23.04,32.01,17.78,13.18,26.07,13.86,179.07,75.59311263,13.63,30.35,46.72,30.02,27.23,30.42,66.73024247
48.01,23.46,32.57,46.35,23.27,12.61,36.28,18.16,239.87,76.41269095,13.12,47.09,42.8,34.25,40.58,44.58,68.81795422
65.89,39.96,51.32,86.15,54.68,11.89,61.66,38.59,160.59,77.23226926,14.98,84.28,79.62,51.97,73.75,77.24,70.90566597
83.47,41.23,63.68,104.52,81.13,12.03,71.08,37.09,101.56,78.05184758,15.1,65.85,68.36,53.75,111.84,85.76,72.99337771
89.61,41.33,76.82048597,97.67,58.57,11.28,66.98,45.99,231.89,78.8714259,15.15,63.97,3.13,57.23,89.04,82.01,75.08108946
89.45,44.48,107.15,98.99,62.04,11.72,67.58,54.82,103.8,79.69100421,15.8,72.2,3.66,60.6,94.69,87.4,77.16880121
88.44,47.84,56.27,91.28,58.1,12.2,70.65,46.61,94.5,80.51058253,15.03,58.56,3.87,53.31,90.4,84.65,79.25651296
79.45,36.76,53.77,91.41,56.77,11.74,58.51,48.64,66.61,81.33016084,14.72,76.61,54.99,55.48,84.8,90.89,81.3442247
71.09,30.45,56.66,82.31,47.9,30.63,57.83,32.86,99.32,82.14973916,14.97,54.29,88.76,45.72,77.91,74.08,83
65.52,36.67,48.03,65.42,28.79,54.31,52.92,32.07,73.9,82.96931748,15.51,55.95,43.6,49.32,64.04,63.21,86.51395883
52.97,24.96,31.24,59.77,23.36,27.25,40.89,30.07,64.88,83.78889579,15.13,52.5,31.95,42.1,50.07,55.11,89.59598121
56.07,27.18,55.98,73.07,35.87,34.48,43,34.24,138.06,84.60847411,15.39,53.4,46.32,49.79,56.28,78.32,92.6780036
53.39,25.8,59.7,89.92,60.13,72.23,43.88,39.68,68.52,85.42805243,20.96,60.37,92.09,54.09,76.91,70.03,95.76002598
88.22,55.28,88.5,113.24,65.95,66.33,74.22,60.95,88.67,86.24763074,28.95,85.42,112.05,72.84,88.91,94.77,98.84204836
94.75,78,95.63,133.05,80.02,91.49,100.45,57.11,216.23,87.06720906,70.93,111.09,132.76,84.5,131.1,114.53,101.9240707
128.21,78,122.36,187.2,140.78,132.33,132.33,85.78,211.33,87.88678737,170.46,111.79,192.39,104.67,178.01,166.42,105.0060931
126.33,78,129.42,180.41,148.81,137.36,115.97,92.67,147.91,88.70636569,12.33,128.24,187.38,118.86,179.75,168.65,108.0881155
135.05,91.47,120.61,167.38,118.85,127.81,134.15,80.12,147.4,89.52594401,56.85,118.78,157.74,101.53,174.82,180.33,111.1701379
144.69,95.89,148.13,182.54,146.88,146.01,144.85,103.91,248.51,90.34552232,186.8,139.49,193.75,131.96,207.31,188.19,114.2521603
105.38,63.68,103.31,110.55,85.51,79.48,108.6,65.9,182.62,91.16510064,102.17,101.85,110.73,88.07,108.66,109.16,117.3341827
87.11,49.59,87.32,131.34,71.79,85.91,95.32,59.43,217.03,91.98467896,86.1,96.3,104.35,77.66,113.9,115.54,120.416205
87.04,50.95,85.55,124.3,67.36,95.03,86.75,60.62,114,92.80425727,114.45,95.62,90.39,73.54,113.32,101.18,123.4982274
115.24,68.46,113.22,157.8,68.36208091,118.42,125.5,84.88,170.1694131,93.62383559,156.45,121.26,140.59,101.45,146.86,149.32,126.5802498
108.5,61.09,145.04,175.17,67.32592762,128.76,125.22,85.37,182.7097555,94.4434139,205.77,128.98,183.21,99.67,178.09,180.36,129.6622722
109.83,61.58,113.07,133.14,66.28977434,104.37,97.92,74.65,195.2500979,95.26299222,102.37,104.68,109.73,74.11,109.47,114.64,132.7442946
62.98,30.53,73.01,82.39,65.25362105,64.65,57.42,45.34,207.7904403,96.08257054,60.43,60.75,51.34,74.67713812,70.73,56.47,135.8263169
56.68,29.89,18.01,82.92,52.75,63.65,56.54,45.33,220.3307826,96.90214885,54.11,53.29,48.52,49.26,75.35,91.89,138.9083393
98.66,58.09,77.56,150.41,98.28,114.3,129.93,77.5,259,97.72172717,126.99,92.26,130.86,84.01,139.54,142.45,141.9903617
98.31,53.9,122.24,140.34,115.1,115.34,122.3589451,75.38,219.1223541,98.54130549,160.63,94.43,144.65,89.62,147.35,151.39,145.0723841
124.68,75.88,105.78,151.41,118.25,135.92,132.6076666,88.17,205.3735832,99.3608838,173.82,95.42,192.36,93.18403351,139.88,152.34,148.1544065
118.07,73.53,125.19,156.41,122.15,135.48,149.48,83,191.11,100.1804621,194.4,93.27,156.43,90.7,137.28,166.81,151.2364289
138.93,95.35,129.15,159.49,125.63,140.84,140.4,98.32,156.39,101.0000404,175.2,110.75,158.77,110.48,141.69,172.47,154.3184512
145.86,93.19,131.53,178.62,141.28,163.89,147.94,91.31,152.29,101.8196188,193.35,120.17,185.41,124.66,164.63,176.8,157.4004736
158.34,97.85,171.31,217.06,176.17,184.68,175.59,118.16,271.9,102.6391971,252.51,159.64,241.13,154.91,212.4,215.13,160.482496
164.98,110.23,186.65,217.43,193.14,212.65,170.45,117.97,279.81,103.4587754,266.6,179.28,252.98,130.44,179.8,206.93,163.5645184
161.62,89.39,152.63,179.99,148.18,165.28,163.03,90.62,169.44,104.2783537,214.06,122.87,204.69,121.88,163.57,212.42,169.64
176.02,97.18,154.01,151.07,129.45,160.36,147.65,83.53,159,105.097932,206.76,97.8,190.75,134.99,166.09,183.01,168
166.72,99.04,198.19,182.48,129.71,149.01,160.1113746,83.95,195.75,105.9175103,179.51,104.63,203.39,152.8,144.71,209.56,152.75
109.98,82.48,110.48,127.08,63.12,86.74,164.3612359,38.95,114.71,106.7370886,92.93,79.44,118.12,85.06,103.03,116.38,103.76
117.21,92.92,123.93,129.33,85.89,101.5,168.6110971,38.57,129.85,107.556667,98.36,90.36,148.08,90.57,109.73,132.84,118.48
156.01,102.26,154.56,170.2,113.88,145.55,172.8609584,117.73,243.91,108.3762453,186.21,127.7,172.34,135.9,148.53,170.9,145.8
141.21,94.44,150.01,189.94,139.31,158.67,177.1108197,100.7,182.81,109.1958236,206.02,139.43,210.34,129.35,178.25,193.37,152.42
153.51,94.69,149.89,173.76,164.64,160.41,190.27,113.4,152.88,110.0154019,199.74,133.69,212.42,125.03,154.14,189.21,164.39
161.12,104.06,159.16,182.8,150.1834328,182.06,165.32,88.8,179.37,110.8349802,227.15,141.13,217.64,130.56,155.04,195.25,159.65
161.13,100.28,159.02,177.17,140.72,169.38,183.49,106.7,173.24,111.6545585,228.51,132.12,201.53,127.15,159.59,200.74,165.88
200.23,119.59,162.48,187.29,149.85,187.13,185.58,114.04,203.13,112.4741369,239.62,145.99,220.68,136.96,159.25,200.81,171.54
178.91,119.81,205.39,187.15,156.27,166.06,162.21,104.43,203.56,113.2937152,218.93,136.14,238.9,136.26,167.93,195.69,171.87
165.08,120.81,201.48,202.69,159.23,155.4,176.93,129.99,219.97,114.1132935,231.61,158.02,243.73,147.02,170.05,217.58,184.29
162.52,103.95,174.62,189.6,149.78,185.88,166.39,112.66,183.36,114.9328718,249.06,136.57,234.08,134.79,189.25,219.48,182.09
93.94,71.69,111.11,122.72,74.3,114,119.9,82.53,159.98,115.7524501,121.45,125.39,110.27,97.14,107.13,124.2,114.83
46.02,57.26,69.62,82.74,42.34,57.5,76.97,51.71,128.21,116.5720284,50.39,115.3896921,73.5,60.2,65.7,72.56,57.18
91.08,52.96,75.16,107.78,86.63,88.11,73.32,46.36,163.1,117.3916068,71.93,121.86,146.85,73.06,86.33,106.18,85.03
94.13,72.71,97.5,128.94,93.71,89.17,97.49,53.46,120.66,118.2111851,106.49,79.94,153.92,72.35,113.39,138.57,115.76
57.37,47.85,54.02,64.28,28.19,40,47.24,28.99,63.01,119.0307634,69.11,50.81,60,43.92,54.14,73.37,43.54
55.85,54.9,56.67,70.38,38.07,49.86,59.66,52.92,66.77,119.8503417,56.34,57.65,70.72,47.02,47.6,66.22,51.16
52.69,45.47,56.62,84.74,59.88,66.06,51.34,47.94,94.61,120.66992,74.75,67.33,95.38,51.82,74.57,72.93,53.46
116.29,89.28,94.21,205.67,99.71,102.68,100.86,85.63,130.71,120.28,122.62,111.82,153.72,95.48,116.9,157.69,92.90933399
122.73,87.65,157.19,185.37,116.12,134.92,126.56,72.9,168.49,118.95,226.96,101.76,172.95,104.84,149.8,176.64,129.99
127.3,85.72,132.83,168.27,130.09,141.49,133.52,73.76,160.04,155.13,169.08,106.13,216.1,99.82,155.34,165.38,140.99
116.63,89.01,131.54,169.58,126.64,149.31,120.34,84.88,167.91,146.36,159.1,111.88,202.4,101.7,160.8,166.58,134.72
120.73,94.41,141.43,179.21,122.01,150.22,110.96,89.02,166.93,165.95,107.5,100.45,167.7,114.35,180.97,182.66,139.49
119.5,91.31,115.24,162.78,98.94,142.54,116.09,78.78,135.84,117.25,99.71,109.66,157.26,105.44,178.6,160.51,150.32
148.39,119.32,148.38,190.06,129.52,161.11,111.6652352,109.87,155.3,137.31,117.54,132.26,187.59,131.74,168.92,206.05,160.06
123.85,92.78,81.53,114.19,95.41,101.15,109.0383597,69.65,103.16,97.95,114.71,87.62,160.08,96.41,109.53,117.16,110.64
63.07,66.29,77.88,86.23,50.33,76.64,106.4114842,78.6,75.91,70.05,52.71,69.87,81.88,63.18,72.63,99.83,70.58
51.37,62.86,88.65,134.01,74.23,101.17,99.66,49.82,123.12,77.61,74.74,99.32,112.58,75.54,92.33,111.58,95.38
82.06,70.68,109.66,141.57,87.15,108.19,108.12,59.78,177.05,108.16,53.32,126.6,122.2,90.48,122.09,139.66,98.32
51.12,60.55,100.54,148.76,68.41,89.18,87.66,57.06,148.94,97.64,45.08,95.47,88.27,112.0620525,143.9,151.43,79.77
145.87,98.34,121.91,172.67,126.28,129.31,125.73,72.86,143.89,119.66,148.96,113.69,182.75,127.4380818,144.56,180.82,139.66
174.59,127.14,182.81,234.35,152.73,179.57,178.16,118.68,195.2,146.74,252.19,147.14,230.46,157.05,194.01,227.32,174.63
168.38,129.74,181.41,220.45,155.96,201.75,166.95,133.56,191.85,153.24,250.17,151.7,236.97,158.87,190.85,214.36,190.51
174.26,128.27,177.49,208.74,143.71,172.2,176.57,120.88,196.26,159.4,234.57,147.24,213.44,142.81,173.05,215.06,172.81
154.75,118.54,174.41,205.43,156.35,177.79,159.02,118.11,171.47,163.98,250.97,127.19,222.3963766,137.11,169.36,200.34,166.62
156.73,114.5745645,156.06,189.91,153.83,161.49,173.16,106.13,180.48,140.15,227.68,136.2825499,227.3959028,137.26,145.65,207.67,165.57
137.08,114.18,164.2,188.72,153.9,165.57,152.22,122.8,207.01,140.87,227.56,136.48,232.395429,126.49,168.03,205.32,162.08
97.93,94.12,140.76,183.85,132.24,158.72,137.51,141.36,191.54,143.33,219.36,128.69,237.3949552,113.93,173.98,184.58,168.11
75.8,86.55,120.26,169.21,130.38,128.68,132.05,41.23,220.48,110.55,157.67,109.07,242.3944813,91.86,188,160.11,146.87
82.78,128.65,170.87,215.96,142.4,177.22,173.18,131.45,245.82,162.6,252.57,178.86,247.3940075,140.69,184.16,199.64,164.43
95.87,134.61,206.35,248.93,182.69,203.8,183.01,143.82,288.25,166.58,299.95,221.47,248.49,167.77,221.91,236.11,198.03
178.27,160.14,219.14,255.64,182.7,204.09,219.69,143.12,285.08,155.71,305.86,178.42,281.12,164.32,207.13,237.42,208.43
180.07,127.73,199.17,248.21,185.81,195.35,195.42,126.97,278.35,181.57,301.01,212.54,289.41,165.87,205.56,248.53,208.91
169.18,125.53,184.07,207.89,151.43,180.21,181.56,113.64,230.08,156.39,239.15,140.44,231.01,146.4,182.99,232.91,184.97
167.25,128.28,173.82,213.32,147.46,192.19,173.38,130.93,215.86,188.47,264.81,172.4,236.01,161.54,173.45,212.67,189.22
183.28,127.44,198.02,227.85,173.24,190.3,194.79,143.83,271.06,181.51,272.96,209.57,271.96,173.58,198.33,236.94,195.32
175.03,128.13,186.05,244.13,178.95,203.68,180.24,134.8,223.99,216.13,302.5,228.39,271.14,167.22,218.35,215.97,195.91
180.36,109.8,217.05,233.29,143.33,188.07,165.01,125.76,300.84,173.23,232.79,180.43,230.47,151.69,223.87,215.05,183.89
124.05,81.67,150.14,139.32,93.52,132.98,121.78,91.44,209.5,114.44,156.86,138.35,150.71,100.44,195.77,145.85,111
118.84,85,130.67,144.59,89.63,113.75,107.65,71.63,190.81,104.3,167.38,125.83,141.33,100.83,123.96,144.35,153.918047
157.69,108.7,167.56,202.54,142.78,158.69,151.33,116.88,230.6,136.2,229.59,162.41,237.55,148.71,166.7,222.2,172.1836881
154.32,107.3,200.73,231.29,151.21,174.96,174.02,129.62,296.29,157.63,257.61,222.15,250.68,162.84,174.68,240.34,197.48
174.44,127.22,166.51,220.38,158.04,109.45,189.89,129.01,248.45,147.51,254.26,175.36,247.27,158.1,178.13,200.42,199.94
152.42,97.89,132.82,153.13,101.33,65.77,133.07,74.89,169.01,99.1,149.52,105.66,140.29,100.34,142.66,146.24,174
150.71,127.27,180.28,170.92,124.62,146.52,159.59,110.47,168.44,125.97,183.12,142.25,182.71,143.48,150.71,195.2,170.7632479
161.17,112.87,164.26,172.46,116.56,158.2,157.4589082,120.76,176.98,116.36,196.84,148.28,186.87,140.21,161.39,200.13,159.47
125.86,101.32,143.16,154.06,111.27,134.8,158.368975,89.27,145.78,192.53,196.22,104.86,188.43,114.21,159.62,158.43,167.5419361
125.37,93.65,160.92,162.62,120.21,142.56,159.2790417,96.67,184.1111477,128.85,181.4,173.96,181.58,117.6,148.4,169.88,171.1124176
139.6,84.91,181.5,173.7,123.23,155.19,160.1891085,102.94,215.63,133.78,199.95,165.79,183.14,124.45,174.68,188.2,176
141.2,112.78,173.29,189.17,154.63,177.02,161.0991753,110.71,204.55,140.91,230.66,172.59,243.13,136.75,207.22,184.88,180.46
168.27,122.82,210.9,226.38,151.99,176.14,162.0092421,140.54,205.87,147.69,244.42,198.02,248.23,165.9,216.68,209.27,173.98
134.73,99.13,135.06,156.23,119.26,132.95,162.9193089,127.16,171.42,116.81,157.61,137.28,181.57,113.25,131.72,148.43,112.49
178.64,122.77,160.86,182.44,140.44,152.86,163.8293757,164.36,210.62,162.93,176.13,162.97,233.65,151.46,168.23,197.45,142.99
126.93,87.27,76.46,150.17,73.8,106.84,164.7394425,118.96,153.46,96.17,90.09,122.97,122.93,112.76,140.28,141.9,101.47
71.5,57.67,99.12756869,77.13,60.15,68.64,165.6495093,41.45,86.47,58,88.6,50.61,75.28,50.74,71.01,78.72,65.14
110.24,39.55,81.56,111.23,72.19,81.66,166.5595761,92.34,126.73,64.74,85.15,69.1,87.94,55.39,113.13,108.49,65.42
145.07,115.87,169.88,218.66,105.82,135.86,167.4696429,111.72,199.09,120.83,131.69,145.77,171.1,130.11,136.82,186.48,130.83
148.73,98.61,125.51,170.58,97.1,117.76,168.3797097,103.24,176.36,101.26,162.73,166.85,140.08,107.28,130.2,148.06,127.67
156.53,123.46,151.4,192.33,114.1294381,151.74,169.2897765,117.05,214.04,123.32,173.7,175.12,49.21,141.64,160.84,205.61,150.84
181.67,118.44,172.88,211.72,132.65,159.36,170.1998433,132.25,227.32,126.59,181.84,149.93,230.27,146.39,165.33,196.23,171.61
159.9,115.22,142.53,190.71,125.89,154.68,171.1099101,107.88,181.88,128.04,197.99,138.12,194.16,123.91,141.87,181.04,146.68
144.02,93.15,116.0277667,157.01,119.21,138.97,172.0199769,84.72,166.33,155.73,178.15,105.94,173.87,107.53,139.33,174.34,133.98
141.91,99.04,56.03,158.24,134.03,139.77,172.9300437,99.24,167.05,121.1380316,170.86,150.67,183.45,119.39,137.14,163.27,132.83
161.21,102.52,163.74,183.24,138.35,159.17,173.8401105,99.58,203.03,78.72,221.12,147.27,195.4,124.83,160.31,177.7990945,151.8
174.1,103.55,196.27,197.28,149.04,154.88,174.7501772,118.41,233.38,145.32,225.01,187.5,215.47,135.98,176.06,211.11,189.22
141.43,82.08,99.13,142.14,88.24,139.31,175.660244,83.55,211.6,144.31,129.79,141.49,119.62,87.32,145.93,137.19,76.36
103.13,55.51,122.74,131.91,108.87,100.98,176.5703108,68.11,153.93,60.9,111.9,98.55,131.77,77.1,116.76,103.42,73.13
89.71,68.63,103.5,115.85,84.2,88.81,177.4803776,57.7,170.18,72.82,120.97,101.46,108.06,77.89,103.1,108.38,91.7
397.71,627.93,511.45,642.07,543.83,482.87,178.3904444,470.93,639.76,514.1,525.3,631.08,471.63,624.48,498.12,566.28,645.27
424.88,279.43,335.61,417.64,334.41,365.28,179.3005112,297.02,357.79,301.81,490.21,310.16,496.57,347.47,291.93,425.2,411.72
332.78,232.1,276.84,329.66,274.2,280.99,180.210578,235.4,350.72,234.24,404.74,282.35,391.28,278.36,251.59,365.02,314.28
292.73,193.27,256.67,274.64,221.07,241.83,181.1206448,194.4,281.7,189.15,345.8,234.7,337.68,233.4,207.27,301.5,251.86
201.15,148.54,186.99,250.19,209.61,200.33,182.0307116,143.86,302.19,189.48,265.93,189.33,262.44,179.97,184.1,240.48,214.03
176.61,123.43,175.25,182.83,143.18,164.06,182.9407784,70.7,279.02,136.62,222.19,133.48,192.45,135.74,147.63,200.54,165.75
150.93,106.89,151.87,175.7,143.99,167.04,183.8508452,51.04,191.42,149.97,208.05,157.04,202.78,121.24,156.25,172.28,139.81
164.38,92.52,186.53,196.21,145.0301108,161.18,184.760912,36.13,213.35,159.43,240.14,137.16,245.07,126.35,222.38,209.99,159.68
180.32,102.56,196.84,204.59,147.06,162.55,185.6709788,30.56,239.7,138.38,227.85,158.27,212.08,121.84,235.13,233.64,174.02
169.01,99.7,191.1,192.33,123.13,169.37,186.5810456,26.97,268.41,125.41,218.82,135.4,188.59,120.88,208.02,207.85,148.28
198.87,134.88,219.27,210.17,141.36,173.98,191.86,36.48,325.93,145.14,202.33,177.12,212.28,148.43,162.24,209.5,166.84
152.25,84.91,228.77,200.54,116.42,141.08,136.88,32.85,294.35,147.73,218.51,166.22,187.72,128.39,146.55,211.94,104.82
269.07,200.21,317.84,279.5,200.6,206.32,264.02,64.29,339.05,216.33,413.37,237.26,282.46,225.17,199.11,312.12,320.96
311.9,219.8,272.39,324.29,276.93,274.93,297.21,121.55,301.76,229.8,356.44,256.33,396.22,263.9,239.16,352.76,318.76
264.78,178.92,241.75,272.37,246.22,240.22,231.72,179.78,255.563653,196.38,285.89,215.1,324.27,228.22,199.28,243.4594302,261.34
191.91,126.11,169.18,189.59,147.34,159.24,142.6,122.41,220.8,117.54,201.96,174.35,193.43,154.29,126.3,193.1222811,158.57
124.89,74.69,104.64,108,97.75,96.55,98.12,66.64,160.44,74.14,124.47,111.54,131.52,90.79,86.95,93.45,98.71
125.23,88.23,102.76,141.54,107.69,111.66,114.96,82.67,181.43,86.83,141.04,111.08,137.52,101.62,111.52,121.67,115.23
199.8,110.6,179.34,216.65,149.41,154.43,181.19,111.27,200.55,113.75,212.5,173.14,194.23,140.01,176.85,193.77,174.09
157.44,117.92,152.85,180.03,159.53,155.74,175.05,91.86,161.36,121.25,198.45,188.14,185.84,130,126.4,181.56,170.46
159.62,105.88,159.54,175.62,136.12,148.91,162.19,85.36,185.75,134.44,176.36,167.8749852,168.77,117.6,164.92,160.79,144.97
164.9,125.39,171.54,200.65,154.54,168.33,159.41,94.54,265.86,165.48,204.72,166.1543099,193.64,133.78,174.63,172.84,166.86
115.68,72.82,132.65,171.3,115.02,133.33,110.46,77.87,164.25,127.38,134.3,164.4336345,152.83,94.45,125.41,149.77,118.53
112.13,63.07,127.68,124.97,73.44,88.71,97.92,54.65,144.63,85.43,100.45,162.7129592,90.04,70.13,79.94,107.24,79.71
82.53,52.44,145.05,109.11,81.77,75.43,83.05,42.14,183.63,51.31,73.48,160.9922838,103.39,67.43,105.49,74.7,65.6
92.56,62.26,104.54,124.39,71.14,98.52,89.66,51.78,202.17,84.51,65.1,159.2716085,82.37,75.07,115.97,96.28,90.93
37.5,75.11,149.6,158.46,102.3,137.66,114.67,67.46,228.75,125.09,84.98,157.5509331,106.68,100.03,156.53,158.27,109.42
37.5,93.66,167.75,186.28,144.93,156.13,131.86,73.13,287.46,124.91,169.85,155.8302578,176.88,104.93,273.93,166.54,137.12
64.81896825,95.07,148.53,149.42,101.74,120.81,127.28,78.34,205.01,127.56,113.5,154.1095824,139.6,100.65,105.12,127.48,120.18
85.97084531,92.06,163.14,223.8,139.28,144.17,181.8,97.43,226.59,139.91,188.17,158.58,170.13,136.57,194.42,198.45,171.95
107.1227224,110.14,163.8,190.8,124.65,144.45,133.6,97.14,210.94,119.6,190.96,131.16,148.37,112.52,116.44,110.52,104.58
128.2745994,90.69,139.39,188.54,123.18,131.49,145.69,75.66,219.53,103.24,153.98,128.15,154.45,133.62,147.94,137.59,134.45
149.4264765,118.24,213.95,233.68,135.87,183.13,187.24,113.5,291.07,149.34,184.44,179.55,175.21,150.47,175.84,175.19,161.43
170.5783535,180,277.1,282.53,218.98,215.31,236.03,159.06,338.96,209.05,279.52,214.16,284.14,208.59,223.91,273.5,239.95
191.7302306,141.4,182.64,242.82,177.44,215.65,201.27,137.67,282.08,202.21,274.09,206.49,229.72,173.87,187.62,218.36,187.41
212.8821077,55.44,210.17,204.78,147.36,165.32,208.4810696,91.39,244.22,163.55,197.15,75.34,199.18,69.64,157.14,156.81,136.22
247.16,177.46,189.5,244.45,174.05,182.49,209.39,77.73,250.37,183.83,257.3,118.97,240.26,162.29,173.38,192.11,193.37
200.53,105.48,206.26,220.63,169.83,175.06,213.2189747,101.86,204.96,195.98,235.67,130.36,220.01,157.59,154.1,190.49,170.38
194.73,155.86,236.44,244.12,191.35,208.38,216.1477696,91.33273377,306.45,212.1,263.5,193.79,227.54,177.69,178.24,198.75,191.27
133.8,129.9,235.13,257.19,178.34,185.36,219.0765645,84.09,281.69,172.97,258.94,143.27,215.09,158.44,207.01,230.61,202.21
200.98,115.09,226.56,198.41,153.95,159.12,222.0053595,78.47,205.43,128.94,199.45,112.14,180.26,114.76,180.47,194.1,182.43
159.62,114.32,245.83,249.11,168.79,161.24,224.9341544,108.08,247.21,180.82,213.54,144.54,207.12,134.58,175,205.63,168.14
130.5,124.71,238.36,220.41,166.98,176.36,227.8629493,101.38,222.74,208.53,232.23,143.03,202.52,151.8,228.32,195.35,181.13
174.67,143.77,233.31,220.11,142.2,163.56,251.47,122.23,283.69,179.59,229.29,167.53,176.45,170.6,158.15,180.01,147.37
161.4,142.9,227.2,230.18,182.71,199.11,201.84,133.79,241.39,157.48,221.91,174.32,221.42,184.85,163.83,181.83,172.33
144.41,123.59,211.08,215.01,175.59,178.42,180.21,121.43,209.46,210.16,283.66,168.16,226.92,151.99,156.61,180.31,183.89
145.14,125.15,202.86,275.35,190.13,179.69,191.41,121.71,230.88,190.37,204.37,155.15,226.59,145,156.96,181.91,187.57
131.17,130.56,228.65,236.73,181.97,171.44,219.81,109.96,249.56,185.63,268.66,153.62,215.04,157.56,162.27,195.73,181.62
109.55,93.99,164.86,145.81,126.75,123.87,144.9,79.69,182,121.6,180,105.06,162.28,113.57,103.81,123.78,107.65
110.49,115.52,203.96,201.01,167.24,167.18,161.84,89.28,249.01,165.94,189.16,141.76,189.31,134.22,139.48,185.89,184.54
92.35,115.84,217.57,212.72,145.34,151.15,211.67,91.2,225.62,174.21,166.56,169.02,194.22,126.12,158.72,181.98,178.04
105.04,169.48,254.87,270.77,198.98,185.75,249.76,138.61,254.48,169.46,212.01,171.02,233.92,177.55,175.34,196.66,194.9
180.26,157.2,220.65,231.27,136.94,175.34,213.85,105.62,251.31,155.89,170.17,164.24,153.61,152.7,151.01,156.23,166.29
230.45,161.73,243.52,263.26,142.93,182.5,231.8,126.42,255.77,148.81,179.6,195.3,167.33,188.5,141.69,171.16,152.05
217.64,169.32,207.94,191.69,132.55,164.96,161.14,117.83,196.05,128.2,163.32,243.76,145.77,163.58,124.29,138.71,135.94
101.49,108.33,129.64,117.94,83.94,88.67,113.09,75.06,152.18,118.56,115.95,112.95,105.8,111.55,67.94,94.11,99.72
173.8,113.75,134.81,134.39,101.51,99.33,141.68,87.87,160.5,152.72,107.7,141.65,122.41,126.29,80.58,113.29,119.02
201.34,151.07,175.95,212.13,162.16,148.86,181.42,134.2,207.24,154.99,172.33,193.55,189.81,171.29,110.72,164.7,177.18
215.44,151.35,285.65,214.44,139.28,181.6,198.77,111.03,205.47,130.96,184.58,170.83,159.21,163.54,119.47,158.77,161.62
228.61,160.65,141.07,236.76,177.62,185.86,193.04,107.85,249.48,145.16,175.97,170.42,205.26,156.28,129.4,187.81,180.97
257.73,166.51,239.29,232.56,160.34,97.26,272.81,143.36,280.32,166.43,187.94,189.37,210.21,196.34,136.2,177.32,183.64
132.29,105.04,134.85,122.3,118.96,102.95,145.26,85.69,161.64,116.43,113.89,134.22,113.55,104.83,78.11,106.2,100.14
129.45,103.65,154.38,122.57,92.8,109.05,227.75,87.43,159.91,122.46,70.29,122.87,111.19,108.64,62.87,97.76,91.5
104.91,98.29,113.12,120.55,102.68,92.51,184.07,78.99,182.73,122.05,70.25,126.91,120.35,103.9,86.47,95.28,97.24
122.05,109.17,143.1922903,146.45,97.81,106.4,310.32,95.58,169.07,136.79,168.81,156.6,134.09,126.4,69.68,116.35,115.73
118.51,115.21,157.923163,179.79,113.1,117.41,188.24,101.4,196.23,136.92,145.6641208,144.92,130.57,136.7,90.91,113.46,115.72
132.2,127.42,172.6540357,178.94,105.47,114.08,202.39,108.07,202.87,137.24,119.68,140.33,134.07,145.63,77.64,107.34,115.47
88.53,115.09,171.9,169.6,114.22,107.48,116.91,101.21,168.96,135.93,205.6170782,141.61,128.36,130.32,122.93,131.89,127.73
221.84,234.12,260.12,301.11,283.59,233.41,194.75,200.36,208.34,268.59,304.67,228.88,359.44,261.72,167.14,276.26,287.08
279.69,199.8,249.24,247.21,230.34,197.4,202.08,188.53,187.1138962,225.55,236.3881728,215.31,289.7,228.41,134.02,246.97,240.79
226.4,166.66,201.15,203.94,183.84,170.59,198.79,146.43,180.7417018,182.87,207.7128387,178.45,244.41,159,113.47,188.09,203.13
172.44,130.85,157.21,152.06,133.59,116.61,375.1,115.9,180,153.91,181.47,147.51,185.09,156.5728501,88.38,148.56,147.09
133.48,113.74,110.17,126.54,98.83,92.7,308.7075269,93.39,162.3322909,132.43,135.07,132.39,132.2,140.4146034,80.48,113.27,115.31
117.88,110.78,127.09,121.09,91.31,94.44,305.4309264,86.49,150.2950744,133.51,132.8449666,116.18,121.92,123.02,67.76,125.72,97.17
290.23,90.86,122.52,119.86,79.34,86.43,302.1543259,87.1,138.2578578,153.49,120.7398998,118.49,106.39,102.96,75.91,175.89,78.23
221.46,96.16,107.53,96.95,83.31,75.89,298.8777254,77.39,124.49,162.14,109.07,126.37,96.32,96.81,62.73,206.58,74.03
121.08,65.9,51.17,87.95,61.4,66.34,295.6011249,69.39,92.37,149.9317741,95.56154912,85.6,80.46,81.59,47.76,103.79,63.79
76.99,86.79509575,11.4,74.24,63.28,55,292.3245244,53.24,125.4,142.6971919,82.48826524,109.1239594,87.29,73.66,44.39,85.8,44.47
92.59,90.89,11.17,108.27,71.77,74.91,289.0479239,64.5,155.44,135.4626098,69.41498136,103.56,79.76,93.85,59.1,78.4,60.44
132.28,90.51,11.99,138.23,102.81,111.37,285.7713234,73.86,151.1,128.2280276,56.34169748,118.4,111.65,99.42,93.79,98.69,85.82
118.49,111.13,14.04,137.77,112.81,104.14,282.4947229,85.3,204.52,120.9934455,20.95,157.07,121.54,104.3,87.09,116.02,93.22
100.29,93.82,15.69,90.35,70.01,74.56,279.2181225,72.58,121.17,113.7588633,91.84,104.01,87.86,107.1936885,59.43,100.23,65.67
89.35,88.51,12.75,87,72.91,66.16,275.941522,58.28,136.36,106.5242812,91.9,93.01,92.25,111.1833383,60.17,81.8,71
121.42,92.52,105.21,112.41,87.28,80.66,272.6649215,73.89,165.1,99.28969902,97.6,101.94,113.4,114.02,72.47,106.23,86.3
93.3,106.41,41.14,102.21,76.7,79.97,269.388321,69.24,128.01,92.05511687,102.14,91.65,105.02,129.12,63.6,101.4,76.26
91.66,85.31,32.54,92.93,71.81,59.26,266.1117205,63.62,129.97,79.43,69.32,95.91,94.92,110.45,66.66,101.7,68.69
93.31,78.4,37.99,124.396568,83.43,74.52,262.83512,66.26,106.77,90.95,57.07,92.57,110.8,108.45,65.68,114.83,73.8
103.82,94.58,42,151.05,80.76,81.06,259.5585195,77.15,107.19,97.31,90.66,104.99,99.2,140.47,69.51,199.52,87.54
163.08,127.64,86.38,171.04,117.55,134.69,256.281919,94.29,130.32,120.12,124.65,118.15,135.05,118.76,108.29,151.61,112.72
150.82,139.53,86.6,166.92,114.77,134.72,253.0053186,128.15,134.02,163.87,220.69,141.6,154.3,189.76,94.76,173.59,120.39
135.98,118.983545,70.71,147.28,110.79,117.57,249.7287181,114.23,119.67,232.91,143.7,122.7889043,151.78,237.76,93.2,142.5,125.74
103.25,114.366018,47.91,99.54,75.79,79.63,246.4521176,74.67,94.52,130.46,66.77,121.0804371,99.2,232.3,63.74,117.38,82.6
99.95,126.54,63.19,155.1,113.07,107.98,243.1755171,83.18,137.82,118.48,122.88,127.14,132.1,60.71,100.94,129.14,94.4
84.32,79.24,38.76,102.46,68.51,72.19,239.8989166,62.28,89.31,104.74,76.04,101.08,85.08,47.6,84.98,96.74,68.15
86.25,72.14,125.02,124.19,79.85,89.29,236.6223161,58.16,107.19,76.11,81.22,116.62,90.23,195.79,126.23,105.67,66.92
106,102.66,96.43,122.76,82.01,89,233.3457156,89.04,132.63,117.91,243.75,124.45,99.02,217.04,110.25,164.7,81.02
75.97,81.79,29.07,91.19,67.2,64.75,230.0691151,70.86,70.93,124.67,139.9234735,121.23,86.01,482.03,73.79,134.64,62.01
79.73,71.25,32.06,84.06,57.66,69.19,226.7925146,43.73,86.69,131.53,81.9,77.29,75.53,244.94,71.5,247.25,51.14
58.54,66.43,24.13,59.83,47.2,50.72,223.5159142,46.45,50.77,301.83,55.12,72.79,57.33,230,51.69,603.67,38.04
64.87,72.9,51.11,76.78,62.6,60.16,220.2393137,52.83,83.77,335.96,77.2,73.54,69.4,359.82,55.94,362.07,48.37
79.98,91.14,36.68,94.27,80.4,67.19,216.9627132,68.45,64.38,253.6929772,79.83,92.75,92.59,985,71.89,414.09,69.67
99.65,95.55,89.42,115.87,98.63,83.13,213.6861127,70.62,115.89,202.5552863,102.37,101.49,121.18,403.8352168,81.73,352.55,86.06
96.42,106.99,144.92,125.05,97.13,89.16,210.4095122,88.97,98.18,127.2,111.15,96.42,118.65,98.04,107.88,394.64,87
140.52,150.15,212.53,200.31,167.46,138.05,207.1329117,130.21,136.43,156.46,184.14,145.15,208.57,132.25,138.5,278.2,124
165.52,167.65,209.04,209.62,189.28,160.93,203.8563112,151.19,147.59,230.25,206.86,172.78,232.63,104.49,134.83,804.25,186.61
137.29,135.81,174.75,155.42,121.11,121.73,200.5797107,103.71,116.46,164.07,139.35,128.66,166.04,120.6448165,108.38,566.77,124.68
126.44,95.4,130.05,116.24,97.54,83.58,197.3031103,85.89,90.12,125.84,260.5,97.9,127.23,100.24,72.01,392.65,97.22
129.65,112.26,120.34,115.5,91.69,75.48,194.0265098,84.23,99.58,112.91,116.1,99.1,114.23,98.31,71.89,302.6,96.39
112.57,103.56,99.58,115.69,99.64,81.37,190.7499093,80.16,89.84,130.8,122.68,89.8,122.56,84.99,73.08,425.19,98.71
122.84,116.88,120.11,111.42,95.3,78.91,187.4733088,80.34,111.01,137.59,137.04,102.21,127.72,80.15,74.87,292.61,97.81
142.54,131.58,117.23,132.26,108.88,95.57,184.1967083,96.65,144.11,161.43,193.19,119.74,148.01,104.2068157,87.3,243.56,116.11
165.45,141.97,156.25,155,132.59,118.78,180.9201078,130.65,154.17,179.35,241.59,133.9,183.84,114.7712474,97.43,154.51,145.65
119.73,109.45,111.51,113.66,96.04,83.17,177.6435073,79.31,116.96,133.68,278.74,103.04,129.81,125.335679,70.26,189.3122051,98.73
129.81,116.26,143.38,134.31,108.93,92.65,174.3669068,98.91,150.81,147.39,134.04,114.72,149.32,135.9001107,77.58,132.06,143.69
224.63,204.04,223.2,235.51,200.32,174.84,171.0903063,162.71,166.84,214.38,225.54,189.12,260.64,146.4645424,153.44,230.5,253
234.42,268.72,244.04,306.71,271.84,230.71,167.8137059,229.67,220.22,313.47,235.41,241.84,344.5,157.028974,185.25,319.05,222.7626909
139.45,231.01,277.22,283.76,253.47,215.1,164.5371054,212.1,206.92,254.51,196.1086577,224.23,324.96,209.21,198.99,295.56,242.14
118.91,185.22,194.93,193.76,172.89,146.74,181.86,146.89,188.85,169.54,178.06,165.95,229.6,157.59,122.59,273.03,172.26
83.43,136.4,169.14,150.24,123.1,112.33,133.39,103.01,164.41,159.08,134.94,126,169.42,116.62,94.64,155.79,134.36
91.96,92.97,118.97,92.3,79.68,75.13,92.1,62.81,122.08,140.6,75.37,86.78,103.65,67.24,54.41,113.01,73.94
51.13,70.55,113.23,70.46,58.64,47.06,70.76,49.11,88.6,213.53,52.91,68.3,73.3,49.68,41.27,126.64,50.22
55.36,76.69,85.39,82,63.07,53.87,81.68,53.76,105.12,109.5,26.61,73.4,81.15,56.7,45.12,216.21,77.58
45.18,82.86,111.3,91.65,74.61,56.22,91.04,69.74,101.02,99.62,47.98,94.31,83.27,65.17,64.57,377.59,78.24
50.47,78.62,107.88,98.18,71.24,63.64,89.88,67.22,112.58,125.28,54.79,89.58,92.68,57.57,63.6,478.8820654,78.92
42.86,58.83,74.59,77.62,54.87,50.5,66.66,41.82,108.77,126.2167188,44.47,60.18,69.73,47.38,51.5,630.65,68.02
39.39,59.81,68.19,64.68,50.01,37.55,58.46,37.23,95.9,130.2437085,59.47,56.73,53.84,40.7,49.85,944.91,53.4
35.54,72.28,70.86,70.39,59.73,39.23,73.93,38.79,92.72,134.2706982,52.06,68.14,65.3,49.99,75.1,301.43,64.42
41.68,69,84.65,88.92,48.87,53.06,84.93,56.77,113.7737596,138.2976878,70.25,79.7,80.29,61.91,55.84,109.24,74.38
42.6,74.34,108.21,115.63,52.88967606,63.30609363,84.64,73.8,144.51,142.3246775,168.61,77.51,88.54,68.15,63.01,339.76,90.33
52,71.93,122.55,108.84,54.41381492,73.7825047,77.05,76.23,109.56,146.3516672,126.9264589,81.85,89.1,66.62,61.65,97.1,95.27
182.99,83.98,129.53,109.03,55.93795378,84.25891577,99.61,82.5,112.84,163.02,115.0719181,86.51,98.79,73.92,72.7,389.57,92.27
80.44,78.58,123.29,118.98,57.46209264,101.99,103.29,86.15,128.57,116.46,115.19,105.48,106.79,79.47,82.27,133.16,97.12
57.3,62.02,125.35,91.79,58.98623149,54.72,79.42,79.11,95.11,98.21,53.63,80.59,76.24,57.89,57.33,75.41,65.79
63.69,51.5,87.86,82.62,60.51037035,47.43,63.35,45.79,83.63,86.7,55.22,68.71,60.41,47.87,43.55,66.62,54.43
72.72,51.07,114.29,73.6,62.03450921,47.72,59.97,49.99,87.25,95.23,18.62,74.71,67.25,53.15,53.5,123.44,40.85
63.86,41.75,72.57,72.34,71.79,44.29,59.46,50.46,69.32,83.34,24.03,65.75,66.33,42.89,48.54,219.89,37.33
33.48,24.79,56.7,45.99,35.55,23.54,41.58,32.15,82.14,61.53,19.45,54.59,32.07,26.14,34.74,596.1,25.23
29.32,22.39,45.03,41.69,43.04734629,25.12,32.13,58.35,61.66,223.8,19.07,62.55,35.8,27.47,29.91,78.59,32.03
56.95,30.29,56.64,56.71,42.92985842,47.28,34.91,42.79,46.3,152.01,16.5,55.25,33.68,40.05,30.28,76.1,30.57
37.05,12.54,25.46,21.39,42.81237055,17.94,31.38,59.99,20.55,162.43,9.35,37.96,25.9,20.22,11.9,65.42,34.90243557
35.92,32.95,24.44,34.37,42.69488268,18.96,36.3,19.3,9.27,30.91,9.28,38.04,24.4,27.28,12.8,46.39,38.04783008
39.42,37.22,35.37,45.06,42.57739481,28.2,42.14,23.32,28.77,39.49,16.35,53.63,35.85,38.32,28.86,51.62,41.56
55.14,38.79,50.71,62.14,42.45990694,35.63,36.85,35.09,33.99,48.75,20.4,70.87,52.27,47.22,40.9,72.84,43.66
44.03,31.54,49.61,56.92,44,28.33,42.11,115.11,34.41,46.77,25.76,73.77,56.02,42.36,36.7,83.44,44.93
48.55,30.9,41.06,55.49,37.81122362,38,43.08,30.37,28.11,39.77,30.04,69.21,54.33,36.91,36.05,72.94,51.37
34.09,37.11,51.65,58.29,29.97,40.54,53.48,24.25,26.26,53.49,11.14,67.88,51.27,42.11,36.58,73.85,48.04
45.51,38.74,50.05,54.15,40.18,32.16,50.79,18.22,22.83,53.21,13.23,82,39.24,43.78,30.45,61.78,33.18
32.99,24.75,31.59,31.46,34.87561354,12.83,45.76,21.32962168,11.78,32.71,9.85,41.91,32.93,28.86,17.29,25.68,20.98
30.54,25.56,24.03,55.71,32.1886489,13.46,39.57,20.16043431,11.22,32.53,8.63,38.15,27.19,24.43,12.34,30.53,12.03
28.8,22.02,26.68,33.19,29.50168426,15.9,30.74,16.38,10.55,85.52,10,35.68,29.65,25.26,14.97,26.57,21.77
39.55,32.41,37.84,48.52,26.81471962,25.32,46.59,20.93,15.36,56.95,14.11,62.84,33.95,35.27,23.04,42.04,33.97
32.53,34.52,39.18,51.02,24.12775499,29.21,55.93,27.11,23.7,40.67,36.15,60.45,36.34,38.78,27.22,44,29.28
25.02,29.76,34.01,43.46,22,32.62,43.3,24.01,12.27,31.51,21.11,46.96,36.8,31.09,22.45,46.51,28.45
22.81,20.15,28.09,39.42,15.5,19.57,34.75,17.36,8.87,35.61,16.04,41.4,24.92,26.92,18.38,53.8,22.06
19.6,16.3,22.78,29.69,16,11.8,40.75,14.52,10.16,31.83,32.23,32.68,22.54,20.83,21.23,108.5355887,24.93
48.13,23.64,31.01,36.31,23.07215307,18.42,42.5354823,16.09,15.26,33.16,124.4921434,33.08,38.4,39.95,23.64,48.63,31.07
36.2,27.73,44.68,53.38,28.3563128,26.99,44.17939588,29.51,17.42,38.44,264.27,49.84,37.07,30.57,19.02,337.12,23.81
44.84,41.81,48.71,66.12,36.49,38.32,45.82330946,34.8,34.09,42.8,116.5933636,52.27,53.58,27.55010543,31.6,296.87,41.03
42.25,18.3,81.01894819,29.45,26.26,17.29,47.46722304,12.11,21.89,19.85,6.98,34.59,36.12,19.65,14.82,633.83,17.28
21.35,20.57,106.7310195,35.88,37.52,19.69,49.11113662,13.67,5,33.42,16.6,36.01,46.57,16.09,18.49,714.6,31.72
44.7,49.86,124.23,74.92,78.08,45.49,50.75505019,39.01,20.12836179,49.36,30.46,76.03,87.37,50.47,44.12,409.851167,86.45
43.04,44.99,197.42,67.09,66.86,41.14,52.39896377,29.53,25.03684249,51.58,25.57,52.29,94.92,47.15,38.82,196.92,73.74
41.57,21.01,211.1,38.92,42.82,24.88,54.04287735,19.98,29.9453232,27.8,18.64,38.51,61.69,22.93,22.43,92.26,58.03
19.56,9.96,55.65,36.44,42.37,17.31,55.68679093,10.56,43.86,25.41,12.9,31.39,44.45,17.96,14.75,312.39,41.33
49.31,21.58,75.17,35.48,40.58,20.04,57.33070451,20.69,30.70085697,26.75,17.48,38.08,54.99,25.39,19.34,263.72,49.3
38.28,28.42,57.42,54.33,54.7,35.94,60.96,22.78,26.54791004,33.63,22.91,55.67,54.62,32.7,31.55,243.98,75.21
41.68,44.13,70.89,67.35,64.11,40.74,62.19,36.28,14.85,43.65,30.35,58.74,51.75571839,44.75,35.07,208.51,82.97
42.41662945,41.69,70.14180825,60.66,59.14,39.47038217,46.9,32.26,25.83324965,37.51,30.27527989,56.76,49.39660403,43.8,34.11954687,86.39,57.73
43.35102191,35.95,71.07277167,61.73,59.22,39.07009554,53.15825671,30.16,29.27153619,38.12,31.90960107,43.8,47.03748967,42.52,36.34,193.967495,61.54
44.28541437,37.15,72.0037351,57.29,57.05,38.6698089,54.0194382,31.34,32.70982273,36.04,33.54392226,41.08,44.67837531,38.62,32.93,229.2472476,61
45.21980682,29,72.93469853,47.42,51.08,38.26952226,54.88061969,29.50360024,36.14810927,34.75471717,35.17824344,40.71,42.31926095,28.76,29.94,264.5270002,51.95810887
46.15419928,32.05,73.86566196,47.91,52.33,37.86923562,55.74180118,28.4143751,56.96,32.59,36.81256463,40.56,39.96014659,29.97,25.25,299.8067528,40.75
47.08859174,29.64,74.79662539,47.33,55.76847001,37.46894899,56.60298267,26.2,11.67,33.78,38.44688581,43.14,37.60103223,30.09,36.7,335.0865055,45.14
48.0229842,44.5,75.72758882,66.05,62.74,37.06866235,57.46416416,28.9,25.4,35.98,40.081207,71.41,35.24191787,45.31,52.42,440.2,59.42
48.95737666,36.06,76.65855224,55.92,47.72,36.66837571,58.32534565,27.33,23.55,38.46,41.71552818,54.16,32.88280351,35.39,41.86,241.51,59.33
49.89176911,34.39,77.58951567,54.74,42.29,36.26808908,59.18652715,21.74,27.73,38.04,43.34984937,46.2,30.52368916,31.93,37.61,250.01,56.95039054
50.82616157,35.37,78.5204791,58.71,49.42,35.86780244,60.04770864,26.95,27.5,35.18,44.98417055,48.1,28.1645748,34.92,42.48,948.02,55.14
51.76055403,42.98,79.45144253,64.77,52,35.4675158,60.90889013,26.21,34,41.22,58.62,55.83,25.80546044,32.77,41.82,458.5,59.28
52.69494649,33.02,80.38240596,52.19,38.3,35.06722916,61.77007162,22.71,29.1,31.4,14.16,48.85,23.44634608,26.65,39.59,73.35,48.47
53.62933895,24.8,81.31336939,56.9,35.67,34.66694253,62.63125311,16.88,39.22,32.09,10.05,53.6,21.08723172,34.36,33.9,83.85,42.66
54.56373141,45.03,82.24433281,65.89,44.92,34.26665589,63.4924346,22.98,26.76,33.46,9.67,94.69,18.42,42.52,41.29,122.55,46.60950965
55.49812386,38.32,83.17529624,59.37,42.89,33.86636925,64.35361609,24.28,34.48,37.63,11.06,52.55,18.3,31.79,39.12,78.84,51
56.43251632,32.58,84.10625967,47.7,37.6,33.46608261,65.21479758,18.86,56.25741397,31.46,10.21,39.19,15.28,34.73278295,30.27,44.54,42.70484789
57.36690878,34.65,85.0372231,50.47,38.72,33.06579598,66.07597908,18.65,39.79,32.3,8.41,57.09,10.22,34.85961948,31.21,44.87,34.37
58.30130124,31.37,85.96818653,52.41,33.59,32.66550934,66.93716057,17.78,56.74,45.27,9.48,49.98,16.76,36.39,33.13,52.24,37.47
59.2356937,19.82,86.89914996,51.36,28.17,32.2652227,67.79834206,17.56,344.96,26.19,11.97,43.56,15.15,28.08,39.17,50.16,44.35
60.17008615,32.88,96.92,89.62,36.43,31.86493606,72.52,36.7,148.23,46.12,19.98,71.34,15.37,42.24,67.25,74.04,49.2
61.10447861,33.34,62.65,115.47,44.86,31.46464943,65.98,38.42,262.61,25.51,23.95,62.8,17.55,39.34,61.5,77.08,45.31
62.03887107,28.46,64.92,89.06,38.8,31.06436279,53.5,28.59,238.73,27.93,19.8,55.58,14.42,33.96,51.91,79.92,42.52
62.97326353,30.96,46.42830462,86.56,45.85,30.66407615,61.17,27.28,305.48,30.52,21.85,61.04,18.66,39.88,47.47,67.57,44.81
63.90765599,29.23,26.36,65.13,43.08,30.26378951,64.46,26.7,376.54,26.56,16.15,58.84,16.19,37.13,45.7,46.68,37.57
64.84204844,33.87,30.32,70.03,49.94,29.85,63.54,26.38,191.59,25.66,18.02,68.47,20.96,38.44,49.37,58.94,39.37480702
65.7764409,26.86,15.36,62.31,35.84,29.54965098,54.12,25.63,579.4,20.27,11.75,50.93,17.91,33.74,42.58,64.51,39.4565998
66.71083336,22.76,21.49,66.67,29.9,29.23579908,43.56,13.23,456.07,19.95,11.89,43,17.47,26.33,33.31,52.49,39.53839258
67.64522582,20.97,26.94,47.67,25.52,28.92194719,43.3,19.66,700.65,17.58,8.62,40.16,12.13,30.24,30.29,66.64,39.62018536
68.57961828,19.15,24.79,32.93,19.74,28.60809529,35.96,23.11,730.09,18.71,8.46,42.19,8.82,23.72,22.13,38.95,39.70197815
69.51401074,25.18,13.21,32.4,17.45,28.29424339,28.21,13.4,787.57,12.52,3.93,34.91,4.96,33.59,23.79,35.6,39.78377093
70.44840319,28.57502448,13.28,26.69,20.15,27.9803915,22.81,18.9944627,827.49,8.8,5.01,35.41,5.03,29.06,17.45,27.65,39.86556371
71.38279565,31.56102007,11.31,36.21,39.73,27.6665396,29.99,20.85619276,406.04,16.3,9.06,28.77,14.19,26.48,27.29,41.17,39.94735649
72.31718811,34.54701566,13.81,39.51,44.81,27.3526877,34.89,22.71792282,446.06,17.87,5.76,36.45,12.12,31.11,29.71,43.89,40.02914927
73.25158057,47.16,11.31,53.37,51.81,27.03883581,49.05,28.36,449.69,18.42,7.32,46.9,16.81,41.72,37.23,55.72,40.11094205
74.18597303,30.94,13.72,46.81,48.79,26.72498391,40.69,21.25,93.55,45.6,7.67,51.11,4.96,35.86,32.83,51.44,40.19273483
75.12036548,30.77,11.61,49.1,42.97,26.41113202,45.89,17.82,58.75,90.6,9.32,45.14,8.96,38.82,33.53,201.57,40.27452761
76.05475794,29.75,14.71,49.58,38.46,26.09728012,50.44,16.99654686,42.61,109.01,11.61,43.16,7.13,36.11,31.75,949.51,40.35632039
76.9891504,28.91,9.5,45.41,36.94,25.78342822,42.38,15.317509,17.2,96.38,8.99,34.96,6.24,34.33,30.09,974.89,40.43811317
77.92354286,21.43,15.83,37.81,32.17,25.46957633,35.35,12.45,29.23,112.08,11.03,38.81,6.4,29.76,25.23,914.18,40.51990595
78.85793532,26.21,53,38.07,34.9,25.15572443,37.78,12.43,44.13,31.48,13.32,38.94,7.43,30.72,29.86,269.56,40.60169873
79.79232778,26.52227873,64.34,39.67,36.1,24.84187253,45.38,15.26,65.94,45.8,17.85,43.84,8.16,32.8,32.33,46.48,41.76
80.72672023,28.66,49.79,45.07,34.63,24.52802064,44.45,17.32,58.24,39.18,29.04,43.83,9.15,31.4,29.35,74.27,36.04
81.66111269,23.4,52,39.66,33.08,24.21416874,44.98,12.43,42.44,23.32,10.06,36.19,8.13,26.34,29.26,106.32,40.55
82.59550515,28.44,57.06,45.12,35.56,23.90031684,55.62,14.3,33.24,26.71,11.98,49.77,11.52,32.54,34.67,148.85,46.92
83.52989761,28.56,54.92,45.69,34.97,23.58646495,52.74,17.63,23.98,31.28,12.74,42.05,14.1,32.71,32.34,110.85,45.31
84.46429007,27.69,56.86,42.66,33.84,23.27261305,49.53,12.29,22.43,50.97,11.75,55.14,14.84,31.03,29.41,37.21,40.03
85.39868252,27.8,48.59,45.51,33.9,22.95876115,33.46,12.76,30.97,35.53,12.52,42.5,13.61,31.64,29.58,299.33,46.95
86.33307498,26.79,53.22,52.97,39.31,22.64490926,61.6841599,19.48,40.22,31.18,15.39,47.17,16.74,32.56,28.06,589.39,47.83
87.26746744,29.11,67.43,83.68,47,22.33105736,85.69,21.53,52.35,39.63,19.48,55.12,17.42,41.66,49.44,156.78,56.33
88.2018599,42.87,86.61,108.37,64.79,22.01720546,84.14,40.62,86.22,56.56,25.18,104.56,27.94,59.44,67.76,85.88,71.02
89.13625236,35.15,65.68,101.24,54.47,21.70335357,69.19,27.06,83.78,44.25,23.12,88.07,31.27,45.21,56.35,149.9283406,57.61
90.07064482,33.58,80.05,108.19,47.81,21.38950167,82.31,52.44,55.13,48.65,28.26,93.73,36.82,54.69,53.59,148.0858195,50.19
91.00503727,45.7,87.14,146.74,72.37,21.07564977,94.06,73.32,46.3,57.42,30.61,91.7,71.92,61.7,92.84,146.2432984,75.06
91.93942973,52.43,61.06,125.03,70.11,20.76179788,95.6,58.59,45.48,49.16,25.87,77.85,3.7,67.61,70.29,144.4007773,73.44
92.87382219,23.69,18.66,65.92,35.31,20.44794598,48.43,24.08,34.28,28.72,13.76,37.24,7.02,33.89,41.95,142.5582562,47.44
93.80821465,32.31,24.23,98.81,57.81,20.13409408,77.57,53.84,58.27,58.58,18.13,61.44,7.5,47.88,78.42,140.7157351,64.61
94.74260711,36.4,29.1,92.35,46.75,19.82024219,50,39.31,43.44,54,13.39,92.34,6.46,54.93,71.23,138.873214,51
95.67699956,26.28,130.33,57.98,37.95,19.50639029,50.41,24.98,31.07,36.24,13.15,135.58,8.99,33.82,32.91,137.0306929,39.4
96.61139202,23.78,54.21,67.06,35.48,19.19253839,41.48,17.65,28.71,31.24,14.17,55.07,7.72,29.15,33.59,135.1881719,37.72
97.54578448,21.63,51.67,91.65,32.99,18.8786865,43.67,19.32,33.45,34.29,14.41,36.33,9.02,28.86,47.92,133.3456508,37.68
98.48017694,40.19,90.9,85.37,47.7,18.5648346,63.08,35.12,29.62,51.48,15.67,53.96,9.54,41.74,43.59,131.5031297,48.96
99.4145694,26.02,148.52,50.26,34.71,18.25098271,32,12.99,29.27,44.09,10.3,42.92,9.619811175,37.34,28.72,129.6606086,41.66
100.3489619,26.02,64.98,51.13,31.24,17.93713081,54.36,18.2,19.87,64.01,11.9,53.84,9.773898828,35.41,33.79,127.8180875,42.96
101.2833543,27.55,74.69,51.66,21.7,17.62327891,92.5,23.34,42.14,53.55,12.33,69.58,9.927986481,36.21,36.69,125.9755664,36.48
102.2177468,27.63,79.94,60.82,32.37,17.30942702,85.05841281,26.64,40.32,42.57,9.97,65.23,10.08207413,38.37,32.62,124.1330453,43.28
103.1521392,23.2,87.39,34.64,20.45,16.99557512,115.26,10.62,27.07,36,8.61,33.1,9.68,26.11,21.81,122.2905242,24.16
104.0865317,16.76,96.82,26.57,19.95,16.68172322,56.37,5.06,20.61,27.04,8.79,22.11,13.46,19.16,18.14,120.4480031,23.27
105.0209241,12.54,71.272981,24.05,22.93,14.77,28.71,8.1,17.91,17.94,6.24,37.82,16.54,21.09,16.14,118.6054821,25.96
105.9553166,18.01,58.66,31.23,30.05,28.04,57.34,9.25,18.49,78.24,59.93,30.72,5.14,26.59,20.21,116.762961,30.86
106.8897091,7.63,16.9,33.22,28.58,24.8,24.6,8.58,17.35,99.33,5.74,23.18,7.7,15.01,19.71,114.9204399,29.37
107.8241015,14.62039091,23.83,32.37,28.23,23.7,34.48,8.78,21.47,42.86,8.16,37.12673777,8.88,24.6804543,14.97,113.0779188,30.54
108.758494,16.22429511,16.71,29.66,33.31,29.39,29.45,7.04,21.27,39.3,9.35,41.81968271,9.56,27.83006915,19.73,111.2353977,25.44
109.6928864,17.82819931,23.44,49.5,30.05,35.73,56.92,16.25,24.54,39.38,7.88,46.51262765,16.04,30.97968401,28.17,109.3928766,35.72
110.6272789,19.43210351,43.42,62.04,36.39,38.08,70.27,23.49,38.7,41.7,9.86,51.20557259,15.18,34.12929886,49.82,107.5503555,43.6
111.5616714,21.03600771,39.86,63.08,38.22,43.44,85.65,20.31,28.51,42.05,10.24,55.89851753,12.72,37.27891372,40.63,105.7078344,41.07
112.4960638,22.63991191,39.41,74.69,37.35,43.37,52.35,20.35,26.58,44.39,10.8,60.59146247,10.72,40.42852857,63.28,103.8653134,47.1
113.4304563,28.48,45.43,73.6,33.66,50.72,134.69,32.92,41.89,52.37,6.92,62.09,21.18,45.54,53.44,102.0227923,48.17
114.3648487,19.77,32.42,47.43,22.59,25.32,111.67,16.72,27.09,54.8,4.06,79.44,8.74,45.21477913,30.2,100.1802712,32.42
115.2992412,25.27,30.85,53.72,24.72422855,33.77,73.91,16.36,20.74,36.24,4.13,78.42,11.06025502,46.85141484,43.83128798,98.33775009,30.24
116.2336336,18.68,42.31,111.16,19.33,53.1,66.97,36.53,25,44.69,5.62,73.35,11.67672979,48.48805055,48.75014242,96.495229,35.17
117.1680261,21.07,55.16,127.9,37.42,88.21,83.92,61.06,35.53,43.13,6.83,69.46,12.29320455,50.12468625,53.66899685,94.65270791,37.22
118.1024186,28.68,69.8,100.52,51.81,79.99,76.08,34.82,40.66,57.77,22.4,85.99,12.90967932,51.76132196,58.58785128,92.81018682,73.88
119.036811,42.55,68.21,109.05,55.78,85.81,98.89,29.63,75.07,58.3,14.31585029,74.03,13.52615409,53.16,63.50670571,90.96766573,58.34
119.9712035,52.1,71.61,117.64,54.66,89.26,74.37,53,39.04,53.34,10.72,67.14994653,14.14262886,63.37,68.82,84.06,59.58
120.9055959,41.7,58.39,115.36,49.93,85.26,78.1892757,43.69,46.27,50.42,9.06,58.28,14.75910363,56.23,83.39,65.72,66.48
121.8399884,19.94,35.68,103.01,24.08,67.2,76.81187483,20.42,29.44,21.92,5.17,46.72,12.28,33.18,48.6,46.25,27.5
122.7743809,29.16,44.33,129.68,39.19,62.39,75.43447396,35.65,22.3,33.81,7.84,58.6,27.81,35.73,50.8,115.87,41.07
123.7087733,39.4,53.22,169.6,57.21,79.24,74.05707309,56.08,32.49,56.8,45.29,92.07,77.32,46.1,76.58,710.65,58.16
124.6431658,43.64,42.99,111.69,54.79,69.95,72.67967222,45.58,24.69,52.2,45.71,66.55,39.02,43.6,58,568.66,49.75
125.5775582,29.9,42.4,83.04,35.52,57.61,71.30227135,27.54,39.11,34.32,40.43,69.34,45.65283812,35.91,47.53,417.1968189,44.47
126.5119507,25.44,39.52,51.14,32.31,25.36,69.92487047,31.8,36.64,35.29,36.32,67.01,47.48815219,24.43,35.44,342.6653239,45.99
127.4463431,25.71,22.66,35.98,22.9,16.1,68.5474696,11.86,13.13,31.49,21.88,49.06,49.32346626,27.36,16.77,268.1338288,23.07
128.3807356,27.9,24.21,51.04,23.81,38.17,67.17006873,17.09,38.29,38.71,29.96,79.01,51.15878033,37.08,35.96,193.6023337,25.54
129.3151281,28.14,47.93,104.58,46.65,52.83,65.79266786,39.55,34.45,38.9,39.51,89.88,54.99,45.86,56.77,68.91,49.54
130.2495205,36.93,55.83,119.88,44.5,66.76,64.41526699,37.56,36.79,50.71,52.61,73.22,43.13,47.3,60.68,81.03,60.11
131.183913,23.9,43.25,94,54.82,53.9,55.8,36.29,43.83,47.84,37.63,84.84,40.02,39.77,55.08,69.99,63.32
132.1183054,31.29,50.79,98.04,83,69.93,73.22,53.89,52.38,64.22,65.34,64.41,78.36,63.02,85.71,116.36,80.56
133.0526979,32.75,51.82,85.35,67.02,76.56,70.13,33.26,50.26,64.23,70.58,73.24,65.39007593,51.47,80.85,73.04,68.65
133.9870903,44.05,51.98,150.56,83.86,112.27,88.72,36.88,45.64,74.2,75.42,90.58,58.99931085,50.22,90.81,366.35,78.66
134.9214828,49.01,73.07,188.71,96.75,142.81,101.57,45.31,63.71527203,74.94,244.68,70.18,52.60854577,66.84,115.15,106.26,92.01
135.8558753,44.88,60.35,146.44,82.13,92,87.88,55.19,91.44,56.46,72.97,69.78,46.47,52.85,93.8,79.82,80.84
136.7902677,46.33,51.11,103.83,39.95,58.52,82.35,43.88,59.88,64.92,41.5,84.61,37.28,63.58,70.88,74.27,53.13
137.7246602,44.57,45.48,118.46,56.35,62.65,82.48,34.17,64.27,52.73,17.86,96.02,37.34117631,58.81,62.03,67.14,54.33
138.6590526,38.12,55.89,185.11,59.47,96.78,87.56,60.65,69.78,52.21,19.34,99.63,29.97,67.18,108.1,80.64,58.74
139.5934451,44.14,64.58,200.07,74.2,99.73,97.01,69.88,74.42,91.98,57.04,87.61,72.68,71.17,87.1,100.41,86.73
140.5278376,52.72,57.29,207.26,64.37,74.21,92.6,74.98,54.34,68.62,78.75,82.74,52.06,70.27,93.31,97.72,83.02
141.46223,60.27,92.44,285.15,105.87,156.76,152.64,87.49,65.04,100.43,152.91,82.63,93.99,89.41,156.45,122.81,118.06
142.3966225,39.62,118.4,207.87,137.57,193.47,125.62,81.62,98.43,160.43,173.32,79.41,121.86,111.03,170.9,130.67,160.07
143.3310149,69.96,238.2,257.33,152.26,284.66,198.12,164.81,121.49,303.64,234.78,225.93,260.96,128.56,233.47,168,180.69
144.2654074,61.2,117.82,298.12,146.49,188.82,122.98,89.36,73.11,157.57,179.91,108.44,153.31,113.59,197.06,149.23,160.22
145.1997998,64.41,108.19,292.24,156.36,206.51,171.35,118.61,83.03,166.6,184.51,138.73,166.92,129,201.29,147.96,154.04
146.1341923,58.96,106.08,251.33,140.76,146.9,165.21,140.92,66.23,128.59,158.02,137.95,165.03,97.89,156.04,154.33,139.66
147.0685848,62.94,105.51,260.18,142.69,163.25,143.8,113.02,68.14,111.46,164.94,125.27,160.6,103.89,139.44,147.75,125.03
148.0029772,69.34,81.87,185.34,107.67,151.75,142.33,77.24,61.1,100.11,141.85,137.67,136.14,87.44,117.53,118.91,111.91
148.9373697,61.88,88.93,249.2,128.21,155.94,155.55,119.01,60.67,99.42,158.31,191.14,132.49,112.78,136.69,134.45,130.64
149.8717621,79.96,112.59,303.34,155.46,181.35,190.42,131.61,75.82129097,116.68,176.44,117.74,111.21,111.85,170.8,181.6,145.22
150.8061546,95.7,108.73,228.07,142.66,183.59,171.12,129.75,88.12,114.95,163.32,142.85,114.54,110.71,184.36,157.5,136.7243624
151.7405471,71.8,103.18,253.4732383,146.34,170.29,150.27,125.47,82.7,98.48,133.52,156.64,123.53,109.4,178.28,153.43,133.689944
152.6749395,68.45,104.6,284.69,155.55,184.82,161.72,123.14,83.77,95.38,174.38,147.49,129.54,95.82,180.65,149.49,130.6555256
153.609332,70.77,102.72,179.72,138.2,178.19,190.7,110.77,78.6,143.29,173.51,172.4,130.02,97.55,197.99,152.99,118.55
154.5437244,67.91,136.06,207.55,144.3,182.05,149.46,87.96,202.4983106,166.77,130.77,146.67,133.5717292,105.61,179.97,174.78,151.56
155.4781169,73.65,116.77,228.88,154.1,180.8,142.37,127.42,367.69,126.44,167.23,133.14,136.7983756,56.23,216.06,179.3,146.26
156.4125093,84.4,133.39,228.79,180.54,200.87,178.33,88.43,254.9,155.85,148.37,201.15,140.0250221,102.71,244.43,200.56,162.13
157.3469018,89.96,132.05,251.5,179.85,212.57,196.76,134.99,272.87,155.53,205.06,203.33,143.2516685,138.9,252.43,217.9,169.84
158.2812943,84.1,137.76,204.33,227.84,188.41,172.53,134.1,232.67,149.07,415.72,158.18,146.478315,120.18,238.77,194.91,170.65
159.2156867,82.39,108.61,168.62,149.32,199.39,174.86,131.22,207.1,112.35,286.9529734,150.94,149.7049614,111.39,195.36,135.9,142.42
160.1500792,102.26,115.05,179.24,144.12,196.59,186.12,136.13,207.38,118.32,238.51,146.72,153.31,120.13,180.16,198.54,131.9
161.0844716,111.61,125.09,185.27,146.74,185.13,157.6,108.13,202.51,118.56,140.9,154.59,154.2643454,117.02,155.05,163.14,140.98
162.0188641,130.3,146.7,224.17,193.74,217.09,195.91,181.79,282.16,166.77,148.8,195.05,153.54,145.51,223.34,205.57,169.45
162.9532566,102.98,143.04,261.86,210.05,235.18,188.43,176.83,298.13,167.57,156.23,132.25,171.73,149.63,272.75,181.7926893,158.47
163.887649,95.16,139.48,231.04,179.16,214.92,173.28,166,281.3,150.02,132.8,139.9743753,158.65,130.93,232.4,178.55,160.85
164.8220415,87.71,119.74,195.87,154.09,173.11,151.49,172.87,203.11,145.28,308.96,129.98,134.67,110.56,196.47,169.76,137.99
165.7564339,66.62,72.81,136.09,115,159.14,144.38,126.22,171.76,80.6,114.65,122.63,98.28,82.3,140.44,133.72,98.52
166.6908264,83.22,117.06,156.3,130.94,193.96,130.8,113.27,186.93,95.51,193.45,88.6,117.23,93.01,171.15,146.35,118.05
167.6252188,70.58,115.64,147.1,129.46,168.28,105,100.49,189.37,82.76,152.22,120.74,143.06,91.8,159.93,135.16,120.53
168.5596113,83.14,124.04,164.49,113.52,191.14,142.26,157.77,199.98,110.18,109.78,156.72,84.5,106.77,140.16,137.69,115.53
169.4940038,98.01,168.56,212.44,135.77,237.58,196.01,167.98,251.71,161.44,204.28,288.01,128.72,129.26,194.5,189.15,147.9
170.4283962,120.45,178.48,239.34,151.41,292.11,208.45,169.18,256.19,182.48,130.52,227,148.33,129.61,214.13,222,166.92
171.3627887,114.34,209.46,276.91,173.04,253.54,192.99,166.74,306.17,172.57,99.37,244.5,215.14,155.86,274.11,261.22,173.8
172.2971811,131.88,189.98,270.59,212.07,273.07,215.8,195.35,300.93,185.19,83.76,306.69,208.32,170.01,254.73,266,198.39
173.2315736,144.24,218.53,274.39,205.06,290.91,194.56,206.21,312.38,195.19,49.08,314.95,183.91,176.05,310.65,258.36,228.2
174.165966,125.52,220.53,251.05,204.13,264.76,174.77,188.57,313.73,175.44,65.74,188.11,186.74,153.74,287.23,261.38,205.66
175.1003585,69.22,123.42,214.07,140.41,187.79,121.64,153.71,259.44,114.23,32.05,119.51,131.17,92.79,243.97,195.78,147.28
176.034751,93.85,155.98,218.41,144.69,220.19,164.82,110.83,291.41,126.17,34.44,238.77,133.81,113.69,242.56,186.86,131.47
176.9691434,110.02,193.94,240.28,190.92,274.65,176.76,178.7,278.56,174.09,49.84,214.17,172.78,153.35,337.18,254.34,198.47
177.9035359,123.54,241.91,297.23,142.55,286.1,203.51,329.25,299.5686352,190.96,31.41,210.7,142.54,185.85,364.59,292.21,186.54
178.8379283,120.01,204.47,263.96,191.04,263.29,184.65,218.49,310.6660736,178.19,43.22,220.11,172.8,163.18,151.88,252.42,225.02
179.7723208,117.31,205.5,257.46,180.41,268.27,170.18,194.8,339.13,181.03,152.05,193.85,269.97,150.24,277.83,232.02,212.745579
180.7067133,131.62,222.29,252.37,279.96,290.51,193.61,169.2,306.24,208.93,304.06,199.33,329.33,175.68,273.91,264.117728,210.7705921
181.6411057,171.29,256.72,286.4,195.12,282.8,229.3,234.64,319.84,191.24,280.52,194.26,270.91,192.83,310.53,281.26,202.26
182.5754982,173.29,257.74,274.46,256.45,292.09,246.88,203.76,322.12,196.85,341.19,248.78,197.53,191.89,325.61,312.54,231.01
183.5098906,154.47,255.1,281.73,204.0486997,285.29,245.7,257.68,357.2,200.3,306.71,182.01,213.12,79.09,333.98,286.8,219.77
184.4442831,121.55,216.35,236.35,175.49,245.62,186.02,196.3,276.61,269.66,291.16,177.41,208.33,144.88,304.36,258.38,203.31
185.3786755,90.97,127.48,167.81,109.76,198.6,157.6,157.7,192.83,225.2593459,211.69,137.21,109.24,109.95,205.01,155.67,123.27
186.313068,76.98,151.24,195.26,135.21,222.03,152.88,167.33,226.51,203.0493172,218.53,149.59,113.67,120.73,279.49,185.37,151.44
187.2474605,95.81,207.94,215,169.68,223.55,147.36,141.47,292.85,180.8392885,224.3,152.6,148.18,113.54,247.81,196.69,159.55
188.1818529,93.17,150.1,177.42,152.2,189.07,142.61,150.9,219.84,158.6292599,160.74,172.07,123.6,125.94,193.39,186.81,140.33
189.1162454,85.89,151.54,156.33,110.29,199.83,121.31,129.1,177.02,136.4192312,117.45,191.58,129.9,114.04,185.66,166.44,115.27
190.0506378,71.77,100.67,133.72,109.49,155.17,113.54,73.78,225.97,103.89,94.17,127.51,97,84.14,154.17,153.79,97.04
190.9850303,69.63,104.98,138.49,104.28,155.07,116.82,72.6,213.08,118.84,52.29,155.98,63.81,89.85,162.43,126.82,102.44
191.9194228,73.55,115.31,160.07,178.86,180.92,127.69,126.63,221.01,123.71,168.72,130.63,132.03,94.26,198.52,141.3766668,130.25
192.8538152,80.83,139.74,177.9,156.8104547,180.65,149.09,130.45,225.45,153.03,166.2,107.52,129.31,98.11,196.91,142.3557712,135.02
193.7882077,86.22,133.71,153.85,152.4495497,199.65,146.22,113.21,226.93,131.78,153.4,110.31,130.097317,99.37592411,235,143.3348756,128.0543979
194.7226001,70.83,117.71,173.85,148.0886446,169.47,128.52,136.64,208.12,165.98,147.52,154.54,131.5693191,90.23,159.7,144.31398,118.7
195.6569926,86.52,139.12,190.74,132.88,215.47,171.32,136.81,253.04,166.87,187.04,111.7,133.0413213,105.03,209.21,145.2930844,132.17
196.591385,118.18,169.69,211.27,168.64,247.47,207.45,161.56,392.01,186.24,225.4,216.19,134.5133234,128.64,305.97,146.2721888,164.6
197.5257775,130.29,221.92,260.78,218.18,265.04,216.87,165.07,340.37,191.93,272.99,318.09,135.9853256,160.69,334.16,147.2512932,168.31
198.46017,123.62,223.72,254.18,126.11,256.91,205.79,171.54,388.85,180.25,244.85,201.83,137.4573277,148.55,273.35,148.2303976,142.72
199.3945624,95.74,163.31,192.69,145.08,184.21,167.61,158.07,242.91,121.72,194.4,167.54,138.9293298,93.3,211.13,149.209502,123.28
200.3289549,120.57,210.83,206.43,154.63,242.28,196.62,129.26,296.53,171.64,219.46,200.48,140.401332,139.82,255.61,150.1886064,147.08
201.2633473,101.64,193.56,228.86,175.92,239.33,212.19,144.67,321.39,192.48,176.91,279.67,138.03,147.42,258.02,151.1677108,156.77
202.1977398,87.67,238.31,254.57,203.55,276.5,214.32,169.08,357.91,215.59,229.19,268.09,163.77,140.03,302.15,152.1468152,182.38
203.1321323,59.71,215.38,247.1,195.51,264.1,205.03,161.08,341.8,207.88,286.88,253.95,175.74,123.05,291.46,153.1259196,181.56
204.0665247,55.1,238.37,251.56,227.32,250.04,169.27,160.93,340.09,212.56,285.43,203.56,210.66,129.93,317,154.105024,204.98
205.0009172,68.83240115,296.09,261.26,193.42,298.24,223.12,171.23,349.17,221.1,253.1799895,216.96,170.11,150.81,275.05,155.0841284,189.37
205.9353096,71.51249958,251.81,219.35,136.67,247.15,166.66,118.02,307.53,180,232.0129408,150.1,139.29,116.15,245.73,156.0632328,133.25
206.8697021,70.44491667,148.761875,168.4947826,126.9943403,189.9327431,149.7107083,94.45923611,230.5364931,163.3563542,210.8458921,103.5027778,110.9149653,122.9584375,163.6207986,157.0423372,124.4431944
207.8040945,68.654375,169.7342361,222.776413,154.2788258,228.1993056,185.3033696,178.0759722,270.2630208,180.9946528,181.1265972,292.8150641,131.6843403,134.4789236,213.5826042,158.0214416,148.9994097
208.738487,92.95795638,195.1549306,252.2979348,171.8923551,267.3435417,217.7398551,162.2171875,319.39875,172.0398611,174.863125,216.6730159,166.1701389,156.7671875,251.2043403,159.000546,165.4772917
209.6728795,106.3185537,190.2113889,255.1313768,166.6536957,260.0916667,217.9751449,171.6103472,343.0967708,174.2097917,216.7483696,206.5501042,144.8189706,155.0644792,246.82125,159.9796504,162.3414583
210.6072719,119.6791511,218.0639236,252.213913,203.383125,253.6730251,259.8905435,193.0896875,301.18625,244.82625,228.3334028,336.9264063,178.7486111,192.0985069,261.223587,160.9587548,201.3931944
211.5416644,149.8995,200.3477778,238.5588043,222.3179348,247.8090092,224.4461957,210.3265972,263.5483681,221.6545139,306.5011765,250.2554762,229.5498264,166.6764236,233.594375,161.9378592,187.1222917
212.4760568,159.3486806,204.1640625,212.7271739,204.8303819,241.9449934,218.2833696,182.8392361,237.3703819,206.6913194,166.5767063,210.3714286,212.1523214,153.8496181,219.8773958,162.9169636,178.7053472
213.4104493,115.579375,166.0717014,184.9993478,196.1870833,236.0809775,181.9203261,129.6498958,168.654375,175.2191667,168.4605208,119.0942778,159.9464998,124.8032639,202.9714583,163.896068,186.9582576
214.3448418,77.910625,108.8654514,149.94125,119.7440278,230.2169617,155.295,137.9634722,160.4570833,145.8632986,142.3906159,120.6727222,98.55597222,87.87548611,153.5672917,164.8751724,99.74095833
215.2792342,86.04211806,135.5186806,201.973875,128.89675,219.9939583,178.8680435,155.1107292,178.865754,162.5616319,166.9710227,182.0727941,128.280625,110.5845175,188.2367708,165.8542768,147.1213542
216.2136267,116.7535417,228.1630903,255.5098864,182.1343841,253.5920486,212.3669203,175.9347222,265.0255903,208.9693056,183.0765079,200.6724167,317.4064583,144.1515909,262.3942708,166.8333812,169.0294792
217.1480191,96.00440972,175.8302778,174.8455357,219.5966835,216.1536458,168.5053986,139.5480556,235.8161538,145.6279861,151.9189855,142.198125,147.6594318,105.1515909,214.4565942,167.8124856,131.1313406
218.0824116,176.9442708,180.3555556,246.1865217,290.4372222,236.4333333,225.4602174,176.1503819,262.1587652,187.6843056,210.0437847,76.88416667,143.4882353,172.4495139,185.8433681,168.79159,193.3628819
219.016804,155.3730208,236.1182639,265.6771739,199.5619792,266.7886806,233.851413,182.9498958,279.4166435,184.2244444,235.9506597,216.166875,154.5983268,189.9030556,213.1625347,169.7706944,196.1728472
219.9511965,140.1861458,225.3297222,245.5592391,169.0031944,258.4402778,193.0132609,145.7085507,296.6745219,174.9484722,195.3859028,195.7933854,160.9956424,164.7476042,205.6721528,170.7497988,174.5657639
220.885589,143.0076042,200.2433333,255.5743478,179.6347917,280.6245833,217.9096739,178.9210985,313.9324002,192.0529514,210.0019792,308.695641,164.2030303,173.5989583,230.6926736,171.7289032,186.7260417
221.8199814,138.2578125,236.9201389,298.9268478,213.9713889,302.5652083,230.3222826,208.1636458,361.3927778,234.1655903,259.4372569,257.6550463,188.7567014,175.1651736,275.0159375,172.7080076,140.71
222.7543739,156.5365972,258.5127431,299.4853261,222.2808333,300.0652083,230.6293478,242.9924306,312.5926389,309.4247917,242.1856159,277.3612745,226.2272917,182.8521528,271.8702431,173.687112,160.8506944
223.6887663,119.4326042,225.133125,329.0980882,208.7880903,316.6447917,214.7922826,196.4418403,329.9392708,243.2099306,204.1527536,308.8307292,200.3655208,167.8869792,343.9679167,174.6662164,140.933125
224.6231588,98.11109848,199.0677431,226.3283696,161.416875,282.3535764,171.4856884,170.3700694,286.9103472,195.2582639,202.1369792,248.8975926,173.6273958,122.0176736,248.7191667,175.6453208,97.9326087
225.5575512,100.2610069,162.9365625,193.8136957,146.3362847,248.0803819,153.1754348,158.3260764,239.0880208,144.7938542,157.7179167,191.3166667,146.7404514,120.1574306,181.1855208,176.6244252,74.32548611
226.4919437,105.3001042,149.7265625,180.595,117.6234583,211.8540625,159.5706884,138.3713194,220.8445486,120.3073958,127.5869097,125.3572222,115.3636111,108.7306944,135.6980556,177.6035296,57.34378472
227.4263362,108.7384028,160.5079167,192.0334783,140.2725347,229.4804861,160.6905797,166.9383333,214.5299653,128.9450347,120.7747917,144.7952564,153.3859028,113.2141667,161.5342014,178.582634,69.54097222
228.3607286,117.8834722,166.0138889,204.8957609,134.3068403,240.1078819,166.1946377,190.4110764,249.3634783,148.3756944,130.6585069,157.8953509,140.0519444,110.8929861,164.6819792,179.5617384,80.36079861
220.2174242,146.3566667,174.664375,234.3588043,157.9121181,257.2845486,196.6913043,216.8306944,241.5537153,184.5120833,145.0455208,166.8563889,140.3499306,137.7464931,178.3927778,180.5408428,93.05851449
280.4604167,200.9649653,204.9625347,259.2867391,180.2310417,294.8807292,216.3610556,179.9889583,248.4904167,190.2715972,170.8148611,183.2344271,163.7041319,167.0107639,197.5163889,181.5199472,116.1552083
249.3654167,154.1096875,229.8854514,268.9616304,185.5839236,301.381875,227.9728333,180.21,266.8613194,209.5379861,196.6027083,253.425625,207.1777381,168.6323958,227.2170833,182.4990516,121.6265217
187.7322222,114.8275,206.3520486,247.1942045,155.6395833,250.42,185.0927899,158.8922917,299.54125,222.0878819,134.7297101,185.6089167,167.5740625,164.3842014,239.1655208,183.478156,105.8883696
187.9852083,123.1167708,159.7419444,171.3079348,130.756875,191.9907292,149.2631522,151.0767361,181.2762847,164.1533681,77.24111111,178.9904762,139.170625,133.9031884,140.1578125,184.4572605,91.22819444
181.7606597,127.8235069,139.6540625,183.5217391,126.8523264,208.9068056,166.0932609,219.3040972,174.8556944,136.8965278,67.53390625,127.2475,130.3055208,112.2716667,135.0163194,185.4363649,90.67041667
238.7996181,157.3679167,174.9441319,229.2681522,162.8058681,273.0605392,197.7166304,300.6902778,218.5944097,173.8501042,623.21,162.7835714,159.0644792,153.3086364,185.2723864,186.4154693,116.8608696
211.3315909,133.8622917,171.8703125,192.9566304,144.8256579,234.7564583,168.7203623,279.4207639,212.7515972,177.9260069,410.0347987,142.895125,164.0532292,136.3484722,169.7441667,187.3945737,102.6651736
161.3707986,119.1511458,139.673125,182.1090909,131.8066667,199.1270833,141.4429762,202.7784028,176.40375,178.5934375,353.8609345,146,141.9152778,123.7851389,159.9104514,188.3736781,92.46534722
165.7771181,97.90246528,176.5090972,219.2247826,153.7325694,242.5354861,177.0175,188.1453125,211.1474306,181.4160764,297.6870702,146,249.4403722,116.9836111,235.9845833,159.3533333,96.008125
166.1198958,110.8213768,190.5350347,257.8016304,166.746087,247.6755903,196.9204348,236.0447222,266.1848611,220.2640625,241.5132059,209.9017857,365.5856818,130.8024306,250.7624653,236.5857639,107.6505556
163.8435764,109.7601042,234.7901042,242.9432609,182.539375,225.8642014,179.3015,158.8774306,281.7225,195.3079861,185.3393416,150.9711111,304.5586364,134.3401389,233.2747917,278.7207292,125.8118841
179.5894792,125.8223913,183.1545486,225.5781522,135.1729861,252.4796875,203.4744565,191.9894097,266.9047024,181.1895833,129.1654774,162.461875,175.1566667,135.7354811,176.4010417,198.0769097,103.1133333
179.9919097,111.8141667,142.7244097,208.9145652,123.8460764,222.3248264,181.2986364,212.3667708,229.3781944,121.7172569,19.63697917,149.1311538,172.7255556,130.7259722,148.6860417,175.7059722,74.16364583
215.8032292,146.8318056,217.3226736,288.2360507,185.0632292,274.6378819,215.0443116,226.3249653,308.7075,197.2620486,110.3225,220.8924242,165.4364247,163.9595486,231.2778125,267.0911806,132.4578472
186.116875,123.4592361,223.2942361,288.2875,208.2217063,265.4526389,211.2486232,203.5100347,292.1728125,233.4864236,366.26,192.767,156.4470571,152.695,273.2578819,261.7246528,131.5221528
171.0466667,125.1186806,193.0880208,232.0752174,149.8048333,246.9738542,177.367971,201.8172917,284.6129861,175.9076389,89.5605303,156.2222059,147.4576894,126.1391667,207.7895833,195.0673611,92.45305556
149.0545486,102.064375,146.2822569,191.9002174,118.2049206,243.2542708,135.6748551,149.1187847,260.2563194,123.0428472,42.405,124.2820833,138.4683217,99.82336806,224.180625,154.7004762,67.47416667
200.8762847,92.83003623,184.2066667,203.3059783,145.0080556,245.8844945,141.8227899,116.6409028,244.2788194,140.2151736,54.6,125.956,129.4789541,110.2331597,222.6391667,229.9480263,95.89305556
166.8483333,108.8365079,131.794375,167.9073551,123.9078819,247.2181061,115.4834259,179.1220556,179.6592708,139.3789236,106.0018056,98.83285714,120.4895864,111.3448958,145.8033681,153.9542361,85.57065972
165.9217014,102.8491304,181.3557986,220.0540217,175.4846377,251.3185417,138.6057889,186.4091319,249.5840972,193.1955903,119.0632986,144.8310053,111.5002187,129.2504514,207.0359375,185.8124653,115.6895486
198.4339236,130.2100926,191.9018056,255.9471739,209.3939583,253.0044097,146.8634917,230.5635764,311.8770833,214.9180903,94.17071429,178.5361765,86.98760417,139.0428819,253.9710069,221.1837917,137.6745833
122.4745139,85.05440972,183.2349653,248.2256522,193.2632639,284.2502778,155.1211946,204.8209375,257.3051389,262.6435417,104.6294789,136.8307738,179.1289236,142.0835,275.1578889,204.2551042,138.8068841
175.9684375,106.438125,155.4758854,264.213,217.6015625,275.7113542,163.3788975,208.6743403,292.7771181,168.5845833,108.9613889,251.75,208.1298611,145.4767857,158.9901786,243.8379167,148.1214773
159.5177431,91.63152778,148.6777431,241.2955952,183.9402083,243.4721875,171.6366004,156.9864236,254.2895486,161.1961111,113.2932988,139.636875,186.7073611,114.1012153,217.5564815,200.9679167,144.0598264
192.022971,120.2147917,174.2255208,266.1801087,193.6245486,238.3734375,179.8943033,132.8964931,286.9420486,219.2338542,117.6252088,121.89125,215.4206597,126.3752083,191.6722505,224.6581597,137.8697222
174.8477431,126.8323611,180.780625,241.7580435,127.9332292,236.9296528,188.1520062,173.5365972,289.9922917,202.3103125,121.9571188,172.8571667,107.3863194,146.9814583,161.7710417,205.9905208,109.8073958
153.9346875,76.94,165.2693403,246.1079348,159.1107292,238.6845486,196.409709,182.3512153,335.0198958,172.1086458,126.2890287,160.31625,141.2845486,140.1680903,222.2057292,182.7707292,113.8396875
135.1968403,108.4628125,129.2967708,180.1790217,103.7284375,181.9369444,204.6674119,123.3834722,232.9257986,100.2880556,130.6209387,141.4306944,101.9703472,91.7175,140.8368056,122.3549306,68.435
168.8598611,117.5028125,158.6636458,253.7630435,144.8346667,251.3253819,212.9251148,229.4882639,327.3931597,159.5001042,138.86,134.2253704,137.9031944,143.8057292,202.5426515,195.8795833,109.6156579
239.0088889,150.786875,192.9210417,281.3432609,146.5137281,284.7630556,221.1828177,227.7594097,369.2586111,182.5398264,118.759,176.4922569,147.3282292,145.6790972,245.1923611,213.5246875,121.2282051
212.2466319,129.2451389,194.0479514,264.851087,149.9301042,277.7430556,229.4405206,314.2305556,346.8690278,170.3067361,153.6046528,149.9625694,129.3976042,124.3880556,228.2620833,178.3822569,105.4592361
213.3524653,150.6245076,207.2809722,265.1072826,168.6276042,252.9557292,237.6982234,184.5878819,359.735,219.0684722,181.7361458,147.5995139,160.2637847,147.4485417,226.8694792,203.7779167,133.9390972
205.2947569,134.6759615,170.2634722,243.1539855,153.5954167,241.5939931,245.9559263,198.3668403,270.6313889,173.4909375,163.2760417,140.4315217,135.7580556,122.7126042,201.1821181,202.5428819,109.2332986
159.0201042,112.3709722,147.2370139,239.5666304,144.0902899,251.6837153,254.2136292,174.5560764,322.3624479,172.5584028,188.2567014,167.9983333,114.6536806,136.7697917,220.0199653,169.8089583,98.89920139
145.9320139,107.3469792,148.9232292,240.9525,154.1386458,265.2107986,262.4713321,230.2271181,271.7952083,184.8760417,186.8534028,162.3704514,138.4565278,134.0605903,231.3632639,191.1550347,108.4241319
222.1952083,159.3040972,194.9017014,284.5244318,186.9760069,281.024375,270.729035,179.5901389,297.904375,246.2214931,216.4632986,197.5371875,156.61625,163.4436111,282.7377174,276.3357986,166.3096875
217.9362153,161.9773958,192.3574799,339.8618182,168.4892308,323.1886458,278.9867378,226.9824653,345.5067708,316.0881597,243.0937153,237.8074306,181.4757986,188.6073264,332.0753125,316.0155903,181.6881597
221.3978472,161.2487153,198.7756783,347.724875,212.3236275,321.8699653,308.657,209.5011111,400.253125,289.0477778,238.303125,283.2527778,170.764375,223.8592708,333.7639236,319.4092105,175.9826042
226.0855208,169.4432292,205.1938766,320.2194318,234.1993056,349.2162153,275.4403261,204.1145486,308.5324653,273.3691667,273.8789236,211.23875,199.7614236,211.6136806,312.7055903,300.414375,173.3024653
193.0310417,150.2848958,211.6120749,300.7471739,200.2337847,270.9654514,277.5656522,240.2011111,324.5921875,223.0094792,246.1566319,230.5577083,201.3930556,179.1016319,266.5075347,228.6255357,152.6778125
97.74708333,81.97541667,218.0302732,132.7402174,111.944375,161.8352431,110.2179348,105.5712847,133.15,99.39940972,109.9144097,95.60940972,83.07152778,93.28232639,104.2911458,109.2168403,71.66048611
153.0751389,91.91927083,224.4484715,155.6431522,137.9614569,175.9234375,178.2867029,130.4889583,205.2926389,164.8839931,121.5295486,106.0977083,92.48295139,107.4838542,135.5514236,140.3271875,81.57552083
141.30625,80.58232639,230.8666699,164.2607971,141.642996,201.2698264,172.9950379,236.4331944,144.7764236,168.8015625,134.0484028,99.66604167,122.8087153,101.6431944,163.4939493,151.5220417,90.24513889
148.4778472,84.24288194,237.2848682,163.55,145.3245352,197.3664583,223.2094907,168.4329167,146.2998958,142.5120139,106.4748958,92.77298611,107.7077778,97.72097222,167.5652083,132.4074405,65.965625
147.9526736,97.424375,243.7030665,200.4059783,140.9676667,227.8584722,198.6731884,169.2647569,227.3639236,154.6957986,154.2933681,135.5009028,156.6838889,122.2708333,213.5177431,162.4716667,98.97506944
138.2771875,123.8176736,250.1212648,216.6215217,186.8329167,248.1440625,217.6503261,144.8426389,225.4774653,189.2073264,175.7753819,155.2371875,167.5295833,150.1459375,270.5510069,196.0090972,118.9860764
82.59214286,122.3082639,256.5394631,220.9930435,166.5319697,242.3317361,221.0041667,170.3415278,254.9653472,236.5909375,228.8488889,171.4855208,152.9425347,170.6161458,246.77875,205.5627778,132.9001042
106.7816667,122.7056597,262.9576615,204.5427174,162.6666304,233.2499653,169.4070313,146.5540972,232.6629861,186.3947917,193.6336806,153.0338043,148.7863889,156.8986458,196.1384028,183.95375,110.3260069
131.2260764,173.3605556,269.3758598,191.8623188,109.0436364,202.7520486,185.6997464,144.2225694,221.2847917,155.0930208,166.4571181,183.6842361,123.5604757,140.4917014,174.3291319,144.5302431,88.67131944
120.836875,169.9597917,275.7940581,148.1755435,85.05141304,144.3291667,147.1393116,111.13625,166.055625,130.7912153,134.981875,149.191,101.2767401,112.1238889,109.1823485,139.4701736,76.69444444
121.06,102.6651389,282.2122564,136.1616304,92.41228261,143.47375,122.3063768,94.26642361,157.2401389,108.8851042,89.68579861,128.9061364,74.33885417,71.4975,116.6979514,121.4465873,74.74305556
121.06,142.01,370.7335,132.4893478,94.71322917,154.2490972,132.2469565,94.57083333,172.4627083,94.40677083,113.4651736,138.4568778,81.41697917,84.07110895,100.5542014,110.4919444,68.7571875
121.06,77.98315972,51.29315972,101.4621739,68.1375,102.9848958,132.2462681,57.36482639,140.1308681,80.49822917,97.15892361,135.9012896,68.42017361,77.68636549,84.39927083,82.1825,49.51541667
121.06,177.4613542,46.89604167,96.21916667,55.16979167,99.60604167,100.5202174,52.4065,150.7218056,63.47048611,87.29760417,133.3457013,104.769375,71.30162203,66.87885417,65.96847222,41.85329861
121.06,59.4459375,53.02513889,87.73597826,47.65043478,58.41364035,187.5838636,37.02458333,119.3043403,68.05024306,29.67,130.7901131,69.56079861,64.91687857,78.83482639,63.93868056,37.27472222
121.06,44.68763889,40.65479167,121.366413,45.05369565,69.54249931,80.58018116,44.47767361,139.0685764,70.26017361,45.39861111,128.2345248,47.62302083,58.53213511,121.7925,67.220625,37.97722222
121.06,46.81645833,31.84055556,92.23423913,47.08890625,74.83258559,63.71315217,53.99833333,116.7585764,50.48180556,47.21267361,166.58875,62.34538194,41.94423077,46.21192308,49.64375,34.34614583
121.06,45.18086806,151.7546014,97.22430556,57.84411301,80.12267187,81.50804348,60.10295139,91.76307018,44.81986111,68.49309028,71.58111111,34.59864583,49.56054167,88.5878125,59.32670139,39.80493056
121.06,60.20086806,94.34744282,109.8697826,66.32435186,82.50717949,105.556087,75.60163194,136.6854861,55.0346875,73.98958333,69.48590278,67.45989583,51.81395833,75.25541667,74.37472222,49.54878472
121.06,64.87430556,64.24796296,117.5156522,74.80459071,112.8051042,101.9687319,69.68444444,124.1851736,66.46934028,73.18829861,79.20607639,72.38947917,63.23197917,96.26958333,80.00753472,48.933125
117.363,73.92104167,57.88694444,130.0486957,83.28482956,105.7105208,110.9070652,93.71024306,138.1585764,76.59041667,93.39541667,109.0123611,82.91921053,85.6553125,112.4294444,99.57444444,64.98756944
135.6582986,98.38798611,121.9754167,148.8925,94.63425926,151.2773611,140.4941304,112.7815278,203.4062847,106.1501389,110.1181597,134.1871875,112.6748333,109.3445139,121.135,119.5762847,75.32305556
133.3554514,94.10204861,91.06270833,146.3083696,97.60470238,139.0781597,147.7566667,99.69652778,164.7801736,93.73336806,102.1647917,118.0642708,113.5245238,89.51541667,117.3905435,112.4054514,70.10420139
88.94496528,65.67423611,73.27978261,117.1788043,80.13387389,103.1407639,101.0995652,60.37760417,144.31125,76.67482639,62.35253472,92.11,80.03305556,74.92645833,56.88166667,80.01666667,47.32201389
78.29375,64.14888889,58.75474253,112.5591304,61.58819444,83.22503472,93.48108696,66.35607639,174.8735417,66.82159722,61.43527778,78.52475694,78.01916183,63.53958333,68.29357639,76.11701389,45.56142361
103.3004861,76.11358696,38.78520833,128.2459783,78.71486111,120.9413542,113.5785145,100.7727431,133.90375,69.95767361,83.65215278,92.91663194,72.22684911,79.72885417,97.25409722,96.47722222,59.82739583
86.45649306,63.92149306,40.05756944,107.8588043,48.71875,115.0572222,90.88065217,63.648125,142.7386458,57.81059028,62.46826389,83.79055556,66.4345364,62.56274306,82.20385417,74.76986111,43.90756944
81.67777778,60.9721875,28.63048611,95.62021739,58.69208333,103.1327431,81.87634058,70.01090278,145.2355797,54.92125,55.14868056,76.495,60.64222368,57.15079861,68.36177083,77.66486111,43.86395833
104.2773958,58.81107639,53.88510417,102.9723913,51.62108974,100.6472917,90.33471014,57.50222222,112.3572917,49.49868056,61.79180556,85.86597222,48.84607143,56.43612319,72.19302083,67.00083333,39.94395833
89.52680556,68.905625,49.05256944,110.2667045,64.45857639,107.1503472,103.6109058,71.77427083,124.6936458,64.71979167,63.51024306,89.59690972,77.79358696,71.52552083,79.70857143,77.69565789,50.80753472
143.1530903,105.1603125,75.87284722,153.7136957,105.3902899,148.1638542,152.4801449,132.7046875,206.3240556,93.96215278,105.2432986,130.3757738,109.8732986,104.9790278,121.9,142.2761275,75.74388889
187.8285764,140.5310417,111.0946875,215.3395652,139.968587,177.6526961,217.7188406,162.6928125,226.5770833,149.8904861,131.2199306,156.478125,149.16375,138.0551389,129.0278414,150.9572569,102.9117708
177.4359375,127.2938194,114.2710764,219.1202381,128.470119,168.887306,205.957029,143.8009375,252.7674306,183.9178819,121.616875,182.3961458,129.6631944,136.0197569,143.0814767,169.3000694,110.200625
156.6810069,106.6876736,104.8627431,185.7822826,159.5323485,164.8469211,172.1951812,107.7090278,225.5023611,147.3969792,132.7975347,124.8706944,137.0618403,117.9365278,169.5061111,149.8173958,110.1191667
165.7275347,86.88638889,90.05927083,191.2117391,130.9972727,160.8065362,163.5811594,151.7028472,203.283114,121.2076389,129.5379348,138.6945486,135.1166667,131.9873611,153.1861111,133.8777083,93.34486111
136.2729348,117.4337745,82.27180556,155.7011232,98.66897436,156.7661513,142.6497826,111.4349653,177.6321528,100.3448958,87.95881944,128.2824306,80.78041667,109.2425347,115.8211957,98.96902778,61.59895833
131.8535069,106.7831159,90.24388889,176.1002174,95.61314394,152.7257664,161.2689855,186.7674653,202.2780903,96.7603125,99.0221875,109.0175347,92.52118056,102.2339236,143.2544792,109.4692014,68.48913194
249.8181944,103.5233333,79.68895833,195.3972826,114.5112719,148.6853815,172.8227174,114.3624306,228.5162847,106.8060069,103.6653472,128.7303472,93.14371528,108.4975,152.8535417,131.1346528,64.83690972
281.4818182,99.50385417,56.04055556,152.2915217,90.61778986,144.6449966,140.4882609,99.76756944,196.7461806,82.33788194,102.7602778,103.2420139,75.39980769,100.4651042,118.4308333,94.30357639,62.89135417
177.664,67.60032609,58.00006944,140.0486957,80.82742754,140.6046117,115.1648913,80.96684028,195.5194792,78.92572917,87.68864583,92.33083333,77.04195678,84.41861111,115.2488542,80.43090278,60.15190972
102.8002431,71.09447917,54.85975694,128.9977174,75.66746528,136.5642268,100.2377174,66.40590278,161.3788542,70.82583333,88.9646875,78.39013889,76.25635604,61.52537879,107.0600347,73.43795139,53.11875
98.90010417,75.999375,53.90361111,119.3481522,74.03552083,132.5238419,112.3684058,87.62295139,162.4192014,89.14079861,108.5792014,96.01027778,75.47075529,97.30338235,94.22659722,76.14684028,52.73809028
131.3342014,106.3492708,68.07006944,166.8575,95.71398551,128.483457,158.2796014,132.2450725,161.6119792,100.0643056,92.0971875,84.75423611,74.68515454,95.80774306,138.5142361,108.6386458,68.08392361
136.4127778,208.9333333,86.61829861,181.8301087,125.3743841,124.4430721,203.6444565,158.39,197.4824306,105.4644444,79.29550725,101.1085417,73.8995538,112.7854167,164.4913194,119.4958333,77.3759375
107.88875,86.21423077,66.7753125,129.158587,68.32947368,120.4026872,110.6911594,98.21152778,183.0840625,60.02772727,68.16583333,76.45604167,73.11395305,72.41194444,96.28793478,77.248125,55.77399306
70.88475694,65.22322917,53.28659722,100.1170652,59.07315972,116.3623023,87.27887681,67.92822917,145.8253819,59.16939394,46.65420139,69.40795139,72.32835231,60.1559375,71.25229167,57.28510417,51.81371528
63.36645833,59.55732639,47.02628472,69.12543478,52.91097826,112.3219174,73.25807971,36.27975694,161.3503472,40.97430556,43.00461806,54.52815972,71.54275156,46.15326389,51.02284722,50.13173611,35.91690972
221.300942,70.72774306,46.40701389,80.6151087,61.84430556,108.2815325,74.69061594,40.02798611,156.7814583,54.55989583,43.61986111,59.78458333,70.75715081,59.23579861,72.59180556,55.88024306,46.33166667
64.506875,66.36579861,60.17604167,88.85666667,64.20880952,103.7480769,83.30822464,59.79170139,129.9475694,54.88017361,56.59881944,67.0925,69.97155007,58.96111111,82.76,59.2465625,46.64395833
87.25864583,93.51940972,57.36072917,122.1229348,84.83239583,104.9607986,113.4612319,77.971875,184.6120833,82.75197917,67.73746528,99.48391304,69.18594932,89.80076389,97.39854167,81.54274306,59.50947917
96.73489583,95.96135417,56.41666667,97.65021739,77.75920139,90.62309028,110.2410507,70.68510417,166.4535507,85.54756944,73.2075,80.80413194,68.40034857,82.14666667,86.758125,79.585,56.33517361
71.84704861,77.61125,64.66072917,96.70521739,76.19670139,91.914375,95.51224638,76.99190972,148.3640909,68.0015625,57.01079861,76.80277778,67.61474783,67.89534722,77.91239583,56.53461806,50.76537879
58.673375,62.16007576,48.82451389,81.13858696,47.94166667,85.26788194,80.16155797,57.19954861,133.395,47.47607639,39.54534722,61.63514493,66.82914708,77,59.59572464,39.2140625,39.16897727
60.3040625,64.49041667,40.68694444,71.24427536,47.48711806,82.41253472,82.51626812,39.88840278,208.579375,60.13569444,36.92128472,62.695625,66.04354634,63.66562879,80.82395833,40.74555556,41.18960145
45.3125,49.17072917,44.09190972,74.6651087,42.57013889,73.85697917,68.60083333,33.62885417,173.5650694,47.35190972,26.45152778,54.04118056,65.25794559,57.00935572,90.865,43.35184028,46.715625
45.49854167,54.47479167,28.64822917,57.87336957,43.06006944,69.35954861,54.2242029,31.77770833,83.69375,47.805625,33.54760417,43.42583333,64.47234484,45.54614583,50.892,41.92985294,32.52323529
44.04135417,51.07611111,35.49166667,65.14141304,36.81479167,74.79361111,67.53525362,31.57236111,155.224058,54.21670139,32.090625,51.39427083,63.6867441,44.63493056,55.34548611,48.41443234,34.116
50.53649306,53.2328125,42.86454861,80.13706522,52.59104167,84.4334375,67.32619565,33.41653846,165.2697826,59.03048611,47.03979167,59.63427083,62.90114335,42.36611111,61.73201389,52.12638367,36.9934375
53.165625,54.8853125,49.60899306,91.02647727,59.16618056,87.98444444,70.92094203,25.61,137.163125,54.1023913,58.29489583,59.17125,62.1155426,50.39243056,68.05871528,55.838335,45.74407407
60.74059028,60.26638889,52.68951389,81.1875,60.55632576,89.03677083,73.40079167,28.6039159,168.0915909,52.15774306,50.8515625,67.53732639,61.32994186,51.50565972,65.21579861,62.3765,42
55.81732639,60.47552083,44.99767361,92.78994792,53.82854167,99.4185,71.50194444,28.92817967,175.6985417,46.48131944,57.10378472,61.10041667,60.54434111,46.2009375,67.44798611,59.74225694,51.359375
62.08638889,65.17583333,51.16923611,75.26364583,56.00881944,94.84625,64.58960145,29.25244344,181.6606522,49.36177083,46.0028125,54.9734375,59.75874037,51.45326389,63.4890625,51.78899306,57.14583476
58.60131944,62.84375,63.2065625,69.80336806,55.82623188,92.62305556,77.49608696,29.57670721,154.6734783,51.20270833,54.13527778,63.66611111,58.97313962,55.39942029,65.2321875,58.01072917,67.828
71.13107639,99.38116667,51.50732639,96.37038194,73.07666667,112.3027778,102.4568116,29.90097098,208.9801087,94.1753125,59.35621528,80.83697917,58.18753887,70.01920139,77.15635417,75.66153509,53.51979167
102.9058333,98.97625,72.56104167,140.4184375,99.10944444,129.5597569,131.6906522,30.22523476,206.6356061,89.81760417,88.73072917,105.8408681,57.40193813,106.2090476,112.4255208,114.1867361,68.05847222
107.5003125,103.5011806,70.90135417,123.6709375,107.4287319,138.7511806,129.4421377,30.54949853,261.042451,90.49041667,70.56725694,105.9345833,56.61633738,113.4345139,132.3606667,357.9706597,69.46611111
106.9201042,99.100625,59.53451389,115.780625,140.5925397,115.3107986,124.3563636,30.8737623,226.747549,92.42253472,69.92305556,103.8560417,55.83073663,106.1677431,95.53357143,285.1003623,60.97885417
71.65572917,69.00951389,40.97388889,76.48326923,161.5969318,94.66013889,80.30047101,31.19802607,172.4622222,68.61434028,54.28725694,68.425,55.04513589,66.17430556,70.73090278,149.2366667,40.53239583
47.85815972,48.29671053,22.64083333,84.01257173,43.32375,89.11790043,56.45020833,31.52228984,196.545592,52.82368056,17.85173611,70.61257308,54.25953514,36.64041667,44.26927083,143.2063194,24.02326389
60.49920139,64.13989583,28.80722222,87.631,73.03259259,81.769569,68.74695652,31.84655361,219.2326923,57.41482639,56.35479167,55.10175,53.47393439,46.94444444,52.85006944,95.29642361,60.64282609
59.16135417,59.30503472,32.61694444,67.39058824,146.0016667,73.08541667,67.33942029,32.17081739,154.2620139,55.33517361,32.82298611,61.63180556,52.68833365,51.082,50.81451389,59.22396825,38.22045139
44.69305556,52.80954861,31.00538194,86.65673077,62.81222222,75.84760417,70.16297101,32.49508116,187.2144231,39.3371875,72.43006944,58.83260417,51.9027329,43.42409722,56.12166667,56.57712963,34.37510417
51.38493056,54.11215278,44.13645833,75.46385417,44.7355,76.09145833,71.56416667,32.81934493,173.1282937,37.71465278,47.83017361,51.19142361,51.11713216,43.58340278,66.30461806,58.52090909,37.25996528
49.9346875,55.41246528,35.35767361,67.38114583,53.23375,68.74861111,70.4478125,33.1436087,156.2434583,45.34663194,62.94861111,54.43788194,50.33153141,27.57583333,65.00715278,64.26163194,34.76236111
62.85777778,64.11545139,67.62177083,79.78989583,55.89558946,79.67020833,76.81958333,33.46787247,183.6854861,49.32909722,65.74663194,59.82916667,49.54593066,60.84779762,70.55482639,65.44753472,38.75972222
58.93305556,62.69586806,54.32618056,76.48854167,58.24964286,79.24888889,74.06199275,33.79213625,170.7280208,68.44489583,47.53183333,57.75927083,48.76032992,51.29680556,62.96708333,63.30760417,46.54777778
61.9721875,58.76048611,45.00465278,75.17625,57.81777778,71.68451389,77.55895833,34.11640002,143.1243056,50.16347222,65.90970238,73.61416667,47.97472917,52.67771739,63.55024306,68.46128472,37.02552083
59.90538194,62.805,44.56972222,82.295,72.77854167,85.55965278,77.230625,34.44066379,186.0726852,42.41461806,85.4909375,75.17340278,47.18912842,59.89055556,79.03697917,71.20684028,34.66217391
53.28524306,55.40246528,34.60513889,76.31427083,56.58738095,65.66520833,70.861875,34.76492756,195.1198106,45.50934028,87.162,70.8671875,46.40352768,48.27836806,59.04506944,61.27788194,38.44644928
52.90663194,54.21895833,22.95307692,56.96461806,78.14377364,49.1171875,54.42173611,35.08919133,185.5571491,46.91847222,42.21213768,57.989125,45.61792693,41.55345238,38.47444444,53.67138889,33.86605072
51.69045139,56.04985507,14.36636364,64.14642361,106.8593182,54.22027778,65.49425,35.41345511,195.7367593,55.53420139,43.26692308,67.62071429,44.83232619,49.28511905,46.97308333,96.96133333,41.64695652
50.22694444,48.52044118,10.175,56.918125,60.025625,54.77510417,62.16732639,35.73771888,150.9493452,54.12645833,46.07088235,73.96267857,44.04672544,44.78409722,46.51458333,56.96454861,41.37510417
41.05177083,44.825,15.88437166,63.55838235,62.69015152,54.49756944,62.89381944,36.06198265,160.5107639,40.49836806,30.33375,67.59639082,43.26112469,37.54263889,44.05809028,52.60034722,34.25458333
46.05420139,60.41944444,18.81399955,88.04571429,98.01996032,65.3484375,76.52938406,36.38624642,139.4264236,37.98965278,71.57897436,58.37333333,42.47552395,45.00795139,52.00350694,56.2471875,35.54268939
55.87784722,65.12260417,21.74362743,93.83045139,92.60525,86.32378472,81.93043478,36.71051019,170.0026736,59.79434028,64.30469697,74.603125,41.6899232,58.71492754,78.46342593,70.91336806,35.60869565
67.82298611,74.96979167,24.67325532,97.9978125,64.65052083,92.24381944,95.64253472,37.03477396,150.6138492,43.74888889,68.53611111,80.10746528,40.90432245,69.10013889,78.4265625,97.12885417,45.81608696
61.22326389,59.72444444,27.60288321,86.73947917,64.11586806,79.06958333,78.77114583,37.35903774,128.5578125,36.99302083,53.33944444,65.48782609,40.11872171,57.84930556,73.83465278,120.4329167,40.57638889
53.17798611,49.64194444,30.53251109,76.53753472,54.33944444,66.493125,78.25357639,37.68330151,182.73875,29.22322917,61.85861111,51.2878125,39.33312096,41.29256944,50.77267361,60.64854167,36.09649306
34.97565972,40.2503125,33.46213898,56.9328125,37.83625,44.01777778,73.85236111,38.00756528,170.2201042,29.43701389,85.32298611,44.23732639,38.54752022,29.96305556,33.88565217,43.10336806,27.35215278
46.58590278,53.05131944,36.39176686,73.94510417,47.01847222,55.48262834,80.5225,38.33182905,155.3507292,24.79350694,95.47618056,56.7721875,37.76191947,39.87822917,36.96576389,55.006875,37.44736111
59.2246875,56.51736111,39.32139475,81.3890625,46.16364583,62.99637102,78.31213768,38.65609282,141.843631,44.66885417,39.60072917,59.50614583,36.97631872,45.64222222,45.10197917,63.37336806,40.49986111
71.61600694,66.78649306,42.25102264,96.0440625,54.58769841,72.68583333,92.5548913,38.9803566,165.2465278,45.04309028,62.20607639,71.03736111,36.19071798,55.29724359,55.2446875,115.2869792,43.3328125
68.22951389,66.18802083,45.18065052,93.3090625,52.2,65.69420139,86.02619565,39.30462037,216.4262302,52.10380952,75.56121528,69.23336806,35.40511723,62.73102564,54.19807018,95.75020833,43.95392361
59.42927083,59.33052083,48.11027841,62.6071875,50.04022989,45.67208333,87.33021739,39.62888414,111.7470588,36.66305556,107.1010417,64.52534722,34.61951648,52.60138889,36.69357143,76.60787037,34.26496528
46.60072917,53.72034722,51.0399063,35.6095,47.25598485,40.01611111,65.35902174,39.95314791,103.429697,60.01138889,100.3023611,58.2877381,33.83391574,40.44479167,52.72371528,72.38739583,53.33704861
71.77711806,68.86173611,53.96953418,110.8861111,42.90104167,51.09777778,101.8863542,40.27741168,99.13768116,67.89642361,64.55358696,86.04850694,33.04831499,54.78416667,76.33142361,90.30336806,55.05236111
78.1225,80.78708333,56.89916207,80.2390625,67.99274306,63.54416667,121.7291667,40.60167545,111.7507986,64.78128472,44.60444444,51.09006944,32.26271425,63.68038194,78.60274306,77.43232639,36.26631944
63.09760417,75.08818841,59.82878995,74.1690625,95.26166667,57.29097222,280.6840417,40.92593923,86.74114583,63.54135417,44.45083333,78.64982143,31.4771135,54.0525,71.2653125,83.34277778,44.42444444
57.84,68.6646875,72.94864583,64.019375,64.87965909,51.85027778,143.899697,41.250203,68.42814394,51.11895833,46.83486111,55.15391667,30.69151275,57.56927536,56.45246528,79.40404762,43.91229167
58.13791667,65.29352273,34.73145833,59.42645833,48.83494048,51.83971014,91.98260417,41.57446677,80.27361111,38.63992754,49.70517361,51.90409722,29.90591201,51.79016667,56.11024306,72.86819444,51.5425
57.00072917,67.58314815,36.005,61.031875,46.98013889,46.71600694,75.05232639,41.89873054,59.38298611,53.60940972,47.13774306,59.71184028,29.12031126,58.50922619,56.88288194,173.3355556,45.58319444
63.1075,68.84345238,53.16954861,62.50114583,45.34111111,54.25854167,74.68020833,42.22299431,87.10663194,35.08421875,50.85576389,63.92350694,28.33471051,60.90875,60.67020833,109.3469097,49.19340278
58.85822917,71.06510417,51.4484375,66.69947917,49.63298611,58.08822917,81.38986111,42.54725809,116.2924653,65.0562037,56.57409722,70.0725,27.54910977,59.37548611,58.39399306,371.6531818,43.85722222
67.55135417,74.58895833,37.83121528,73.56739583,52.3246875,65.59680556,90.646875,42.87152186,148.8391319,59.30677083,60.56923611,63.98034722,26.76350902,62.74579861,63.72048611,344.9991667,51.51350694
68.715625,72.37732639,36.83472222,90.59197917,56.07940972,66.33298611,89.95277778,43.19578563,145.9670139,62.11315972,58.52239583,86.4946875,25.97790828,64.48381944,61.59944444,168.5155208,49.06934028
71.54625,77.77458333,40.004375,100.4982292,63.68534722,76.17739583,99.79680556,43.5200494,182.8718403,82.633125,74.31006944,114.3520486,25.19230753,71.61833333,72.02701389,93.33048611,56.0275
60.325,71.62760417,42.71475694,95.81114583,61.41232639,71.15177083,102.8422917,43.84431317,183.7810069,72.30954861,64.17673611,104.4584028,24.40670678,60.80475805,67.12819444,617.9983333,51.0196875
95.31539206,67.55208333,35.91475694,82.843125,61.03152778,66.29069444,85.6390625,44.16857694,170.4693403,85.90454861,52.78489583,100.6625347,23.62110604,62.49576389,59.03902778,465.8355072,46.47538194
122.6304077,58.05892361,35.87805556,53.776875,51.48298611,57.0465,81.16694444,44.49284072,151.7640972,65.18215278,62.16430556,83.62916667,22.83550529,51.21472222,49.52506944,95.00826389,37.89427083
149.9454232,38.4890625,42.65065972,54.05981066,35.82996377,61.87969711,63.64666667,44.81710449,73.6984375,40.11243056,34.94854167,167.1041667,22.04990454,29.40836806,42.14652174,260.7868478,34.07111111
177.2604388,33.38701389,25.93270833,49.95151275,37.59625218,65.07940177,31.87371528,45.14136826,25.7965625,26.46520833,28.67267361,93.15614864,21.2643038,26.91947917,29.05135417,184.9285417,24.3748913
204.5754544,44.19671053,35.46399306,45.84321484,35.85223384,68.27910643,46.3834375,45.46563203,68.66615942,32.55520833,69.62371528,73.63510519,20.47870305,32.30775362,46.39725694,519.5644048,62.14329861
274.8791667,41.80291667,36.77,43.0396875,34.19891667,71.47881109,45.61774306,45.7898958,74.30069444,26.75298611,27.12760417,38.57530303,19.6931023,26.26173611,33.05496528,43.89677083,39.72784722
70.07183333,35.51541667,21.31496528,30.36427083,30.20899306,81.6212963,36.82065972,46.11415958,65.58617424,29.59427083,17.18586806,28.63147436,18.71,28.20942029,29.99777778,36.77337719,31.15173611
29.73049242,36.00479167,24.32454861,29.37854167,35.41326389,28.36638889,39.88020833,46.43842335,53.53541667,26.26888889,10.05284722,50.3780303,19.11042548,24.96184028,29.72291667,77.03476664,42.95256944
25.02,31.85475694,25.35850694,30.53447917,37.83423611,21.93809028,36.80735507,46.76268712,58.71527778,17.67791667,15.31444444,19.461,19.31334941,23.31583333,29.58319444,44.90694444,43.35295139
26.5822975,39.85635417,30.67236111,41.11770833,42.44270833,34.6753125,44.04670139,47.08695089,70.01923611,35.32861111,15.95454861,28.21527778,19.51627333,31.74760417,37.84121528,53.44625,49.38875
25.31500404,31.43711806,40.15711806,34.4834375,38.78038194,32.2340625,33.30607639,47.41121466,57.08711806,19.74138889,18.52291667,31.7709375,19.71919726,24.53621528,33.8528125,185.8426111,44.41642361
23.41583333,34.56180556,22.55944444,35.09102273,34.02315972,31.05145833,52.8667029,47.73547843,53.47979167,38.15628472,31.93298611,41.51545455,19.92212118,26.26940972,36.33638889,149.4293403,42.87878472
24.51215278,36.73583333,18.51979167,33.46055556,31.69260417,26.54166667,39.5859375,48.05974221,40.31477273,25.35302083,14.38125,24.78536232,20.12504511,26.31909722,27.99055556,192.1824306,28.37988636
31.85206349,41.10940972,17.46697917,47.91020833,34.26319444,38.3378125,45.63977273,48.38400598,48.15837121,40.97506944,24.1934375,30.84356061,20.32796903,33.65243056,37.07628472,105.6904514,40.66881944
20.03836806,27.81541667,6.020555556,29.81,28.86394444,25.66340278,25.58923611,48.70826975,50.50048611,18.63190972,18.93763889,20.97929487,20.53089296,20.34006944,22.43864583,25.66163194,27.24659722
25.17604167,32.24878472,5.994375,30.15322917,34.10534722,25.03982639,30.47541667,49.03253352,56.08072917,22.55239583,15.97059028,30.51883333,20.73381688,23.89072917,25.99423611,151.684951,37.16197917
44.36545139,64.47729167,17.27454861,68.82395833,60.81503472,52.52701389,69.57684783,49.35679729,91.65861111,56.37076389,48.75333333,48.02440972,20.93674081,52.43361111,57.56024306,265.0302431,70.47354167
48.63055556,52.19879167,14.98215278,57.73607639,59.65177083,47.16291667,56.84989583,49.68106107,93.59635417,57.136875,44.19625,41.70770833,21.13966473,46.45076389,51.19072917,131.3972569,60.82065972
39.13061594,67.27479167,16.25576389,70.85416667,56.15302083,54.18052083,70.10197917,50.00532484,83.18371528,55.97600694,41.58232639,46.76291667,21.34258866,49.98880435,54.10449275,91.95065972,60.04513889
47.63930556,60.88982639,19.21728261,79.92208333,51.94815972,60.51951389,76.95474638,50.32958861,105.4346181,77.95888889,42.48416667,49.22706522,21.54551258,47.46211806,59.83611111,107.8769097,64.67715278
50.20402778,58.69388889,17.5543585,78.33618056,46.61678571,66.6175,78.33923611,50.65385238,121.7798016,67.4428125,51.95635417,56.12988636,21.74843651,43.77621795,62.6821875,188.9461806,63.55739583
46.10684028,54.67388889,18.55489583,64.84760417,36.30309524,6.885,68.59472222,50.97811615,114.3973958,65.0615625,46.45013889,42.74927536,21.95136043,34.61285714,54.17288194,72.68618056,60.51885417
31.05326389,38.16756944,10.28270833,41.400625,28.48597222,18.28133333,41.32614583,51.30237992,69.26090909,36.52534722,27.11086806,25.34119792,22.15428436,27.99767361,30.02391304,55.60565972,31.28913194
42.47909722,51.46868056,14.00114583,62.60583333,47.50472222,58.16336806,72.55944444,51.6266437,98.23065972,47.39315972,78.91756944,47.32304348,22.35720828,41.01822917,51.20482639,79.38263889,63.03503472
33.18479167,44.90284722,14.22555556,51.54760417,38.32715278,46.50954861,54.5140625,51.95090747,89.03508333,34.49621528,28.0684375,36.27607639,22.56013221,34.50420139,42.31916667,49.868125,53.72555556
23.24476852,32.70475694,11.75822917,30.93378472,27.20409722,29.98211806,31.58388889,52.27517124,64.18655556,20.48670139,23.65704861,18.25028986,22.76305613,19.31118056,25.24354167,31.18513889,30.22440972
23.11336806,33.64861111,11.239375,36.82045139,41.16767361,35.02680556,31.14402174,52.59943501,53.43027778,19.36770833,31.83305556,15.39411458,22.96598006,21.45625,34.59635417,51.87677083,45.85190476
32.96871528,38.17371212,13.7209375,44.25020833,49.23086806,45.13232639,39.39767361,52.92369878,47.37586806,31.79572917,50.15159722,19.78057692,23.16890398,28.02215278,43.23604167,54.12988636,50.91659722
41.64788194,47.03697917,17.51097222,54.54333333,58.5978125,57.56716667,49.95881944,53.24796256,58.11579861,43.02878472,31.26875,34.54387255,23.37182791,40.41784722,49.3323913,61.71875,63.80385417
33.49430556,37.98427083,9.997395833,39.32958333,36.01940972,39.34057692,36.19791667,53.57222633,42.02833333,30.26204861,36.15410116,29.07607143,23.57475183,26.94055556,34.76854167,37.79236842,38.31475694
30.87170139,36.30836806,8.813402778,54.89628472,54.65333333,35.81809028,43.18201389,53.8964901,39.76677083,27.45760417,37.17660848,28.9575,23.77767576,26.4925,34.69607639,45.24090909,44.0490625
27.54753623,36.16850694,8.475902778,29.80104167,22.97375,26.38506944,31.84270833,54.22075387,47.71486111,24.5478125,38.1991158,25.25458333,23.98059968,24.04861111,27.04697917,44.35701138,31.94930556
28.25395833,32.63850694,9.923611111,41.845,45.11305556,39.30805556,35.76048611,54.54501764,46.98875,27.28020833,42.19416667,27.58635417,24.18352361,26.26681373,39.24243056,43.77822682,51.95100694
35.9003125,40.82112319,10.63517361,47.45666667,44.44309028,44.73361111,39.77666667,54.86928141,56.7578125,37.05760417,35.09913194,27.27988636,24.38644753,28.97149306,39.12708333,43.19944227,48.08111111
23.09166667,28.1625,6.405138889,30.14541667,29.83771739,27.91763889,29.22666667,55.19354519,39.70114583,20.43729167,21.76840278,21.09125,24.58937145,17.30771739,23.17847826,21.537,29.47222222
24.1425,31.28215278,9.901493056,30.41385417,35.7603125,26.44006944,30.9115625,55.51780896,47.86725694,19.73510417,14.53868056,20.792,24.79229538,20.78952899,26.75802083,29.1335,30.64559028
30.2159058,38.75149306,9.170694444,44.54552083,40.58878472,40.04201389,39.66756944,55.84207273,46.91069444,52.05833333,33.78927083,26.0857197,24.9952193,27.12631944,33.57534722,123.2653772,35.70291667
32.6815625,39.46739583,11.09666667,43.4771875,48.02871528,47.3078125,44.45163194,56.1663365,62.63961806,26.896875,84.44222222,31.31318182,25.19814323,32.14711806,42.08072917,182.1967715,42.26960784
38.54260417,50.23482639,19.52746528,48.54222222,47.41708333,54.95972222,56.93347222,56.49060027,73.67871528,46.4659375,38.62038194,41.42333333,25.40106715,38.06194444,41.68,241.1281658,40.69747399
37.83753472,47.46822917,16.66496528,53.23708333,46.88395833,46.61454861,46.64357639,56.81486405,78.28600694,69.7203125,39.86798611,31.69901515,25.60399108,35.50714286,45.74034722,300.0595601,39.75916667
36.03548611,52.50690972,19.25392361,49.04771739,41.40552083,48.24552083,57.14034091,57.13912782,64.32699074,40.60456522,33.49201389,48.38529412,25.806915,69.47375,41.86909091,358.9909544,42.67753472
43.78256944,54.50807692,19.59527778,63.18263889,53.859375,51.64413194,67.68742754,57.46339159,99.14030702,50.25553571,41.59777778,58.71826923,26.00983893,51.99608974,51.37013889,417.9223487,53.09043478
43.56916667,54.9975,20.43711806,60.29204861,52.63661765,56.29565972,58.30913194,57.78765536,98.21958333,52.31992426,28.4753125,40.9990625,26.21276285,46.53677083,43.59674242,695.9804167,48.55722222
44.17354167,53.6675,17.85020833,58.76822917,46.94125,51.20836806,59.64980769,58.11191913,93.98163194,54.69811072,26.79,53.34743056,26.41568678,50.86163194,54.17672619,279.6683333,48.12229167
50.47,69,26.39836806,68.1234375,56.41371528,57.31211806,67.22122752,58.43618291,99.07927083,57.07629718,53.32575,49.78659722,26.6186107,52.74118056,53.32934028,68.61708333,0.84125
50.47,61.1575,24.5465625,65.72104167,56.09420139,58.30711806,72.11745405,58.76044668,111.5459375,59.45448365,87.08201389,56.57777778,26.82153463,53.48965278,56.4128125,67.50413194,1
50.47,69.66666667,24.66180556,69.18916667,56.39739583,56.13767361,80.95034722,59.08471045,106.6345139,61.83267011,92.80559028,79.17934028,27.02445855,57.21583333,55.69788194,68.07,34.28715278
46.01640351,69.21333333,26.63336806,78.56410714,57.04670139,58.010625,76.91642361,59.40897422,133.9041667,64.21085657,34.17618056,65.91552083,27.22738248,56.32670139,54.36454861,114.720625,37.74197917
44.78245833,65.70051282,26.51027778,77.50802083,52.36965278,59.55513889,76.68913194,59.73323799,112.3588889,70.06045455,46.25622351,71.33293478,27.4303064,55.84791667,55.21545139,87.656875,38.31545139
35.11010417,55.180625,17.45446078,74.6151087,51.44258021,54.86868056,77.048125,60.05750176,101.0417014,57.76125,45.00395696,44.10774306,27.63323033,49.03493056,53.10409722,60.86239583,37.536875
36.47183333,54.53694444,26.22569444,63.63638889,49.93926116,52.14381944,81.18388889,60.38176554,122.2420833,57.99645833,45.99461538,64.74354167,27.83615425,47.08458333,47.17637255,58.4953125,39.0915625
32.81659091,54.32204861,11.21761364,67.36020833,48.223125,52.94940972,83.23243056,60.70602931,105.1735417,54.28388889,35.5128125,68.38795139,28.03907818,46.72041667,50.58515948,57.20534722,39.09731061
36.62934155,58.35371528,16.33170139,57.29895833,47.36493056,52.1415625,71.44236111,61.03029308,101.6463889,55.3640625,33.77194444,50.61975694,28.2420021,50.56024306,51.73248502,59.25958333,39.0509127
38.99208333,61.87520833,7.526284722,61.49135417,48.20186508,52.31993056,69.64020833,61.35455685,154.7559722,60.906875,42.54822917,62.21277778,28.44492603,50.40770833,56.31972222,62.65746528,38.21440476
44.77996528,53.86829861,14.84416667,44.80964286,43.86819444,42.75170139,54.51166667,61.67882062,79.98354167,62.41003472,28.03625,51.26628472,28.64784995,43.93819444,45.9834375,53.86829861,37.87835071
38.83267361,49.89552083,12.63845148,61.00795455,38.92791667,44.90472222,66.70427083,62.0030844,88.015,42.64482639,30.62854167,50.01909722,28.85077388,42.39649306,44.33291667,57.16208333,37.47204549
33.07626812,41.40135417,11.96322995,59.1859375,20.23451389,41.83517361,73.6040625,62.32734817,100.7546528,39.1521875,30.6359375,61.44788194,29.0536978,36.4353125,45.81767361,53.53277778,37.06574026
27.03880435,44.11565972,11.28800843,56.4253125,17,37.07954861,76.03628472,62.65161194,103.0069792,25.31503472,33.4621875,51.63211806,29.25662173,34.15979167,45.30927083,49.15270833,36.65943503
37.31288194,51.74447917,10.6127869,65.56425,17,47.56284722,83.01149306,62.97587571,101.1469444,42.09965278,20.90043651,62.31711806,29.45954565,39.74052083,46.90861111,61.69674242,36
30.38041667,51.89413194,9.937565369,60.15635417,17,48.17493056,76.32465278,63.30013948,93.83885417,45.6928125,14.6825,55.31375,29.66246958,40.22479167,46.0775,53.31875,36.42952524
30.87227273,44.99236111,9.26234384,56.48239583,17,42.74892361,70.1671875,63.62440325,103.5736111,35.90923611,17.99645833,68.35020833,30.57475,34.55930556,43.74611111,50.41,35.97
31.27166667,35.3253125,8.587122311,43.00065972,17,35.12173611,60.4228125,63.94866703,73.90854167,38.181875,19.67642361,25.11616667,25.70958333,26.70885417,37.41607639,35.86534722,38.68974359
28.17594203,35.70975694,7.911900783,42.6740625,17,34.09392361,57.12920139,64.2729308,107.8622917,28.45375,19.42680556,59.70135417,25.72451389,28.72913194,31.73804348,33.66885417,39.37493056
28.923125,37.01104167,5.925,38.7940625,17,32.50270833,51.85756944,64.59719457,87.11586806,38.43072917,9.075277778,37.07920635,21.35053571,26.07079861,27.09177083,37.33861111,38.11149306
25.53154762,36.86736111,9.519085886,39.26947917,17,34.39065972,45.70756944,64.92145834,99.5803125,31.61541667,5.6921875,26.99261905,144.9379167,26.8475,25.49680556,34.49826389,38.52944444
27.0414881,36.26260417,11.80149252,31.80572917,17,25.74944444,34.754375,65.24572211,78.48670139,25.87427083,6.610555556,31.78166667,23.18041667,23.53829861,22.14,39.78190972,36.86236111
23.57583333,36.42369565,14.08389915,29.953125,17,26.60909722,36.41357143,65.56998589,67.76039683,23.97385417,17.41427083,27.81,19.79760417,20.7204902,23.661875,26.67026316,38.35632353
43.53584928,41.49282609,16.36630578,44.528125,17,41.15892361,55.73633333,65.89424966,65.52045455,49.6390625,84.43431159,46.56789338,23.74677083,35.93429366,36.66785714,43.47576923,37.21994755
66.22492424,46.68791667,18.64871241,63.1265625,17,62.87923611,79.66377193,66.21851343,104.703,56.29048611,77.73885417,60.64340278,39.96753472,45.68826389,54.01541667,51.37013158,36.05319444
46.8675,51.95072917,20.93111904,82.90729167,17,75.39020833,92.39555556,66.5427772,121.0522569,79.59677083,44.5209375,68.55440972,61.94204861,51.52368056,88.85791667,64.26232639,37.26107639
49.32763889,56.33836806,23.21352567,98.75114583,55.5,88.27628472,99.19149306,66.86704097,98.196375,54.02520833,66.7396875,64.16940972,66.5098913,59.72159722,98.01739583,70.89576389,37.14388889
52.79052083,61.86927083,25.49593231,89.8315625,72,86.78597222,90.09416667,67.19130474,103.6394118,60.88951389,56.11010417,62.84815972,55.91934028,60.80600694,78.30552083,74.11993056,37.53954861
43.25767361,46.2475,27.77833894,72.33895833,72,63.14208333,71.27006944,67.51556852,83.35769231,42.28229167,37.46079861,41.66579365,37.34673611,42.20329861,62.72,56.89972222,37.97020833
46.26166667,52.36940972,30.06074557,82.44097222,72,66.98489583,75.76569444,67.83983229,113.4866723,71.5459375,36.31604167,55.46673611,38.52097222,46.89611111,74.39989583,76.26666667,36.67375
56.92601449,65.95048611,32.3431522,109.2341071,72,83.97180556,95.67302083,68.16409606,135.6546212,81.65927083,46.18483317,64.00128472,55.168125,65.00444444,79.11736111,85.19878472,54.99222222
51.39520833,60.38791667,34.62555883,90.3303125,72,94.20680556,87.61645833,68.48835983,135.7925,55.82885417,58.04238095,72.05267361,61.72135417,62.37458333,80.15557971,64.93239583,36.88447917
53.55170139,56.11628472,36.90796546,85.44239583,72,77.75614583,95.62267361,68.8126236,174.8492647,51.08875,49.92805556,68.67020833,61.37649306,51.71447917,69.29732639,65.960625,40.03461806
43.27878472,44.5415625,39.1903721,50.12739583,77.74358333,47.37472222,53.77284722,69.13688738,72.83422222,38.7465625,26.34600694,34.26162698,39.52458333,34.61625,39.97354167,45.67225694,36.50822917
44.75916667,42.3415625,41.47277873,57.31083333,90.83947917,47.68503472,50.10163194,69.46115115,79.77857143,37.82819444,24.41006944,31.95095833,43.94125,34.19586806,41.44434028,47.60842105,35.93041667
48.03125,39.10685185,43.75518536,61.14375,39.39413194,54.65416667,64.12326389,69.78541492,91.50307692,43.38100694,25.82107639,41.86184783,39.47208333,35.51729167,43.44614583,50.4980303,43.39494444
33.14291667,43.13651523,46.03759199,44.6353125,27.63618056,44.74840278,47.46201389,70.10967869,110.7523077,29.30555556,16.87006944,38.52061594,27.17511905,27.64065972,50,39.88475694,49.10151072
36.25434028,46.21516667,48.31999862,57.14802083,30.80159722,47.48368056,53.06545139,70.43394246,120.0011538,45.44375,19.73222222,43.91444444,23.64987642,30.45472222,53.33913194,45.56493056,55.81369048
39.60034722,43.01645833,50.60240525,62.65885417,31.07694444,52.07854167,69.26392361,70.75820623,141.3669231,54.21739583,24.58416667,51.49795139,18.66333333,35.85798611,42.31026316,42.95965278,58.84809028
41.07277778,39.62628472,52.88481188,55.21840278,30.62833333,49.36440972,51.9390625,71.08247001,109.1358333,48.194375,20.38881944,44.81208333,14.42381944,31.18388889,38.63965278,43.83538194,59.175
34.04298611,36.00864583,55.16721852,46.86541667,29.9259375,40.91895833,62.61,71.40673378,47.88416667,37.03882353,20.28378472,35.07847222,23.87791667,27.65678571,40.71047619,77.66444444,57.39576389
40.26875,45.20888889,57.44962515,68.1709375,30.15871528,48.11899306,57.75142361,71.73099755,107.9057639,55.67017127,21.53100694,54.33590278,21.96912698,39.87940972,72.08732639,85.97954861,60.17285714
43.92154762,47.27291667,59.60833333,45.37479167,29.18416667,43.60246528,66.19350694,72.05526132,193.8305556,68.04858354,16.91635417,38.28793651,22.04965278,32.20208333,45.18270833,46.58027778,54.46097222
8.52,48.50729167,66.06409722,41.64020833,37.62569444,42.8746875,52.58604167,72.37952509,109.1375694,80.42699582,19.54708333,39.57429316,30.29722222,36.24225694,46.75121528,95.49,55.19732639
150.5079757,43.51967391,61.91232639,36.58770833,31.07680556,45.14829861,40.42163194,72.70378887,75.52232639,92.80540809,14.39100694,44.02583333,23.53659722,33.13996528,40.52034722,63.75006944,47.52579861
262.5924185,41.87541667,25.93381944,40.29125,31.0375,35.80940972,37.37868056,73.02805264,61.67024306,105.1838204,14.63368056,28.85578431,19.40538194,34.94784722,40.12385417,201.8891612,50.29246528
466.5089583,30.51579861,38.26371528,30.7996875,18.91583333,32.53701389,24.53821429,73.35231641,42.31597222,117.5622326,46.29927536,24.14046296,15.93538194,25.02506944,32.10413194,417.0525,30.74996528
85.66994792,36.52409091,89.42631944,36.63677083,17.99461806,27.94111111,41.0805,73.67658018,57.41392361,159.398125,67.506875,31.682,12.16420139,28.20357639,31.82954861,207.7473958,32.64754167
46.63543478,37.6409375,54.79017361,40.15197917,21.04180556,33.80565972,31.6,74.00084395,32.51586806,42.97135417,18.48760417,23.26416667,11.81354167,29.75402778,36.40513889,234.2115278,32.41305556
44.59302083,43.00607639,75.6315625,57.04291667,25.43194444,42.07565972,45.83316667,74.32510772,51.28989583,50.02225694,28.4425,37.30734375,18.15666667,36.57121528,49.28284722,45.54766667,45.36628472
41.46270833,38.39340278,53.51395833,49.88072917,20.24086806,49.83885417,38.76947917,74.6493715,57.36690972,38.83833333,38.7415625,37.06088889,19.54965278,34.94930556,43.44954861,78.07580464,41.54190972
52.16901515,46.09478261,62.84513889,62.55385417,25.26440972,68.71638889,50.67361111,74.97363527,72.17565972,40.18645833,133.0993841,31.94458333,17.93881944,32.64381944,53.56392361,24.2019697,49.76392361
55.9728125,45.50239583,67.75392361,71.41895833,22.39086806,71.01916667,50.931875,75.29789904,93.85579861,53.7046875,145.6082197,39.74111111,29.85909722,42.53295139,73.52163194,59.11611111,60.84795139
43.13381944,35.834,97.99236111,68.65559028,48.07833333,80.53765929,54.74649306,75.62216281,65.42833333,50.23572917,79.70319444,51.23827778,25.84621528,39.13260417,60.98673913,67.22392361,57.66375
78.03809028,68.03596154,147.7842361,80.54645833,63.73212121,89.40690853,77.69204861,75.94642658,69.98392361,72.33423611,50.51315972,61.68826923,46.284375,56.2609058,87.36246377,57.66045139,82.3798913
75.59114583,53.9671875,131.3657292,81.01864583,73.87075397,98.27615777,110.5907609,76.27069036,73.90329861,92.52520833,68.50777778,79.65191176,81.29308448,51.90170139,76.64444444,80.60371528,78.53614583
71.10791667,56.49260417,45.92,84.9809375,61.94267361,107.145407,89.92336806,76.59495413,60.57947917,79.50416667,63.8665625,52.46888889,113.7014288,49.47899306,84.35989583,69.28364583,60.51899306
118.3008681,81.52916667,59.75239583,88.33822917,71.3821875,116.0146563,104.0535764,76.9192179,117.5478968,116.8973958,60.23131944,158.6208333,146.109773,71.23232639,89.07708333,82.29260417,58
138.6294097,105.406413,70.09774306,107.2980208,76.95100694,124.8839055,126.2963194,77.24348167,127.8519928,124.0428125,73.3571875,102.0179861,178.5181173,89.21958333,105.7335417,90.06395833,58
120.7913194,83.83,133.2068403,125.3832292,88.94215278,133.7531547,123.4040972,77.56774544,133.2240972,120.7184375,87.65923611,103.3352083,221.3152976,79.79759259,126.4202083,105.1416667,58
116.2535764,85.15607639,152.7453819,130.5365625,96.67,142.622404,121.6647569,77.89200921,124.6152222,121.8122917,93.73229167,104.5572569,183.6310833,80.41205041,136.7783681,314.1163889,58
113.1601042,82.7228125,157.6258681,137.4542857,91.77375,151.4916532,115.8763889,78.21627299,146.2520175,95.958125,93.25482639,96.45753472,209.8092014,87.70480769,131.9442708,356.6565625,96.51868056
110.2068651,81.46364583,155.3217014,127.8821591,75.70295139,160.3609025,111.3056944,78.54053676,143.0279861,95.304375,133.1274653,89.52864583,240.3255556,74.85989583,127.545,299.2528472,115.6755682
114.9559375,79.5075,142.6172222,124.0750347,89.18055556,169.2301517,109.1980903,78.86480053,115.8679861,96.26604167,92.54628472,82.65649306,224.0952778,69.64909722,123.3262153,111.2576042,102.5915278
122.4544792,82.86802083,161.1730903,130.9696181,85.55163194,178.0994009,122.9533681,79.1890643,120.0136806,109.1220833,84.34711806,86.93666667,101.5375,77.29270833,129.5829514,211.1869444,98.62239583
162.0057639,97.07895833,175.0868403,151.3302083,102.3815972,194.7071667,136.5897222,79.51332807,168.9416667,133.31125,122.2410417,98.24791667,157.3795833,91.15111111,146.3521014,352.7831746,109.4364931
114.1439493,74.27958333,114.1084375,108.3033333,62.22576389,142.2377431,99.058125,79.83759185,93.96246528,70.41677083,68.17149306,66.00013889,136.8705903,58.79541667,102.5604514,127.3439236,75.86845238
86.03447917,55.449375,86.52732639,84.65166667,52.08690972,124.198125,76.63899306,70.05517857,97.87059028,55.34678571,56.29034722,59.76563492,122.1469444,48.8621875,87.79097222,73.96975694,68.24395833
120.6415625,79.825625,74.5053125,158.48625,62.52760417,163.0092308,111.3770139,86.40715278,143.0834028,82.90989583,82.41052083,93.03774306,133.8483322,75.53315972,139.1847222,127.9461111,101.4620076
188.7160417,110.2725,114.4963492,166.3789855,98.30871528,214.4010764,148.5181597,136.1045486,175.0758681,109.3692708,114.3673611,284.4360069,141.7377773,122.6323611,155.6054167,776.6325641,187.2311667
150.3478125,97.62121528,306.7870833,173.9605208,147.9517708,220.1439931,141.1802431,113.1923958,184.9043403,126.9754167,150.4780556,132.7926389,149.6272224,115.1065972,194.7555556,227.4571875,165.5532639
169.8811458,98.22395833,233.1504514,154.6784375,130.9203986,191.6086111,130.3456944,103.7235764,153.2526042,105.5032292,126.1018403,113.8610417,157.5166675,103.0924444,145.0599306,234.6614583,123.6279514
192.5801042,106.20625,308.4155208,190.5241667,133.9317778,222.2971528,147.1238194,147.9745139,173.4445486,129.6554514,159.3130903,138.284375,165.4061127,131.4951923,180.6976736,472.8996354,154.2214744
179.0221875,98.56654762,393.1678472,182.2583681,134.6189583,211.9225347,190.5326736,122.9060417,178.1712847,130.6302083,141.3413542,165.0277778,173.2955578,131.2498958,209.5510069,311.6742857,138.3038636
186.5819792,111.8803571,414.6703125,200.2915625,134.8631944,228.161875,164.1847222,148.3830208,161.0086458,129.8456944,163.215,159.85625,181.1850029,128.2884722,181.9017708,774.6844697,141.4805208
163.4034375,94.17416667,516.2237153,179.7171875,97.26135417,206.2987153,146.7158333,108.7520833,157.3471528,118.9807292,250.9510764,113.5612778,189.074448,95.23215278,193.6892391,197.4041667,144.8157292
169.9797917,111.7016667,487.0246181,194.8819792,167.6302778,228.4667361,178.9590625,120.6395486,197.2100694,154.725625,214.9843056,146.4491319,203.8896528,134.9221181,217.2190972,213.4830903,166.1054924
133.8689583,103.4197917,88.76388889,161.2489583,148.2859028,172.5666667,164.239375,104.5148958,167.5523958,142.4842391,169.0560417,133.0884722,164.6012963,118.7678125,192.6777174,161.0068403,158.2782955
145.1860417,116.2673611,111.6694097,190.8311458,172.0254514,241.1795486,168.3604861,113.2922917,206.0688194,156.0991667,151.4163235,143.1405208,173.7500347,138.9951316,209.0572569,195.9008333,181.6999653
139.57125,107.3407292,109.4887719,206.5923264,161.998913,240.9909028,168.1494792,143.5326042,208.0569792,170.6075,157.747,152.9094203,155.3739583,118.0945833,207.4675,190.338125,165.3054167
125.4538542,99.3859375,163.0919792,191.5626042,192.5780556,258.060625,142.4426471,110.1040625,191.4923551,151.7708333,156.8619792,128.5460938,183.5735764,131.2088889,227.3310417,179.1182986,181.201413
120.4203125,92.8703125,152.8194792,188.9479167,161.2613889,233.0730208,148.0685764,104.9896875,184.1156349,159.7733681,145.3025,129.3549306,153.9639583,125.7586111,237.4564493,173.1745833,169.3497917
125.3466667,94.38145833,149.5391667,181.4172917,119.5665972,174.1255556,160.2530903,120.4286458,196.0282639,142.4209375,157.9092708,134.7676736,164.2385417,132.0059028,241.6935069,158.9149653,237
119.4144792,92.94694444,62.78361111,182.5897917,82.22920455,153.0497917,172.2095486,117.2752083,160.3436111,151.7342708,156.9955072,142.394375,174.3529545,131.4114236,235.1176736,157.5142014,137.3239583
128.3889583,97.79284722,71.98736111,219.3066667,179.6436232,153.2671667,168.0848958,120.8515625,179.3827083,183.0202083,187.2645833,136.8857639,170.4515278,128.5185069,273.6351736,183.4485417,161.51675
122.4333333,97.39229167,79.64135417,178.7722917,173.6283681,247.1040522,172.3550694,123.7585686,163.6902431,156.0428125,156.3816667,142.0972917,182.5082986,132.9421875,201.1136111,146.6861111,149.1137121
126.5685417,103.2491667,69.36829861,198.7842014,145.387625,372.5740385,170.0240278,126.7319444,172.6179167,173.4809375,156.9953125,140.5626042,169.6036806,131.8836458,207.7530903,162.2842361,164.0234028
155.9525,111.5411458,63.29756944,214.9679167,191.3888542,106.7134722,212.4713492,131.8864583,184.0434375,194.0955208,172.0964583,171.7538889,213.6869097,141.4628819,226.8972222,175.0225347,175.4066319
119.75875,109.8306944,76.8115625,195.5647917,178.7953472,106.5359028,170.9582292,127.8514583,171.2946014,142.8029167,161.5644697,153.8839773,203.164375,128.6362153,189.9217262,169.1527778,168.6947222
114.6303125,106.7538889,82.87468254,205.1029514,181.3279861,147.6917708,185.9314583,124.4768841,163.3902083,158.4866304,168.2614583,143.3856863,204.0931159,136.3172222,206.3430903,156.3605682,162.614375
129.6286458,112.2892361,160.3605072,205.3764931,178.4176389,214.5769444,199.0809375,132.4545139,192.554697,131.6171875,166.2982639,147.9246111,260.8154514,139.4995486,192.0759722,176.7261458,161.5752431
122.9569097,114.7721875,112.3896875,212.7284375,171.6193403,214.0228125,189.7196014,123.6969444,163.0136667,112.040625,167.8473188,142.2454861,231.2685417,130.58,220.7237847,174.8642014,171.0780903
125.6021181,125.8247569,124.5828125,197.6171875,172.5721528,222.4588542,192.3138194,113.6186458,194.1425,116.9464236,169.3670486,153.5510069,220.9416667,145.0557639,230.7399653,172.4860417,179.4708681
132.5678819,120.4463889,138.1177083,219.09,160.9321875,230.5799653,208.4859783,127.2215278,206.2323611,165.3827083,162.9725347,163.7236111,196.8481597,148.5108681,212.13625,185.1640909,167.7804861
139.9323958,106.3978472,121.0895652,200.8934375,189.0495486,171.7302174,175.9251087,115.0162847,185.6100694,136.2746528,183.9052778,139.5298264,179.7102431,133.0057639,167.4059028,211.0109259,169.3234375
155.9556597,97.67590278,104.9692708,179.3639773,128.1237319,104.9906597,159.5509058,96.48680556,158.6006597,101.0889931,129.42375,141.4109028,78.70465278,99.08626812,114.24625,141.3050347,125.4056597
114.0925347,77.78557971,86.03239583,134.3952083,114.4570652,87.47201389,119.6775362,101.0379861,135.6192708,78.305,120.2376389,121.3131884,84.45072917,83.23050725,124.7073188,113.5436957,112.6202451
78.72881944,64.14822917,62.21091667,104.8288542,69.03256944,59.81072917,139.0339855,52.38319444,52.88340278,85.02430556,70.6575,65.62371528,44.43072917,73.8753125,104.0144792,87.88791667,95.0959375
104.6214931,83.15479167,100.8425694,151.3116667,114.9147826,101.9578819,167.6005072,81.21652778,65.60697917,106.4107292,106.0260069,109.1459848,74.64052083,96.883125,161.5599306,139.7811806,129.0494097
205.3858333,107.0219792,146.3736458,163.6482143,155.0314015,152.5452174,166.9502381,104.5926736,130.2045833,176.1495139,177.7780903,126.0075758,104.2195833,151.3427193,188.4530682,174.465,177.2107576
196.8860069,142.3033681,183.4412153,159.429375,149.7817647,199.4617391,188.5591176,152.4907639,144.5157955,223.5646875,216.2622917,140.3307937,147.7911458,145.1059783,176.4826515,152.8440079,166.0058929
188.2484375,121.9211806,130.3762847,221.3482292,180.0669565,162.7803947,208.8517754,124.6067361,193.6979167,153.37875,168.2226736,163.1773864,125.9970833,167.42,225.5914931,188.8272917,175.2380072
174.8409028,118.0221181,130.5052778,200.1178125,196.9594841,158.301875,184.9001389,115.8408333,192.0580208,166.1905208,192.3807292,136.3906771,142.7036458,130.2970139,195.3103125,180.1731944,192.3560764
170.8579861,101.8957292,145.3593056,198.059375,95.05676471,144.8173611,189.5751894,125.6548264,188.8703125,188.2044792,177.2815972,139.1561806,116.8995486,111.5576042,142.9430903,96.05826389,95.96694444
174.5937153,97.46270833,127.5114583,153.9051042,114.4975725,138.7753125,158.575942,139.3059375,153.64,133.9417708,184.4114583,125.3487319,110.0434722,92.1675,136.0113194,129.1391667,101.5623864
175.3319444,102.5077431,136.7972569,158.8859375,122.8724275,147.3529514,170.52375,144.7692361,183.7523958,144.8748958,192.5310227,126.6433681,126.8639931,130.6851389,135.2959028,142.23125,133.4110069
161.2857292,78.62586806,118.4427083,145.5703125,116.66625,139.1274306,143.6429861,99.42152778,155.8935417,149.525625,173.4754167,90.2203125,125.3293056,100.2320139,121.3365625,117.8655556,123.2562847
182.36,71.04170139,103.7176736,132.605,74.01155797,112.7745139,141.4619565,120.4244097,169.7592708,109.3841667,130.2257639,105.6557609,77.50572917,94.79041667,111.4574653,121.1160069,102.2222917
157.3504348,80.60347826,118.315625,148.6383696,97.0517029,118.4860069,136.1542708,134.9245139,149.5325,125.5966667,164.6013889,103.7987879,117.7427778,102.4662879,139.5125,140.0075347,118.2615909
162.9307609,83.85802083,109.5098958,132.7907292,89.07815972,115.9984375,165.6790972,121.0573611,132.35,163.8544048,160.1409028,90.96032051,87.82409722,96.63954861,108.9222569,108.3246528,111.6196739
174.6171875,87.11333333,115.6635764,149.6483333,95.74708333,128.0454861,148.6172917,125.7257986,177.399375,135.6229167,162.8469444,114.4240625,118.7117361,104.6842361,125.7679861,121.1097569,111.5910417
144.8553125,73.55166667,111.4566667,140.5419097,99.19135417,122.7914583,143.4830903,123.7518056,159.1264931,138.568125,151.4134375,124.2918841,195.8731597,108.3584722,128.2407292,128.7973913,114.8236458
109.6560417,62.26746528,109.8197917,113.0822917,77.13246377,104.6351042,114.3898611,94.80875,138.26125,81.6675,123.7947569,91.18302083,146.4030556,85.38493056,97.50319444,102.1498611,88.14767361
89.04208333,42.54958333,95.93065972,109.7297222,20.016,102.3816667,83.17965278,55.54927083,133.4763542,62.48071429,73.91538194,62.62354167,117.6667708,57.47361111,70.64114583,71.92354167,65.32338146
45.68770833,46.61153846,60.22368056,55.0325,31.4359375,52.41465278,69.22517361,28.16625,88.24420139,43.037625,34.29604167,45.4117029,43.17166667,38.92804348,46.48527778,42.05375,31.24060606
71.98729167,50.81939394,54.86204861,73.89395833,47.85261905,87.28010417,85.14048611,47.50076389,81.009375,53.05458333,69.85465278,53.81930556,50.68057971,49.37895833,77.36541667,51.07836806,44.54677083
93.13614583,63.90611111,78.21875,95.17217391,72.5039881,114.9555208,103.1487153,72.89357639,128.6388542,76.43038194,113.6178819,74.055,95.95704861,73.49958333,116.6605903,74.70760417,68.11850694
108.3455208,72.88739583,86.32222222,112.3940972,82.75197917,120.6162153,114.9296181,85.11215278,119.3919097,85.37076087,115.9076389,86.41274306,107.8080208,82.20510417,124.4114583,78.70104167,71.23097222
134.7277083,91.69260417,107.5757609,155.2677083,110.6474653,148.0876042,148.7395833,115.9978819,155.7261111,112.001875,136.6705556,110.9503472,174.1924275,106.0542045,144.7181944,117.8797222,98.49048246
130.92,85.56413194,119.2550694,161.6363542,116.0482986,150.603125,137.6607986,111.9068403,165.2762847,122.6602083,144.3636111,120.8740278,210.1436806,106.7714583,154.2734722,128.416875,96.95864583
129.305625,84.83229167,106.9744118,162.0830208,132.3554861,155.7670833,147.9129167,99.16260417,156.7579861,102.7119444,159.6299306,119.2336458,195.7165278,108.4076736,166.1268403,121.7280903,105.1218056
134.3666667,89.37833333,115.8452778,150.385625,118.6792708,149.9703472,168.4241667,120.3203125,152.2051563,116.5187302,143.3701389,99.81142361,214.2126042,104.1855208,147.4342361,118.4003125,97.29354167
150.9053125,101.1394444,114.2160764,157.8664583,109.75,149.4897222,170.1764931,135.7967361,135.1514444,121.7072917,142.8298611,95.60382576,207.1125694,113.5167014,140.5824653,122.0190278,98.79354167
167.7936458,118.5160417,154.680625,156.7176042,129.8511806,154.1456944,160.5600694,124.2038889,132.13875,142.6992708,160.6878819,102.3681597,194.609,122.7544792,149.4753125,119.0779514,118.7275347
113.1182292,77.16975694,82.45732639,113.8459524,86.43329861,128.5285069,108.7564583,98.68065972,108.5209722,100.6161667,112.9692014,75.30543478,118.4731818,86.71479167,110.8885764,79.86916667,85.58930556
103.3045833,74.73128472,95.40193182,135.0923958,95.45770833,152.6579167,134.0708333,91.81944444,140.1841667,74.61222222,129.4189931,86.00144444,137.7863158,99.02340278,130.8426736,89.05128472,86.84503472
109.045,81.22760417,68.22371212,140.1842708,105.7054545,146.6747569,140.2032639,96.06638889,133.4648039,104.7993056,131.2875347,85.57184783,134.1488492,96.4521875,157.1498611,99.27052083,94.43604167
112.6167708,77.95989583,7.786136364,130.5109375,95.98194444,142.3740972,155.2455208,82.70326389,151.9220553,102.0535417,118.18375,71.56756944,124.6847917,90.54027778,139.2087847,97.36986111,97.79038194
101.2836111,71.41368056,46.56032251,136.5223611,98.13961806,143.9836111,133.7130556,97.13451389,200.7310833,96.52166667,135.7788889,88.88763889,121.9345833,96.61315972,146.9722917,93.52017361,86.32350694
101.8259722,67.45197917,64.31690476,134.1196429,91.55475694,135.9141319,131.3302083,95.77618056,129.0685069,95.93333333,116.1847222,85.59628472,110.7445833,90.15722222,149.6276736,90.1303125,89.90083333
110.2480556,68.885625,76.235,144.9830208,100.955,142.2395833,153.8238889,98.13822917,102.5047917,127.1713542,120.3961111,98.8340625,110.0102083,99.39840278,159.6179514,95.66934028,111.4546181
122.1863889,90.1665625,90.98367888,165.4888542,100.2135417,154.6886806,171.0075,127.3215972,129.1548264,132.0008333,129.8253819,112.1588542,126.9215278,135.7142014,153.9501389,119.2701042,103.7572222
123.5848437,88.42177083,109.6133333,182.6623958,98.42708333,168.9217708,165.8873958,128.2689583,128.7546212,142.0394643,140.5395139,103.2733712,121.1209783,124.5751042,160.4501042,112.5639931,101.0481944
117.9170098,84.44177083,110.6462847,159.6370833,101.6689583,166.36,165.0320139,100.8496181,107.9158333,119.8077451,114.9498333,88.243125,130.2855556,101.5189236,164.4029861,97.87958333,103.7061806
143.3918403,100.4669792,113.8466667,148.4807292,105.5229167,160.7004167,160.0325347,109.5830556,114.5135662,132.9878472,152.6997569,96.06802083,135.0114931,123.8947083,145.7251042,109.6750694,110.61875
148.9793056,126.0168403,120.303125,154.944375,105.9396181,147.2190625,149.4660069,148.8788194,113.8401042,120.7029861,162.9835417,110.3222569,114.4942361,135.1430303,135.2422917,108.4598039,119.458125
148.1242014,120.05375,113.53275,153.9620833,101.7131944,151.5749653,162.8474306,154.0823264,99.274375,114.5765625,151.2248264,102.3665625,108.4878986,135.2426111,135.7432292,114.6883333,116.5358333
125.6603472,104.1324306,118.7890625,160.1184722,94.84822917,165.5509722,170.5877083,137.3730556,117.9788889,116.7722917,172.8858681,91.29652778,117.6901042,114.8234375,164.2251736,111.4710417,106.2980208
138.4733333,98.95541667,137.1253125,203.8092708,102.9291667,208.0977778,199.5166319,151.1657639,144.9649306,151.9717361,161.2561594,149.7542361,147.6930556,138.4470833,188.3213542,130.1753125,129.0692361
181.1384028,97.03065972,172.556553,207.8035069,156.9174306,227.1965909,234.7615278,158.2642014,243.0251389,205.0992708,156.2711806,141.4413194,245.3762319,149.6021528,248.7061458,162.9095486,188.7552273
173.3842014,102.9996591,177.4158333,130.0214583,131.0385764,227.1910298,161.9854514,135.6283333,136.8388542,198.5570833,129.4280903,153.1836806,226.6189583,142.4794167,167.7071875,101.1975,144.4603614
154.2742361,85.74864583,159.146875,120.7416667,112.5507639,229.7818145,129.9697222,152.263141,99.27177083,212.0294792,122.6248958,130.3469444,190.3538194,140.8070486,167.1752083,125.155935,109.573
162.0131597,84.05921053,151.7929167,109.7909375,109.8412153,232.3725991,143.5794792,159.0511218,117.9493939,204.6146875,127.2058681,128.1963194,192.5888542,116.2512778,135.009375,129.2141658,122.7965385
181.8519444,101.9934211,165.3527431,142.2453125,129.3229167,234.9633838,131.1445175,173.8719271,142.9704514,201.9608333,142.0604167,168.2255208,241.2363194,152.5126042,188.3657986,141.5605357,182.8817857
194.0844792,100.8733824,137.8313542,142.4375,130.9489583,237.5541684,149.1166574,161.5907292,124.0413194,206.5767708,132.3174653,163.0292014,214.1187153,160.66875,170.4076736,121.8535417,153.3276923
212.4406597,116.4626667,143.5471181,144.3057143,150.7636806,240.1449531,157.7530829,160.0426042,125.5550694,188.0136806,126.3758681,135.5338194,271.288442,180.0328125,182.6223611,134.5675,169.9011538
158.2068056,104.6648958,99.57045455,139.7085417,134.9936806,242.7357377,183.974,160.7844444,138.2764583,150.9939583,108.4785764,136.3388194,155.9123611,166.194,190.2957639,131.3175,182.1296429
106.3828472,114.6418056,95.13013889,143.246875,135.6142361,245.3265224,152.3665625,153.0496875,137.2734722,130.3557292,68.81138889,118.7740972,95.14326087,161.2730208,201.7547917,130.7443056,177.0085714
82.74833333,94.97302083,96.27736111,121.5051042,108.7166319,247.9173071,135.2370833,109.1138889,108.9123958,94.96041667,40.35628472,81.61456349,83.86097222,137.4879861,160.9194792,105.2416667,135.9535714
92.22,99.24,91.19,114.12,100.48,250.5080917,126.44,78.43,95.64,110.68,70.27,86.53,83.69,145.39,144.11,120.5,146.83
109.33,126.34,92.3,118.79,103.62,253.0988764,147.74,79.76,99.51,98.93,81.86,93.48,79.2,158.04,140.72,124.44,142.89
103.73,123.45,91.99,118.94,101.12,255.689661,137.75,90.02,114.04,85.39,66.8,88.79,67.76,146.99,149.78,171.27,119.43
95.85,107.65,92.05,126.07,106.95,258.2804457,142.62,96.19,116.88,91.5,84.15,93.54,96.20784138,136.09,147.27,144.84,131.88
149.8,125.8,102.53,129.48,105.71,260.8712303,152.83,99.77,111.51,132.86,105.3,97.11,125.7,156.76,158.18,157.36,144.36
89.14,106.61,110.3,124.49,93.35,263.462015,156.34,126.95,107.3,130.17,112.35,82.12,106.79,143.74,149.76,137.93,134.8
68.02,112.68,113.01,115.92,99.68,266.0527996,146.91,117.07,103.24,121.62,105.25,87.58,104.39,148.94,142.39,140.98,134.52
61.17,88.28,95.21,92.2,88.66,268.6435843,122.75,104.88,86.25,114.01,96.95,77.12,95.78,120.56,122.57,106.68,115.04
73.24,96.66,100.57,112.81,97.08,271.234369,127.23,109.31,95.87,175.18,134.71,84.34,137.26,130.67,129.11,133.4,121.55
41.7,76.39,67.23,76,59.52,273.8251536,113.29,83.89,88.47,122.59,105.49,66.7,91.57,100.19,89.57,80.85,75.76
66.1,85.44,84.72,90.52,102.23,276.4159383,113.62,105.38,84.76,183.79,162.15,68.02,155.8,120.2,122.45,102.13,111.98
56.32,92.3,97.86,109.86,101.93,279.0067229,177.67,113.27,97.71,195.5,162.27,95.93,128.2,125.87,152.64,125.64,120.89
64.56,91.47,95.97,118.15,98.91,281.5975076,171.7,119.04,110.07,172.61,180.81,116.29,120.76,143.48,128.87,114.69,132.1
45.7,58.78,87.78,81.77,75.88271267,284.1882922,100.16,66.95,67.7,125.69,124.17,84.12,75.26,99.21421138,107,85.77,142.49
66.77,38.19,41.19,52.03,51.74,286.7790769,93.56,50.23,63.65,87.79,97.4,47.15,51.17,42.04,79.71,41.85,48.53
74.37,57.91,49.45,70.89,53.47,289.3698615,84.76,85.79,75.58,86.33,110.05,77.7,59.99,88.56,95.39,54.85,64.86
77.04,65.3,54.04,78.17,60.43,291.9606462,99.46,113.24,76.53,100.51,140.43,82,80.92,91.12,112.21,65.58,84.04
85.21,68.05,60.31,85.97,61.34,294.5514308,94.48,114.52,93.69,125.31,138.22,95.03,81.68,99.17,122.37,69.92,76.35
101.59,88.35,78.81,104.26,82.68,297.1422155,135.46,133.95,94.45,217.23,155.18,111.47,97.84,127.74,127.4,90.04,121.99
111.27,93.54,105.9,126.3,91.05,299.64,134.37,146.89,115.14,171.85,189.94,101.53,109.78,151.12,190.85,115.18,137.6
98.43,82.51,81.77,100.08,101.83,302.9190983,146.43,113.54,90.61,98.91508401,136.56,94.69,90.05,119.0828859,132.68,80.46,100.19
103.53,78.85,95.7,102.98,111.87,315.8,130.34,128.69,106.88,20.92,137.29,106.46,106.29,116.69,151.8,96.27,117.75
110.72,67.81,68.82,87.64,70.34,241.11,135.5,90.22,75.09,13.88,125.8,59.43,83.47,72.34,139.44,66.93,85.24
93.89,73.93,244.02,87.97,75.43,220.44,110.54,126.51,82.05,37.67403344,131.49,80.41,107.75,104.51,97.43,49.96,86.63
96.51,71.97,163.67,88.59,84.09,246.93,173.4,113.21,83.01,51.17644371,150.54,81.49,133.05,92.42,108,72.55,94.33
97.35,71.22931056,166.83,96.1,97.51,337.05,99.28,118.91,88.39,64.67885398,165.33,95.66,169.36,106.33,146.94,87.1,117.72
99.14,73.61,185.63,88.71,93.6,283.03,130.73,121.38,85.63,78.18126424,170.5,96.53,156.55,110.95,125.55,78.66,108.97
80.7,52.78,201.62,97.76,100.09,247.28,117.76,97.52,90.38,91.68367451,131.77,76.42,166.14,92.9,131.41,74.1,121.62
109.76,79.49,178.09,106.82,88.36,258.07,124.8,120.25,91.62,105.1860848,167.89,86.46,144.23,105.56,129.32,88.19,118.17
129.37,89.57,171.29,108.73,79.9,256.2483146,159.13,123.53,106.52,118.6884951,151.51,97.12,122.48,120.71,132.99,86.77,101.4
113,87.2,162.97,99.73,75.55,255.2676168,149.36,128.11,101.14,132.1909053,140.73,95.37,123.54,112.34,103.56,75.69,91.29
85.97,44.36,109.04,69.39,57.95,254.2869189,82.12,110.76,76.47,145.6933156,106.66,76.05,94.86,74.52,74.9,53.52,62.89
84.18,24.71,91.95,67.24,47.19,253.3062211,146.14,101.42,63.16,159.1957259,101.22,69.73,65.72,78.01,70.99,48.14,59.72
130.64,60.73114909,124.38,96.49,91.49,252.3255233,179.75,134.56,84.55,172.6981361,148.47,96.38,154.21,123.01,102.31,80.16,110.55
163.87,71.84672395,141.53,120.66,106.59,251.3448254,159.0878551,140.99,112.86,194.4,174.75,129.83,194.2,141.27,145.39,98.58,159.11
149.73,96.12,110.01,115.23,85.09,250.3641276,158.4,127.77,110.43,182.6,164.46,96.16,138.59,108.04,144.85,91.33,113.52
120.6,79.44,119.7908748,115.36,91.32,249.3834298,150.58,124.5,102.11,156.47,146.5,82.29,143.98,100.66,128.71,92.66,114.35
153.99,98.54,130.74,98.77,91.61,248.4027319,127.94,135.79,86.92,126.64,186.45,95.3,136.72,124.42,97.83,82.37,96.5
160.34,85.89,99.12,99.28,89.58,247.4220341,198.98,110.27,87.72,128,213.83,88.54,142.65,115.36,99.95,81.81,98.55
152.97,93.08,104.6,107.66,88.93,246.4413362,127.33,113.03,104.68,131.42,205.54,99.3,126.85,112.43,111.76,80.85,97.96
133.74,89.26,97.15,99.68,113.89,245.4606384,125.7,97.13,101.48,118.22,170.89,83.68,126.52,94.03,102.02,75.62,93.05
123.97,80.1,117.76,100.58,88.88,244.4799406,131.94,88.79,93.2,132.16,140.18,89.81,116.39,98.41,107.19,82.33,92.48
140.03,83.92,125.05,109.88,107.1,243.4992427,129.48,109.88,107.52,144.39,172.3,135.52,141.49,107.35,114.42,100.01,106.21
128.1,80.92,109.11,105.95,104.62,242.5185449,145.62,112.64,98.28,142.65,147.07,87.6,111.2,104.94,122.95,80.41,102.11
154.29,80.73,106.97,103.31,103.81,241.5378471,130.43,111.05,82.04,148.28,166.55,84.68,141.7,102.01,104.57,86.34,98.17
162.64,97.84,117.11,115.23,127.83,240.5571492,169.43,130.92,112.66,152.15,191.58,107.75,167.13,127.29,113.44,98.59,129.79
182.16,121.75,161.93,159.89,166.55,239.5764514,169.96,132.44,137.82,203,221.57,136.02,224.05,150.55,120.19,135.67,158.82
158.08,125.68,151.71,142.95,149.39,238.5957535,156.38,115.62,134.05,246.9916459,194.24,118.79,207.21,137.66,169.84,123.24,174.79
118.2,78.87,146.13,119.14,128.16,237.6150557,129.03,104.49,103.05,340.56,171.07,96.77,182.12,117.86,139.05,112.91,130.53
88.08,58.89,94.8,91.05,81.52,236.6343579,99.09,83.15,104.18,198.1792959,141.78,83.97,108.36,87.68,94.82,64.73,83.87
76.97,41.7,81.96,66.62,48.03,235.65366,70.96,63.96,75.08,81.48,106.47,57.99,64.17,61.07,69.61,38.73,43
62.34,62.70818767,61.17,45.6,37.73,234.6729622,54.38,45.05,46.2,74.7,95.54,48.57,49.55,31.8,43.04,29.05,39.25
74.33,66.33340101,62.84,58.17,56.46,233.6922644,76.17,72.87,60.48,66.39,128.11,55.4,81.59,69.75,57.84,43.03,51.67
88.54,69.95861436,67.14,77.01,71.98,232.7115665,81,91.25,70.06,70.60210459,101.19,67.53,100.55,79.12,73.14,51.66,64.42
131.48,73.5838277,104.59,98.56,101.05,231.7308687,128.77,100.8,102.77,70.90390699,140.1,68.72,120.93,100.09,121.53,72.06,86.27
136.23,77.20904104,156.55,102.73,90.23,230.7501709,143.01,80.42,100.03,71.20570939,123.61,69.75,126.13,84.69,126.43,86.38,95.36
126.68,80.83425438,120.36,114.54,142.45,229.769473,140.45,140.91,102.22,71.50751179,178.6,119.18,192.69,150.16,132.26,115.38,135.55
131.14,86.71,121.75,120.96,92.74,228.7887752,129.33,138.63,122.04,71.8093142,162.21,130.75,142.87,132.28,124.71,90.2,117.08
136.25,95.56,118.27,111.73,89.98,227.8080773,142.23,117.07,112.53,72.1111166,140.44,78.28,142.71,97.34,121.33,90.04,110.49
139.42,91.8,131.32,127.77,106.15,226.8273795,127.66,116.14,126.65,72.412919,163.09,94.44,192.97,122.08,134.05,137.74,138.32
107.23,73.51,111.31,148.06,75.21,225.8466817,121.65,60.7,110.48,72.7147214,127.98,99.64,115.88,98.02,120.51,78.3,93.46
77.73,40.26,70.12,58.21,39.66,224.8659838,70.15,49.15,66.04,73.0165238,74.48,69.43,68.54,60.22,71.03,45.92,27.79
52.34,43.65,90.44,54.71,29.82,223.885286,55.2,44.22,59.07,73.3183262,47.24,41.83,51.34,51.69,70.29,28.47,18.56
64.54,35.19,50.17,56.53,30.74,222.9045882,62.79,48.51,52.28,73.6201286,71.03,59.59,53.42,54.01,81.73,43.12,22.89
112.72,76.79,89.23,103.28,60.49,221.9238903,90.35516673,93.78,84.2,73.921931,119.91,87.29,117.62,105.95,168.51,76.02,61.57
121.97,90.09,90.15,103.02,54.19,220.9431925,107.4851392,94.82,95.17,74.22373341,105.71,97.74,94.1,91.95,196.11,71.55,46.96
131.0006355,94.49,92.59,99.69,59.67,219.9624947,124.6151117,122.97,88.3,74.52553581,133.88,114.04,120.64,124.22,181.01,70.59,50.34
141.85,95.35,100.5,115.55,62.53,218.9817968,154.46,87.31,93.48,74.82733821,133.32,76.25,123.21,91.45,194.03,78.55,55.78
150,102.11,92.82,112.53,66.14,218.001099,156.15,102.71,98.72,75.12914061,133.48,87,129.28,103.25,198.35,75.47,53.11
149.26,106.56,125.23,112.5253752,48.05,217.0204011,121.29,88.84,91.84,75.43094301,107.14,82.6,90.79,101.42,164.44,71.37,40.63
130.88,95.37,95.79,112.05,55.86,216.0397033,117.36,121.93,89.09,75.73274541,124.57,95.81,110.67,119.99,178.69,76.37,53.14
156.16,99.64,93.9,121.5,55.41,215.0590055,131.81,110.42,79.54,76.03454781,113.19,81.72,112.56,106.85,147.84,71.96,53.1
90.57,59.04,66.53,77.62,37.96,214.0783076,93.41,77.06,56.29,76.33635021,89.42,60.3,75.6,83.08,100.69,48.36,33.07
101.93,73.01,82.14,80.57,95.36,213.0976098,90.02,92.33,62.73,76.63815262,94.22,74.19,102.02,93.41,148.99,88.07,32.83
157.49,113.57,127.55,117.49,140.71,212.116912,131.94,146.08,94.79,76.93995502,156.33,128.83,191.69,158.25,209.57,163.65,38.89
148.24,92.74,137.83,116.31,134.68,211.1362141,111.62,111.58,89.82,77.24175742,154.49,129.53,182.73,131.95,202.01,144.45,41.34
131.07,96.66049094,111.95,91.06,78.93,210.1555163,124.3614664,116.2552268,85.15,77.54355982,123.38,114.3662873,135.7,129.17,168.76,122.31,38.88
114.68,107.4,98.92,84.35,59.86,209.1748185,145.94,98.25,84.27,77.84536222,116.6,119.36,122.94,129.43,154.53,109.16,39.52
113.74,86.49,96.89,97.49,57.13,208.1941206,96.64,161.76,104.91,78.14716462,113.23,101.73,128.71,118.82,166.55,119.67,40.08
122.49,89.1,96.25,119.45,59.55,207.2134228,141.86,130.1776066,89.51,78.44896702,131.11,100.92,141.01,120.56,213.1,127.92,50.52
137.6,96.59,105.89,120.67,60.36,206.2327249,155.87,131.34,98.86,78.75076943,126.77,126.1,165.76,137.58,219.47,144.36,62.37
155.53,98.6,121.5,98.68,51.87,205.2520271,140.69,95.77,93.61,79.05257183,131.44,124.71,121.34,143.5,167.13,133.41,65.48
96.95,67.04,101.58,85.96,55.66,204.2713293,100.32,90.02,90.89,79.35437423,128.28,93.68,97.9,114.82,121.94,97.99,41.51
85.84,65.04,81.22,67.6,51.39,203.2906314,85.4,71.02,67.32,79.65617663,85.08,77.96,84.89,99.09,92.7,84.37,38.56
103.72,58.13,82.5,58.5,39.15,202.3099336,64.6,57.09,45.78,79.95797903,71.19,60.9,69.4,77.91,78.37,67.47,26.7
74.93,50.42,75.17,56.26,40.05,201.3292358,69.88,60.36,68.5,80.25978143,71.83,68.18,70.44,80.1,76.39,69.4,25.68
80.2,53.27,107.5,77.66,38.08,200.3485379,125.26,70.28,101.16,80.56158383,110.45,86.54,65.32,88.53,85.36,85.16,26.84
76.56,55.51,84.86,132.3,33.84,199.3678401,141.74,60.22,142.52,80.86338623,81.45,110.62,64.72,89.92,113.23,92.64,51.85
83.27,63.13,97.78,134.16,49.84,198.3871422,131.6,65.42,134.59,81.16518864,88.51,122.89,86.72,107.07,126.39,115.64,95.79
91.09,76.53,92.19,155.1,65.64,197.4064444,156.66,56.05,166.12,81.46699104,95.5,124.47,93.5,132.3,140.51,118.46,102.55
92.17,72.64,129.68,156.31,71.8,196.4257466,146.86,91.29023956,120.7,81.76879344,76.27,121.81,81.27,99.53,145.85,110.09,91.47
119.92,101.36,112.56,183.21,98.78,195.4450487,204.23,119.36,256,82.07059584,116.16,141.48,142.67,143.29,162.24,171.21,134.52
172.55,139.68,155.08,219.56,228.81,194.4643509,227.81,149.36,198.07,82.37239824,200.97,196.61,208.37,198.37,210.69,210.46,166.87
118.58,86.18,114.54,137.21,69.38,193.4836531,128.97,114.36,135.81,82.67420064,147.16,158.67,129.46,140.57,152.17,132.84,117.82
90.95,64.52,102.26,109.83,42.48,192.5029552,91.2,65.72,117.33,82.97600304,139.21,110.64,84.36,97.94,110.48,103.28,81.32
94.74,79.85,117.91,126.81,66.94,191.5222574,130.29,68.16,114.91,83.27780544,129.07,118.79,99.68,105.9,123.52,110.66,87.84
115.87,95.99,139.35,148.41,102.96,190.5415596,138.45,79.26,122.49,83.57960785,92.12,106.61,106.82,100.3,147.9,126.03,126.02
79.37,71.24,123.08,97.92,71.06,189.5608617,105.37,57.86,113.42,83.88141025,130.558514,87.6,68.59,85.14,92.94,85.9,104.11
80.17,61.73,96.58,98.33,67.99,188.5801639,104.63,64.74,108.05,84.18321265,176.36,119.34,82.51,101.31,96.09,89.49,83.46
91.5,70.78,122.94,104.16,75.79,187.599466,105.98,73.57,112.05,84.48501505,104.97,108.67,96.12,100.17,121.74,117.79,109.12
81.73,59.29,88.43,94.73,64.3,186.6187682,92.85,69.74,115.18,84.78681745,123.85,109.83,72.75,96.26,177.8,99.94,84.2
62.38,58.62,112.2,87.56,71.4,185.6380704,84.31,64.44,98.51,85.08861985,76.52,103.45,78.01,92.77,158.53,93.37,90.36
66.6,54.46,96.35,79.24,64.13,184.6573725,79.36,49.99,93.81,85.39042225,72.26,87.52,64.4,86.74,123.99,81.69,68.04
57.88,62.7,88.23,71.02,59.32,183.6766747,70.16,39.97,88.83,85.69222466,60.43,75.9,61.67,67.07,85.9,68.03,63.38
55.19,51.06,111.89,78.77,61.94,182.6959769,64.99,48.91,89.6,85.99402706,53.89,83.67,60.1,68.56,88.9,69.25,63.94
102.02,88.66,83.96,135.76,81.53,181.715279,146.18,77.64,115.22,86.29582946,114.98,127.08,100.12,119.79,143.26,139.01,125.8
132.04,116.99,120,148.59,87.48,180.7345812,188.78,103.71,150.68,86.59763186,136.37,160.83,109.8,150.69,171.2,167.76,137.31
109.55,85.59,117.25,81.66,55.34,179.7538834,100.45,82.99,109.77,86.89943426,78.66,196.35,93.19,116.64,106.25,107.16,111.11
95.25,72.68,331.22,104.36,77.69,178.7731855,110.99,73.28,113.28,87.20123666,88.19,223.89,85.47,115.74,115.83,139.76,141.17
77.07,66.69,202.43,92.64,75.67,177.7924877,92.07,56.24,127.65,87.50303906,103.43,95.83,79.98,91.26,99.24,97.72,101.98
110.49,91.88,191.47,120.34,95.53,176.8117898,139.82,95.34,139.9,87.80484146,116.25,125.56,105.18,126.66,136.6,126.55,100.98
62.68,56.97,105.96,80.91,57.45,175.831092,103.44,48.08,111.16,88.10664387,142.9834956,72.87,52.51,61.68,91.78,74.62,78.86
65.78,50.94,112.79,78.78,51.78,174.8503942,102.19,42.35,82.55,88.40844627,178.7,47.5,47.27,66.65,77.92,77.72,68.55
70.95,67.07,114.8,98.2,79.9,180.42,90.27,59.68,105.4,87.21,159.87,111.58,77.66,85.22,105.32,98,82.34
83.44,68.89,146.83,107.73,84.91,125.81,120.61,71.25,111.29,95.88,169.16,102.98,90.93,98.29,104.76,112.6,87.52
74.84,66.94,215.89,105.76,77.26,120.66,85.82,58.52,106.92,90.28,138.56,93.73,86.06,87.79,105.47,102.65,78.36
79.55,65.78,181.62,110.64,72.39,107.95,105.69,56.15,115.84,77.63,85.89,87.13,69.31,87.58,107.46,103.56,107.81
89.95,83.33,192.96,124.65,82.08,139.7955522,137.7,75.99,117.82,95.38,87.98,104.33,93.6,106.27,123.39,111.34,160.61
126.94,124.08,184.24,158.5,117.97,166.2960632,216.32,110.62,93.95,137.22,150.12,134.31,122.34,141.26,173.38,150.48,211.37
125,98.13,229.09,145.29,117.6,200.82,177,84.03,192.73,125.39,114.64,111.55,118.12,109.38,143.1,132.35,170.93
129.37,105.45,152.92,145.9,109.33,169.75,136.55,87.11,122.39,125.9642645,123.38,128.61,123.19,106.19,149.34,142.06,185.41
95.62,89.54,146.89,103.42,87.51,123.83,102.55,76.82,80.01,126.1133491,90.49,99.14,98.08,118.42,103.39,99.25,116.72
114.57,102.33,154.45,121.94,106.91,146.91,131.84,97.6,148.24,126.2624336,133.02,141.9,130.37,139.59,130.83,165.42,155.85
99.34,85.61,185.42,108.35,95.99,140.63,129.03,83.07,147.87,126.4115182,114.67,124.07,115.51,115.51,117.85,123.72,130.65
73.35,61.77,209.57,84.91,67.15,109.3,76.48,63.4,174.58,126.5606027,62.99,96.85,74.07,87.49,85.84,95.87,128.17
61.66,54.98,193.4684285,72.66,57.5,98.93,167.78,50.68,131.67,126.7096873,43.27,78.38,59.46,80.94,77.16,84.14,108.94
57.46,36.62,187.3829875,68.51,52,75.72,166.75,43.42,146.25,126.8587718,37.86,57.27,55.73,61.7,60.87,80.34,89.66
61.28,47.6,200.15,72.65,56.32,81.8,100.07,48.64,123.76,127.0078564,45.55742027,73.95,62.71,73.01,68.05,80.55,83.66
55.21,46.2,118.82,77.09,50.71,87.45,97.42,46.17,148.64,127.1569409,48.71825752,75.5,58.35,69.51,68.3,76.07,78.78
47.15,33.72,110.46,63.6,53.1,69.25,95.24,35.09,100.73,127.3060255,51.87909476,62.38,45.08,57.19,58.92,64.15,78.52
50.72,40.03,61.86,73.2,47.88,73.91,87.46,35.35,111.39,127.45511,55.03993201,61.93,48.01,60.62,64,66.87,85.19
58.98,46.84,255.38,83.68,53.09,88.88,40.64,39.46,129.21,127.6041946,58.20076925,66.89,50.7,65.23,77.73,81.54,90.22
58.72,51.21,235.54,74.7,49.81,121.37,78.01355555,50.85,119.91,127.7532791,61.3616065,72.1,53.53,70.13,74.01,79.52,89.75
66.92,49.77,122.56,114.53,45.2,112.56,82.83,41.05,133.9,127.9023637,64.52244374,102.28,76.95,71.26,85.77,74,88.95
84.52,47.53,136.66,131.62,66.24,134.42,123.25,81.57,127.55,128.0514482,67.68328099,123.6,94.33,125.31,151.6,104.37,232.3
84.66,75.31,157.58,117.57,62.35,124.91,117.22,69.01,131.04,128.2005328,70.84411823,112.77,101.5,104.16,119.5,118.18,142.32
88.53,68.69,122.772691,109.36,49.55,112.4,152.82,76.48,276.04,128.3496173,74.00495548,137.21,76.35,101.14,112.11,112.49,92.8
76.3,59.35,99.98813048,82.93,56,90.66,133.93,64.32,129.94,128.4987019,77.16579272,205.25,65.03,89.12,108.46,104.39,78.45
74.14,57.63,71.63,80.8,65.64,95.49,330.14,65.41,220.82,128.6477864,80.32662997,249.85,72.4,87.98,88.66,99.39,90.07
83.03,64.82,69.78,74.26,70.4,92.77,141.31,61.49,123.76,128.796871,83.48746721,92.5,83.93,91.95,91.97,120.21,82.41
69.19,42.04,46.17,54.22,53.82,65.53,163.5,46.67,99.62,128.9459555,86.64830446,70.21,77.55214907,69.22,58.27,133.85,57.55
74.36,48.14,45.26,74.3,58.29,80.49,118.95,53.47,99.98,129.0950401,95.01,101.94,73.64,80.84,79.82,88.53,73.82
76.26,57.56,28.98,67.17,53.56,75.62,206.71,58.23,130.61,129.2441246,81.39842178,87.07,69.04,86.97,92.9,151.27,79.79
74.72,52.26,32.4,68.07,50.21,92.28,149.99,57.55,187.47,129.3932092,72.98770186,87.18,69.54,83.37,81.72,124.49,81.99
69.53,47.35,30.98,64.83,37.71,74.2,142,48.27,116.7,129.5422937,64.57698193,77.61,65.47,75.25,73.08,105.18,83.8
66.37,46.49,29.05,68.85,37.64,87.63,124.48,45.92,93.83,129.6913783,56.16626201,70.36,62.78,69.85,68.59,97.17,68.5
66.07,47.65,33.38,68.8,52,78.71,151.77,51.6,91.81,129.8404628,37.75,68.79,58.92,70.57,65.18,99.75,71
77.07,59.41,33.86,73.21,69.28,83.72,170.5,58.38,157.11,129.9895474,61.60647507,81.57,76.34,79.44,73.8,134.13,104.83
66.17,52.53,27.64,64.75,66.44,79.43,100.31,43.22,179.72,130.1386319,82.53,78.33,68.26,71.54,69.31,96.59,96.15
76.6,64.79,35.39,68.08,87.87,87.56,57.99,50.97,105.06,130.2877165,73.57230338,89.81,78.8,76.73,77.34,109.52,80.7
75.78,56.69,62.37,75.3,93.67,91.43,99.88,51.7,102.19,130.436801,71.68719871,83.2,78.38,70.53,80.75,114.67,89.78
56.54,41.89,63.8,65.33,87.82,75.72,146.94,41.11,162.05,130.5858856,69.80209404,69.35,58.71,57.73,63.26,116.32,76.89
51.09,35.94,57.6,58.06,64.26,65.12,130.86,35.54,120.04,130.7349701,67.91698936,61.78,44.45,51.68,52.45,81.25,64.36
51.54,38.4,76.95,55.5,64.11,71.57,70.94,35.05,92.11,130.8840547,66.03188469,57.13,42.61,52.65,61.57,83.21,50.34
61.56,49.72,73.37,73.51,76.18,88,125.26,45.83,94.64,131.0331392,64.14678002,113.73,59.43,68.95,74.59,108.25,96.66
61.99,51.56,82.95,80.39,87.59,95.28,83.58,46.12,96.22,131.1822238,62.26167534,288.95,76.8,75.81,87.54,114.61,94.89
52.48,38.21,60.97,59.81,60.76,71.95,101.09,45.91,95.35,131.3313083,60.37657067,136.87,51.86,55,55.47,99.5,70.66
48.05,37.87,64,71.22,58.74,65.29,119.53,30.55,94.07,131.4803929,59.41,159.92,51.59,50.93,59.3,70.21,70.73
61.82,47.88,78.17,76.65,67.02,82.96,90.92,34.41,93.84,131.6294774,57.17,57.18,62.13,65.67,70.14,124,95.5
48.3,37.46,68.49,72.02,54.04,63.59,53.93,38.01,94.37,131.778562,45.06,40.23,50.02,54.38,61.78,106.84,72.43
43.88,29.7,47.04,42.09,53.64,52.06,145.22,60.66,97.83,131.9276465,24.7,59.59,33.84,38.99,47.48,253.55,75.73173786
34.48,24.13,30.69,34.9,54.14,38.79,86.33,17.91,99.37,132.076731,60.08,39.65,25.72,39,35.24,163.0455624,75.00727033
42.46,30.29,37.06,38.58,63.63,40.6,147.43,21.18,97,132.2258156,21.81,81.66,28.6,40.27,41.36,140.393735,74.2828028
37.62,25.03,41.08,41.35,104.73,38.48,111.76,14.61,109.33,132.3749001,19.16,64.11,26.78,32.85,52.32,137.59,86.57
32.43,21.75,30.92,34.92,52.75,39.89,91.54,21.68,89.26,132.5239847,27.1,90.34,18.35,40.42,43.26,43.32,32.41
32.62,20.98,37.72,35.23,53.32,35.34,95.23,17.33,96.45,132.6730692,11.72,56.32,19.48,38.19,47.12,52.79,34.18
41.4,26.6,45.89,39.84,35.11,40.01,52.8,23.6,89.83,132.8221538,10.99,48.26,20.99,50.07,51.8,62.34,33.03
49.71,37.66,47.42,48.34,48.73686205,52.28,66.03,34.86,98.34,132.9712383,19.92599978,100.72,34.39,59.06,68.74,57.19,33.15
54.53,33.72,50.06,50.82,59.66,51.32,102.58,32.39,95.74,133.1203229,29.47,82.69,51.09,49.59,59.02,70.12,52.76
41.34,24.84,40.32,43.16,48.48,45.24,88.24,25.02,92.64,133.2694074,22.5,56.23,38.35,45.27,51.78,62.26,42.44
29.66,18.87,44.94,39.69,53.18,41.14,69.45,17.53,95.21,133.418492,20.18,41.15,33.76,37.86,48.3,140.54,28.69
47.97,23.36,48.34,38.67,87.11,41.84,201.49,29.41,90,133.5675765,32.29,41.67,49.7,42.53,54.27,32.36,76.12
51.41,29.16,47.94,36.8,105.09,56.89,184.32,22.63,96.00075881,133.7166611,35,138.59,56.77,43.43,59.58,39.9,77.99
36.83,24.80446215,67.1,65.45,98.08,48.42,112,19.98,104.01,133.8657456,58.51,31.69,49.16,31.17,67.64,61.15,64.77019025
52.72,23.81296737,70.81,57.22,71.87,74.79,165.54,28.43,97.8,134.0148302,30.14,57.82,48.13,34.63,67.88,39.33,57.15965905
36.97,22.45,42.33,39.43,44.65,59.59382628,94.52,21.44,89.07,134.1639147,20.63,42.11,34.01,35.65,40.22,38.42,49.54912786
34.8,21.71,45.14,37.54,27.44,48.94757489,48.58,25.11,85.66,134.3129993,34.97,50.09329889,27.18,32.98,63.13,47.49,41.93859667
28.73,16.79,35.57,26.86,34.07,38.30132349,114.01,18.51,85.46,134.4620838,13.06,47.05,25.67,23.72,58.27,55.53,31.49
21.89,15.57,25.55,25.71,30.54,24.63,106.526446,12.5,87.33,134.6111684,7.38,47.3,30.21,20.99,28.8,58.48229941,32.49
39.8,35.27,43.43,40.32,81.28,35.76,121.77,27.99,91.37,134.7602529,56.8,32.82,45.38,32.12,45.51,62.76935504,33.72
54.02,51.1,60.57,53.53,75.24,51.64,102.49,36.49,92.3,134.9093375,62.54,86.82,57.65,42.49,60.79,67.05641067,35.06910963
57.32,49.01,62.17,51.16,72.18,42.88,96.44,35.06,92.07,135.058422,54.2124651,94.6,58.62,44.94,60.82,71.3434663,36.21370334
55.88,55.49,70.46,57.36,64.85,54.64,72.54,36.19,91.28,135.2075066,55.86,52.78,61.85,53.62,58.67,75.63052193,37.35829705
52.37,48.74,66.5,54.04,91.11,52.54,92.93,41.13,91.67,135.3565911,32.24,81.76,62.59,57.66,58.71,79.91757756,38.50289076
62.08,60.15,56.78,58.8,91.99,56.72,92.45,43.9,92.17,135.5056757,43.42,73.72,65.82,53.19,66.85,64.71,39.64748447
56.18,46.49,47.81,53.49,72.07,54,79.34,37.7,90.43,135.6547602,17.95,75.77,55.3,46.41,57.65,121.73,40.79207817
51.17,34.53,55.87,56.13,77.57,53.68,74.9,38.57,88.4,135.8038448,35.82,90.91,56.61,47.3,59.14,106.52,42.7
61.58,56.01,61.98,60.39,92.94,59.2,73.17,42.81,87.25,135.9529293,41.81,95.07,64.27,57.26,240.93,163.05,41.3
57.61,45.85,60.68,49.31,182,32.95,104.9,39.3,72.6,136.1020139,35.99,124.1,59.39,42.25,381.22,242.16,33.84
31.31,19.04,83.19,36.22,106.26,34,49.64,22.02,40.8,136.2510984,12.64,36.81,40.28,21.16,54.98,29.07,57.7
23.97,27.69,77.35136674,37.05,20.43,30.74,46.77,20.52,54.14,136.400183,17.96,23.18,34.9,29.66,58.03,17.63,67.98949539
34.62,37.02,77.21319249,50.68,18.93,42.41,48.06,25.59,60.28,136.5492675,17.75,33.05,28.74,39.82,56.82,44.28,76.34
29.58,25.23,77.07501823,39.49,20.73,39.96,22.26,16.49,47.22,136.6983521,37.22,27.37,25.84,29.02,52.4,33.07,80.53
30.36,24.36,76.93684398,39.78,23.68,33.26,39.84,18.91,46.52,136.8474366,30.74,24.88,30.99,28.21,44.78,45.4,226.59
23.94,12.99,76.79866972,32.61,21.53,42.62,17.13,12.1,33.04,136.9965212,28.49,16.22,31.63,23.27,56.29,49.73,69.51
40.76,25.13,76.66049547,51.08,19.17513001,101.13,94.38,30.65,44.08370417,137.1456057,30.98,66.42,41.69,24.52,45.75,206.93,15.34
42.03,22.44,76.52232122,48.74,18.19,49.99,70.46,37.21,45.99,137.2946903,36.92,81.21,39.61,30.86,52.92,43.15,13.29
31.02,29.2,76.38414696,44.97,9.16,36.41,21.27,23.40020421,57.64,137.4437748,26.29,35.32,20.5,32.04,45.23,36.95,10.86
34.15,30.53,76.24597271,42.37,14.21242568,44.62,20.53,13.98,50.69,137.5928594,26.74,34.9721608,17.91,31.74,41.65,39.08,10.2
23.82,18.78,76.10779846,24,16.4869036,86.28,18.49,11.58,44.51,137.7419439,19.52,13.5,20.32,18.78,28.11,30.15,9.21
27.96,23.3,75.9696242,37.63,20.39,25.93,19.61,16.87,62.31,137.8910285,26.4,28.23,23.53,25.8,36.01,37.98,14
34.55,29.15,75.83144995,33.28,15.95,24.27,24.19,12.09,36.42,138.040113,24.2,37.26,27.72,24.15,39.25,35.75,13.84
24.16,19.51,75.6932757,27.1,16.16,22.63,38.13,12.21,49.30421129,138.1891976,23.88,14.71,23.63,18.86,32.94,34.54,12.7
39.39,33.4,75.55510144,40.2,18.42,28.81,20.41,20.92,56.95,138.3382821,33.99,22.87,57.54,30.77,47.95,43.33,15.25
26.97,34.88,75.41692719,41.35,16.59,22.68,30.28,15.87,45.78,138.4873667,24.34,32.8,125.57,24.86,41.99,41.18,15.74
35.49,33.81,75.27875293,47.77,19.72,29.23,19.74,22.56,58.4,138.6364512,33.22,23.37,119.67,31.7,51.52,50.21,18.92
37.09,31.48,75.14057868,42.59,18.78,25.57,24.43,18.47,43.88,138.7855358,27.9,27.38,33.29,25.65,45.36,38.85,17.36
53.02,52.16,75.00240443,59.43,24.37,38.71,31.48,31.86,78.58,138.9346203,38.7,68.52,34.9,43.84,59.87,51.02,18.66
50.15,48.84,74.86423017,63.16,21.15,34.77,36.71245123,30.32,70.52,139.0837049,26.28,64.63,34.14,41.42,55,48.73,16.34
62.9,328.82,74.72605592,74.58,28.38,57.84,41.86687909,40.37,137.08,139.2327894,37.82,57.59,42.93,51.91,72.82,66.07,20.81
51.93,75.88,74.58788167,65.94,25.86,40.79,42.42,34.75,76.98,139.381874,27.36,46.36,39.98,41.93,64.34,53.36,18.12
55.52,44.78,74.44970741,66.11,21.64,48.67,80.82,33.72,84.95,139.5309585,43.45,95.02,39.26,40.74,61.22,50.92,16.74
45.55,6.48,74.31153316,63.89,18.56,34.05,33.18,24.37,86.55,139.6800431,24.31,47.65,36.59805647,30.93,48.36,44.8,16.82
40.5,20.69,74.17335891,64.97,17.51,34.74,32.01,21.47,88.93,139.8291276,39.68,37.66,34.20332601,32.4,47.6,43.57,13.72
33.33,27.41,74.03518465,41.51,12.6,24.78,16.29,15.89,77.81,139.9782122,19.28,31.4,31.80859555,27.62,37.2,35.6,11.19
35.9,29.23,73.8970104,42.9,12.35,23.76,16.36,18.54,56.1,140.1272967,27.32,35.09,29.05,29.81,40.19,37.46,13.06
38.37,32.54,73.75883614,46.79,11.86,29.58,22.43,28.6,57.89,140.2763813,19.35,38.95,28.84033355,33.12,46.03,40.89,13.62
35.53,30.9,73.62066189,47.82,11.21,29.69,19.94,32.19,57.28,140.4254658,21.23,37.07,28.49,31.47,42.75,52.4,13.39
39.6,26.1,73.48248764,48.32,11.04,32.43,17.58,16.56,61.22,140.5745504,23.73,33.34,26.39,28.2,40.94,45.56,20.51
42.72042863,26.49,73.34431338,37.2,9.8,33.54,17.4,15.1,62.17,140.7236349,20.25,48.54,25.07,25.55,36.7,46.41,33.26
46.71,33.94,73.20613913,70.09,11.99,38.28,33.24,18.35,74.66,140.8727195,29.83,39.16,29.88,30.89,42.03,63.31,35.45
45.48027947,27.91,73.06796488,55.07,9.32,41.53,23.44,17.24,70.75,141.021804,30.71,45.57,27.33,31.14,37.87,40.96,33.43
45.13851612,24.07,72.92979062,48.16,24.08,31.01,29.02,15.71,56.22,141.1708886,17.14,37.92,16.98,23.56,34.51,38.67,31.64
44.79675276,24.57,72.79161637,43.62,43.06,33.74,29.34,12.94,66.91,141.3199731,10.66,35.13,22.13189025,23.96,33.53,34.34,27.77
44.4549894,27.17,72.65344212,69.53,47.6,34.59,45.86,20.98,52.25,141.4690577,22.57,46.32,26.03,46.76,43.31,51.47,61.43
44.11322604,28.64,72.51526786,64.43,47.79,37.96,53.29,16.47,63.91,141.6181422,40.27,45.22,23.84,46.27,45.34,52.75,63.06
43.77146268,26.16,72.37709361,91.11,49.3,46.01,41.35,17.69,59.67,141.7672268,66.16,51.57,24.03,46.63,46.57,69.52,64.08
43.42969933,28.14,72.23891935,82.38,54.39,46.76,40.62,19.97,31.57,141.9163113,23.16,36.45,31.18,44.83,38.81,66.73,55.62
43.08793597,24.85,72.1007451,81.75,46.9,43.93,31.37,18.8,61.95,142.0653959,41.31,58.72,26.47,48.05,38,68.89,56.38
42.74617261,26.15,71.96257085,80.01,65.37,47.91,60.4951392,20.28,58.76,142.2144804,71.91,44.8,27.17,49.25,49.77,95.96,63.27
42.40440925,37.14,71.82439659,96.71,56.92,68.03,77.22882293,30.45,50.77,142.363565,51.14,53.99,29.52,57.19,50.66,103.32,60.8
40,35.94,71.68622234,83.12,56.72,51.73,107.61,28.07,50.22,142.5126495,74.11,51.87,29.79,56.03,54.08,268.43,62.16
49.71954379,30.24,71.54804809,44.79,31.84,49.03,102.56,29.84,39.16,142.6617341,94.77,63.23,26.89,58.28,61.76,33.51,62.1
57.37644169,34.58,71.40987383,65.95,57.51,64.37,89.87,27.84,47.31,142.8108186,140.92,60.92,48.27,54.5,79.13,54.51,75.27
67.58,41.55,71.27169958,63.52,38.32,56.68,48.86,29.24,63.49,142.9599032,63.45,69.76,33.14,62.13,63.97,59.97,69.62
62.81463351,18.26,71.13352533,38.97,25.32,22.14,61.6,9.23,26.79,143.1089877,28.8,34.41,9.42,39.63,33.38,34.33,46.64
60.59592744,14.97,70.99535107,26.69,23.72,22.08,46.03,14.28,18.6,143.2580723,34.98,20,18.55,34.12,38.34,50.16,48.16
58.37722137,23.06,70.85717682,31.34,30.73,26.41,43.59,17.82,24.13,143.4071568,25.39,27.07,20.95,41.54,36.08,48.13,59.55
57.02,35.66,70.71900256,40.19,38.14,35.37,44.07,22.79,24.21,143.5562414,35.63,52.75,30.23,51.65,35.67,48.84,68.45
50.5990883,28.65,70.58082831,34.8,34.35,28.44,43.4,17.54,21.8,143.7053259,35.8,37.01,28.8,46.29,35.54,48.29,46.65
43.87,37.27,70.44265406,40.53,41.39,35.43,44.38,27.44,22.84,143.8544105,44.95,44.58,32.68,40.41,40.12,49.36,54.85
45.65,37.95,70.3044798,42.31,40.93,34.59,43.76,50.82,31.22,144.003495,49.14,57.13,34.55,39.19,41.44,50.61,57.48
36.65603911,30.84,70.16630555,48.43,38.67,37.06,43.09,35.36,30.7,144.1525796,42.92,48.21,31.14,39.88,34.98,49.02,50.57
26.24,23.03,70.0281313,29.24,30.68,31.61,46.01,27.62,44.36,144.3016641,57.51,40.7,24.12,36.72,33.24,46.66,52.3
33.78704351,26.44,69.88995704,47.67408502,37.71481498,39.49,43.03,31.05,40.35,144.4507487,30.84,53.31,21.28,35.85,37.15,48.1,47.76
38.27803108,26.4,69.75178279,65.36,40.54,39.33,60.24,23.01,36.22,144.5998332,52.88,50.18,26.99,36.15,33.75,50.95,47.18
42.76901865,30.89,69.61360854,52.7,50.99,44.08,75.74,24.39,34.08,144.7489178,49.84,39.95,29.48,36.84,37.97,51.2,54.43
51.07,32.01,69.47543428,47.73,50.26,36.65,44.99,35.98,27.28,144.8980023,39.68,72.78,30.09,37.44,35.81,50.51,55.18
34.92,23.3,69.33726003,41.84,51.24,32.17,43.22,29.29,25.72,145.0470869,28.75,28.77,29.7,34.74,31.84,49.79,54.65
34.66696556,30.28,69.19908577,53.03,46.74,45.45,65.32,33.47,30.47,145.1961714,44.61,46.6,30.21,38.33,36.24,49.54,58.51
32.35757684,19.8,69.06091152,44.93,27.82,31.98,43.75,26.32,26.33,145.345256,35.79,29.02,22.79,33.43,31.45,46.86,49.55
30.04818812,22.96,68.92273727,46.58,26.49,38.47,43.14,23.57,24.2,145.4943405,26.71,56.66,21.18,34.94,30.98,45.51,46.45
27.7387994,22.38,68.78456301,41.1,16.97,38.12,43.18,18.89,26.21,145.6434251,47.95,29.91,18.12,32.14,26.95,45.83,36.72
23.24,26.17,68.64638876,38.59,14.9,31.25,47.05,26.53,31.53,145.7925096,33.55,56.48,15.2,36.13,28.93,45.58,38.61
30.56,24.64,68.50821451,44.87,20.2,35.48,48.06,18.44,30.36,145.9415942,35.14,41.73,25.15,36.54,38.37,49.19,43.57
42.46,38.55,68.37004025,52.37,33.93,49.03,47.12,41.93,34.71,146.0906787,39.83,50.89,40.77,43.61,52.9,52.1,53.02
52.63,40.28,68.231866,56.82,43.8,55.43,47.97,32.84,45.76,146.2397633,54.84,61.53,40.07,45.1,45.42,52.51,56.84
46.79583362,23.06,68.09369175,52.2,30.19,39.37,45.06,18.82,53.83,146.3888478,35.17,35.49,27.91,37.29,47.91,48.48,47.84
43.78587183,21.01,67.95551749,53.25,32.98,41.39,44.27,17.89,40.75,146.5379324,38.39180477,31.37,19.29,34.32,62.91,56.68,46
39.87,32.13,67.81734324,77.05,57.17,78.89,46.88,36.65,63.99,146.6870169,33.51,57.53,72.86,44.53,72.1,64.38,57.02
41.27894464,29.14,67.67916898,75.8,49.36,73.2,47.46,33.79,57.28,146.8361015,43.42,59.52,32.78,40.21,67.46,50.12,51.69
41.78197923,31.9,67.54099473,86.18,42.65,85.62,48.75,38.77,62.2,146.985186,62.41,87.92,60.75,51.54,66.6,55.86,60.12
42.71,33.64,67.40282048,91.73,46.62,75.17,48.49,42.31,82.19,147.1342706,90.88,73.6,46.95,51.36,59.45,57.04,72.06
40.02,37.3,67.26464622,90.18,42.63915003,83.1,48.58,42.67,74.63,147.2833551,97.47,61.44,58.32,52.23,45,59.67,75.15
44.3382511,29.7,67.12647197,78.79,39.96375344,73.87,47.36,29.61,61.72,147.4324397,107.82,53.38,33.76,41.88,45,53.76,62.58
47.53649256,35.2,66.98829772,84.08,37.28835685,63.86538347,46.56,39.83,49.01,147.5815242,45.98,46.96,34.93035721,41.68,44.67,53.36,54.33
54.27,39.96,66.85012346,84.07,34.61296026,54.17673176,66.13,37.81,58.13,147.7306088,108.34,51.07,35.24,44.6,112.47,57.38,52.62
40.22369307,22.56,66.71194921,43.67,31.93756367,45.6,44.91,22.35,40.45,147.8796933,44.33,50.57,17.67,34.35,50.03,52.47,37.02
29.16,18.19,66.57377496,34.18,29.26216709,26.16,47.66,14.58,30.38,148.0287779,52.72,23.23,19.7,30.02,144.85,50.47,37.57
20.04,10.3,66.4356007,31.71,24.49,20.22,41.06,17.4,24.7,148.1778624,48.69,14.4,21.93896794,28.74,18.24,44.95,22.86
16.95,6.74,66.29742645,24.04,29.86,14.62,40.56,10.68,20.98,148.326947,9.79,8.76,23.78531137,26.24,16.98,43.37,27.37
18.44,10.32,66.15925219,25.96,30.83,20.17,41.93,10.72,32.45,148.4760315,10.03,13.88,25.63165479,28.39,20.66,44.99,30.02
20.57,16.3,66.02107794,36,31.29,30.85,42.52,17.6,37.14,148.6251161,15.23,28.91,27.47799822,40.96,26.61,47.03,28.01
23.05,15.5,65.88290369,63.28,44.58,38.4,43.38,28.03,43.54,148.7742006,45.27,46.42,25.27,38.59,47.9,55.76,44
65.38,59.44,65.74472943,109.97,75.8,89.93,58.71,79.25,74.58,148.9232852,102.25,110.3,53.36,52.29,66.48,75.38,66.96
89.67,28.01,65.60655518,121.07,94.97,113.94,111.62,74.98,104.92,149.0723697,117.42,164.29,72.1,66.25,84.63,91.37,88.36
41.77,16.36,65.46838093,75.88,58.67,57.41,61.04,35,57.06,149.2214543,111.62,24.29,33.26,45.43,39.42,60.52,53.05
32.28,30.61,65.33020667,69.25,39.59,47.67,64.12,24.1,43.67,149.3705388,138.19,33.84,23.87,39.91,38.64,48.44,40.68
30.09,29.67,65.19203242,67.95,40.2,63.35,57.62,22.93,43.82,149.5196234,72.83,40.62,29.09,41.45,45.45,49.53,48.5
53.12,40.18,65.05385817,80.6,60.88,76.77,49.38,31.28,64.46,149.6687079,64.97,41.51,52.36,50.19,59.07,63.89,57.55
74.13,40.22,64.91568391,124.29,72.53,110.32,60.7,65.07,98.31,149.8177925,89.81,74.09,84.02,69.03,74.8,89.68,86.62
86.81,40.43,64.77750966,122.97,75.98,147.62,61.19,83.36,111.22,149.966877,134.06,73.67,96.16,73.41,73.65,95.74,107.47
66.79,35.67,64.6393354,53.79,56.13,92.65,57.07,51.38,68.96,150.1159616,99.68,48.11,67.78,56.21,46.52,79.56,74.82
54.01,33.91,64.50116115,47.24,40.53,65.68,53.72,46.26,53.61,150.2650461,72.63,53.17,50.53,56.43,35.49,71.83,57.67
34.8,31.41,64.3629869,47.37,31.6,54.15,49.32,21.7,41.87,150.4141307,43.38,46.86,37.05,44.08,25.1,62.08,41.52
50.26,38.77,64.22481264,51.96,46.81,48.04,58.62,36.13,40.18,150.5632152,40.76,53.43,59.21,45.84,26.71,70.38,53.89
44.73,34.14,64.08663839,62.97,42.31,57.39,49.84,39.3,42.18,150.7122998,44.68,46.01,48,48.73,35.22,63.09,54.28
33.45,31.29,63.94846414,53.14,36.33,46.57,46.58,25.55,28.56,150.8613843,44.7,46.17,41.83,42.44,26.44,70.56756299,54.54
32.59,30.76,63.81028988,59.4,41.88,62.82,48.62,36.2,43.81,151.0104689,71.85,46.17,45.16,43.12,28.46,73.82543935,54.83
56.24,36.23,63.67211563,80.66,60.19,98.62,55.34,53.88,61.56,151.1595534,104.8,40.24209335,61.35,55.57,93.00914071,82.39,74.3
74.1,39.09,63.53394138,86.5,102.21,101.9,59.92,64,62.01,151.308638,157.09,36.83176419,68.21,62.39,139.5117736,80.53,85.55
65.22,34.87,63.39576712,67.76,70.08,95.36,43.49,49.72,48.11,151.4577225,88.36,32.73,68.85,49.61,186.0144065,64.61,51.39
31.24,30.77,63.25759287,43.31,32.04,41.17,45.89,18.46,32.14,151.6068071,32.29,23.99,21.78,37.65,234.26,51.47,40.65
30.54,30.79,63.11941861,54.6,39.6,55.38,46.78,27.36,35.63,151.7558916,44.19,27.57,40.72,42.09,388.04,62.02,49.33
29.11,31.27,62.98124436,54.93,34.81,46.93,47.35,27.13,29.86,151.9049762,47.98,30.39,35.12,38.8,44.43,51.91,46.62
46.12,33,62.84307011,77.83,45.12,77.49,51.17,40.25,33.7,152.0540607,87.55,33.2,60.17,50.49,51.88,74.3,71.89
72.75,38.04,62.70489585,117.29,55.35,89.46,66.28,53.5,33.7,152.2031453,103.35,37.64,64.39,57.02,55.75,81.45,86.61
87.13,40.94,62.5667216,102.84,71.81,160.99,65.6,70.56,55.42,152.3522298,186.36,48.16,118.14,69.57,73.2,103.72,123.85
99.27,40.47,62.42854735,120.97,89.43,175.75,68.89,78.69,118.19,152.5013144,184.95,57.89,145.81,77.92,107.91,113.89,169.07
88.11,41.16,62.29037309,127.96,84.65,134.99,89.82,84.25,104.13,152.6503989,175.09,70.1,141.262298,74.6,95.56,112.33,127.94
118.62,45.64,62.15219884,121.1,105.83,157.6,119.94,87.79,134.18,152.7994835,174.93,126.79,141.8198605,86.07,152.28,127.82,149.66
103.93,43.41,62.01402459,110.94,104.72,178.37,108.16,100.84,119.71,152.948568,173.67,156.25,142.3774231,84.35,217.88,112.2,124.03
82.07,40.6,61.87585033,87.22,91.3,131.61,85.93,81.71,81.99,153.0976526,121.55,126.48,142.9349856,62.63,129.82,78.42,81.63
96.08,60.3,61.73767608,109.05,108.98,169.58,107.66,91.1,120.57,153.2467371,134.51,155.16,138.59,95.36,116.15,115.69,131.75
134.52,47.45,61.59950182,100.08,126.93,190.89,113.49,96.3,145.25,153.3958217,130.8265521,176.01,177.28,118.81,148.75,146.46,127.34
116.29,52.3,61.46132757,108.98,116.8,180.64,149.56,83.26,139.24,153.5449062,120.25,172.47,148.57,105.08,131.07,133.69,135.27
135.85,48.13,61.32315332,166.46,124.9,278.1,186.1,144.47,196.33,153.6939908,150.44,205.88,138.31,149.09,157.27,209.03,155.95
104.79,71.96,61.18497906,127.88,110.24,223.48,137.29,90.62,121.15,153.8430753,140.44,149.59,133.38,110.52,130.64,137.39,159.04
104.91,80.76,61.04680481,142.82,124.2,179.31,132.06,96.2,124.4,153.9921599,140.46,149.12,154.78,120.27,142.09,195.66,224.39
93.48,86.6,60.90863056,146.36,119.81,181.33,114.35,100.35,106.98,146.2,111.06,131.22,157.74,114.4,132.43,117.53,180.16
121.72,84.72,60.7704563,155.05,128.03,188.44,110.11,106.09,102.34,189.19,87.41,127.83,168.36,114.83,140.21,117.3,186.59
115.94,87,60.63228205,155.11,98.38,221.25,107.27,107.8,120.89,155.11,87.67,123.31,144.16,112.47,136.69,114.71,124.95
116.02,95.4,60.4941078,191.78,107.39,252.53,100.74,100.87,129,158.08,162.21,127.57,158.16,117.11,132.3,123.93,129.95
118.63,101.68,60.35593354,163.66,103.38,217.9,128.12,102.78,119.72,165.45,156.57,131.98,163.18,108.98,128.53,123.97,133.63
119.14,92.95,60.21775929,137.17,111.72,242.88,126.61,98.75,121.61,176.67,158.92,130.69,193.46,109.86,125.61,125.16,132.82
119.82,91.53,60.07958503,134.83,121.91,214.35,150.13,104.53,115.5,151.8,153.92,136.27,178.96,117.81,117.64,133.66,139.25
120,94.46,59.94141078,141.83,115.49,219.03,142.44,89.59,122.54,152.63,160.66,133.24,180.03,111.66,125.81,130.4,145.02
123.27,79.77,59.80323653,128.63,101.28,185.38,139.57,91.24,104.9,167.55,158.59,117,146.07,103.22,120.66,122.75,126.6
118.99,82.13,59.66506227,141.95,112.97,179.56,131.86,82.1,125.81,196.32,176.18,114.87,169.47,109.28,136.94,157.42,130.3
119.73,85.79,59.52688802,132.27,129.72,169.73,132.48,91.07,111.1,191.68,154.73,123.42,128.88,126.8,117.77,135.04,130.81
131.29,88.93157973,59.38871377,150.66,158.22,180.81,134.07,113.53,127.95,204.3,177.36,149.49,163.1,149.76,135.15,148.46,147.58
125.62,99.41,59.25053951,132.19,169.35,176.19,128.06,105.04,130.14,185.11,173.82,134.76,180.65,149.58,125.03,149.79,135.59
100.04,80.81,59.11236526,129.24,138.36,141.69,114.01,84.98,110.58,149.11,145.32,106.47,149.95,95.83,132.67,127.1,116.01
121.98,83.37,58.97419101,129.93,155.52,132.55,114.27,91.5,112.26,135.57,144.17,112.15,155.41,123.32,122.92,126.24,111.6
121.14,94.81,58.83601675,122.22,143.67,127.77,117.28,104.2,114.62,129.75,157.99,123.16,158.27,130.34,114.8,127.35,111.9
135.22,96.91,58.6978425,139.27,157.4,139.5,128.03,116.01,123.52,150.07,162.22,133.8,167.6,139.9,130.25,141.22,124.15
139.28,101.98,58.55966824,159.66,151.6,152.07,129.8,124.96,135.65,166.02,184.99,145.56,199.79,158.03,145.15,156.01,123.3177186
162.66,114.56,58.42149399,173.85,156.46,176.05,140.22,142.29,152.53,192.92,200,160.78,210.77,164.25,165.36,172.32,124.870489
150.88,115.07,58.28331974,169.14,175.81,207.44,135.52,138.14,156.98,193.59,214.91,166.19,254.16,176.21,164.71,176.48,126.4232594
143.72,107.05,58.14514548,158.28,145.39,189.2600881,138.34,125.64,141.56,188.37,191.51,147.77,211.4,165.28,158.86,163.22,127.9760297
105.92,89.89,58.00697123,138.89,104.76,176.9377678,135.63,98.64,114.71,163.75,183.79,120.01,174.88,131.51,143.69,134.38,129.5288001
119.99,90.47,57.86879698,131.5,92.88,164.6154475,133.74,92.22,106.78,165.34,159.43,114.69,145.08,123.79,141.73,142.93,131.0815704
118.76,91.32,57.73062272,133.69,101.91,151.35,119.23,96.92,109.25,171.82,172.96,127.87,160.46,124.65,134.36,129.78,132.6343408
108.35,80.7,57.59244847,125.58,102.72,145.17,120.46,83.83,92.45,136.04,158.39,118.31,143.45,117.71,127.59,118.9,134.78
108.46,92.34,57.45427422,134.71,124.88,142.65,118.37,94.37,105.82,175.63,165.82,134.4,138.74,127.18,129.54,123.42,128.29
120.01,111.09,57.31609996,142.35,149.69,163.22,123.5,110.66,120.23,225.38,184.82,158.39,189.6,144.21,132.84,132.2834775,157.04
130.4,99.08,57.17792571,150.92,149.16,154.1,121.4,104.73,121.24,217.91,194.24,134.63,185.68,141.91,126.73,137.4879922,144.76
127.86,98.16,57.03975145,117.41,118.95,133.4,112.6,100.29,108.33,200.06,169.88,123.9,153.6,128.81,96.11,149.44,132.89
110.78,91.73,56.9015772,131.41,111.02,110.5,132.23,103.88,103.21,192.27,144.5,124,148.36,129.92,83.57,130.18,125.37
119.8,101.4,56.76340295,133.64,131.81,125.63,145.36,106.05,112.44,183.29,151.33,134.5,150.78,128.72,105.88,156.93,137.96
112.62,92.18,56.62522869,154.77,146.98,130.67,140.52,95.04,114.52,189.79,156.81,117.64,176.92,128.87,124.28,167.77,137.14
117.47,79.3,56.48705444,149.96,105.19,136.0421776,132.96,90.54,102.44,153.9,139.28,111.21,124.27,109.64,117.53,132.23,112.29
104.69,82.899456,56.34888019,135.8,96.68,141.4552628,120.95,101.9432762,108.6999796,143.31,104.84,102.49,97.73,94.32,102.12,116.94,89.37
119.53,69.65,56.21070593,127.39,101.66,146.868348,120.74,107.7599199,111.09,134.83,122.26,103.1,109.82,97.57,115.83,126.02,118.28
122.34,95.86,56.07253168,140.14,113.32,152.2814333,122.86,122.67,109.89,168.84,153.3,131.94,133.73,134.46,109.2,137.64,123.48
105.23,89.04,55.93435743,143,140.95,157.6945185,120.27,108.88,112.94,201.24,177.21,122.98,188.79,134.79,118.86,140.17,144.15
131.93,84.99,55.79618317,159.1,135.41,163.1076037,112.51,99.54,118.51,207.64,160.91,130.29,171,131.75,125.7,153.13,139.15
120.02,89.44,55.65800892,126.23,110.54,168.520689,125.64,82.92,94.77,153.13,147.98,105.65,155.35,110.74,117.27,133.33,120.21
110.35,96.12,55.51983466,138.79,122.37,173.9337742,129.51,95.11,105.06,172.05,153.71,128.7345165,66.76,127.45,123.41,136.44,127.03
111.96,89.21,55.38166041,141.03,121.35,179.3468594,125.44,95.55,103.81,192.39,151.1,130.04,281.37,125.13,116.96,135.94,133.0289576
113.39,68.04,55.24348616,161.6,125.72,184.7599447,128.63,86.63,107.06,239.2,159.12,135.35,136.91,121.17,117.16,140.7,137.9563865
120.09,94.59678459,55.1053119,178.06,161.07,190.1730299,131.31,122.7,143.3,224.07,187.27,164.97,193.72,146.51,138.18,172,142.8838154
150.11,103.9846218,54.96713765,171.08,181.45,197.62,134.21,137.95,138.58,200.84,230.37,189.46,240.32,170.52,171.25,187.01,144.03
151.09,116.8,54.8289634,182.83,186.01,188.04,131.22,135.18,145.4,194.41,218.3,202.68,254.66,168.58,182.89,184.67,169.28
178.52,125.57,54.69078914,183.73,171.68,181.95,137.42,151.07,141,190.35,186.25,177.58,218.02,169.87,188.41,178.39,153.01
194.69,133.05,54.55261489,194.01,167.17,158.44,143.0805857,207.82,167.74,222.09,205.39,175.9,222.45,205.37,180.99,197.7,158.02
162.34,118.71,54.41444064,160.72,154.88,144.51,148.0677578,153.49,132.39,168.49,155.04,132.45,205.56,164.4,156.9,208.77,177.11
141.7,102.39,54.27626638,156.03,137.21,132.56,161.64,117.75,115.38,155.52,140.59,152.83,183.2,139.1,145.67,145.42,196.44
188.59,123.88,54.13809213,179.91,146.62,152.34,147.57,137.77,116.01,164.8,194.23,138.68,208.59,155.37,173.47,157.31,162.41
185.28,134.3,53.99991787,191.88,136.59,166.93,137.09,153.69,133.6,177.62,203.81,141.51,245.34,149.44,165.38,183.83,193.65
211.07,139.85,53.86174362,190.5,117.41,176.97,145.12,156.56,146.57,201.18,181.77,165.31,237.5,175.08,186.25,188.8,168.27
137.06,88.94,53.72356937,174.15,93.41,156.86,126.98,111.75,133.25,180.88,166.8,127.82,196.15,136.34,177.27,165.81,136.65
195.51,145.4,53.58539511,203.76,112.49,159.66,150.93,185.47,164.87,161.44,191.64,154.12,219.47,184.82,177.27,209.6,149.61
137.23,90.87,53.44722086,160.64,101.41,148.41,126.7,127.07,126.28,213.98,128.22,123.55,185.38,139.78,177.27,194.63,151.58
89.24,69.04,53.30904661,117.13,71.9,116.3,114.52,90.11,103.58,92.65,91.22,116.44,107.41,114.17,177.27,129.04,104.49
95.66,64.82,53.17087235,161.2,78.63,129.82,114.52,104.83,113.3,111.11,101.25,116.59,119.48,144.29,177.27,153.58,121.62
