V4,V5,V7,V9,V10,V11,V13,V16,V17,V18,V19,V21,V22,V23,V27,V28,V29,V30
48.95,133.31,115.13,79.83,82.79,131.13,128.72,69.28,151.17,218.61,189.61,111.8,61.36,116.86,88.95,84.14,157.96,148.01
62.07,170.15,134.38,93.85,69.68,132.8,153.63,92.97,175.04,142.57,134.46,124.94,52.16,137.92,96.12,92.24,144.01,154.61
59.22,151.04,121.07,81.69,60.34,127.26,135.13,82.51,146.74,149.55,143.62,122.14,47.77,125.44,98.7,87.51,126.65,136.3796278
80.58,153.25,109.92,78.85,78.82,119.78,134.54,86.44,145.53,140.9,147.73,121.41,52.16,130.08,118.8,86.95,117.45,117.55
143.75,174.74,151.85,79.48,74.95,117.58,141.58,83.37,145.61,136.41,135.94,122.02,50.62,130.25,111.25,90.36,128.21,122.35
154.38,200.5,151.76,98.73,76.12,145.43,166.24,92.8,176.41,158.64,158.74,134.64,104.98,150.15,112.44,87.12630139,154.15,152.82
153.35,185.45,137.46,92.12,63.48,140.5,155.54,86.22,158.18,152.6,159.54,133.88,171.31,143.01,108.68,85.31953208,149.11,154
135.53,181.7,137.05,90.77,66.26,111,176.34,76.08,154.32,169.83,116.96,110.08,191.13,116.68,73.94,81,159.63,191.5
143.35,163.67,135.88,84.41,54.23,90.3,151.17,61.65,141.76,163.72,93.32,90.76,158.49,88.32,96.06,91.38,142.26,118.96
109.36,126.65,122.29,72.66,60.19,101.06,135.46,60.67,200.6,161.95,77.98,91.92,163,94.54,82.72,78.29,135.2,139.29
98.81,85.24,49.94,64.45,61.36,117.47,112.7,52.31,99.7,153.16,93.82,84.57,153.59,76.28,85.26,83.78,127.07,128.51
103.46,86.91,51.1,61.17,68.67,116.84,102.4,53.31,108.81,117.38,104.27,78.54,134.58,81.91,110.37,83.56,109.22,117.02
105.28,72.98,71.53,62.22,50.21,106.11,101.52,44.58,105,107.95,80.31,63.71,113.01,64.78,88.41,65.14,91.89,100.9
89.29,66.84,109.38,57.36,52.13,101.06,91.3,51.14,103.14,121.2,87.01,74.24,102.85,74.97,87.46,77.62,88.44,104.16
68.12,54.14,91.55,46.17,30.39,85.68,69.68,39.72,78,95.26,67.74,57.94,60.46,59.86,65.83,86.57,57.76,68.72
63.07,57.75,101.02,54.79,35.96,80.08,80.61,39.23,88.18,109.74,64.18,61.27,74.73,63.65,83.92,84.58031648,95.84,72.13
69.93,59.15,134.18,56.14,31.16,108.27,67.04,56.61,92.57,154.58,47.84,87.66,85.32,66.61,78.29,85.20184734,99.55,84.32
56.74,37.77,85.03,34.85,18.22,70.77,47.27,32.6,54.01,101.72,41.88,47.36,42.11,38.98,44.9,85.8233782,45.97,43.53
100.11,59.32,141.15,62.85,35.56,107.79,70.68,46.26,96.6,134.55,88.41,60.83,76.8,55.41,99.85,89.78,88.4,84.11
83.12,56.11,124.1,55.64,49.19,119.58,73.46,59.71,93.19,133.23,111.5,60.99,106.34,60.89,93.1,72.89,89.15,84.01
109.28,93.47,134.18,64.47,45.97,123.06,105.42,65.22,109.31,141.09,83.24,86.34,126.12,87.57,79.11,91.51,104.11,102.8
126.4,106.41,143.99,84.27,58.76,136.94,132.33,77.67,120.68,180.12,133.9,109.77,171.39,118.61,106.69,96.01,130.68,125.55
114.3,101.54,160.39,94.66,62.97,153,118.91,75.09,138.48,179.2,132.17,85.02,138.54,94.63,95.86,85.29,146.91,116.45
76.54,55.39,169.25,62.05,38.39,117.24,71.2,58.79,71.2,162.32,138.08,66.66,59.34,61.61,60.79,56.97,107.7091731,62.71
98.93,70.43,152.75,75.21,52.96,153.65,88.76,91.32,99.24,177.85,202.87,83.46,65.19,84.21,70.47,65.06,81.51,66.47
112.46,84.3,150.01,74.69,50.47,129.18,103.7,90.54,87.77,163.25,176.87,89.57,100.65,98.48,61.49,74.83,98.67,127
100.28,84.21,137.23,74.89,42.76,133.4,109.99,78.43,108.31,146.55,162.06,91.16,124.81,93.73,62.53,77.96,113.49,92.45
112.62,98.33,146.42,77.41,45.16,138.97,118,75.95,122.62,164.56,148.02,103.91,119.13,102.33,94.01,88.11,124.42,104.44
110.93,81,142.87,82.29,45.02,123.59,115.29,71.14,112.33,137.98,136.69,90.18,104.36,85.11,105.08,77.31,113.03,100.57
95.59,65.04,140.21,63.89,55.08,115.21,92.93,58,110.7,160.07,126.4,83.15,106.53,75.22,75.38,74.38,98.46,97.42
78.12,53.55,144.33,59.3,45.45,92.3,74.15,49.5,92.41,180.79,113.86,82.8540207,102.07,61.59,67.4,70.16,89.98,90.92
108.14,76.89,100.27,60.09,39.76,108.19,103.03,58.21,93.07,167.72,127.9,84.06,115.26,77.83,72.52,74.7,97.71,90.85
93.44,59.07,149.2,52.4,54.07,95.91,67.77,49.47,79.23,166.32,125.89,65.45,108.85,71.67,62.93,63.45,83.03,83.45
81.34,60.88,119.66,50.89,50.54,94.55,73.2,65.5,92.53,139.21,101.23,76.6,114.35,80.51,74.04,61.75,84.32,91.26
97.42,66.71,123.03,56.66,55.09,116.71,80.07,61.51,94.96,148.58,121.64,74.36,116.28,72.61,79.71,74.25,90.48,101.28
104.95,64.21,118.76,47.53,42.29,93.84,80.66,55.63,72.97,107.16,121.43,63.48,66.52,62.09,54.15,59.43,69.43,62.41
85.27,52.99,117.19,45.88,35.49,88.41,72.99,47.7,68.76,103.01,122.32,50.31,58.39,50.84,56.09,48.81,67.85,71.8
69.6,46.93,108.67,34.39,32.56,87.17,52.7,37.22,49.99,91.29,116.77,42.78,54.24,47.35,39.3,52.34,53.23,64.05
67.88,45.61,93.43,37.59,42.63,87.12,59.3,45.55,55.72,104.96,118.36,49.42,63.81,53.96,47.28,53.84,73.2,69.49
80.6,48.34,121.85,51.71,49.29,104.48,73.8,51.83,69.67,123.21,111.3,63.89,68.08,66.37,56.69,61.37,75.82,68.44
83.9,88.98,135.51,69.66,59.65,117.78,98.57,62.96,102.6,154.05,118.04,76.79,131.54,77.89,98.29,75.31,102.84,106.54
88.66,62.9,172.8,75.04,64.09,126.67,97.53,61.41,116.36,181.76,125.28,92.51,174.18,85.29,121.03,77.31,137.46,144.21
84.28,76.96,154.34,80.01,55.66,131.99,100.45,72.43,143.2,173.21,139.98,69.53,142.04,85.28,102.56,71.52,113.44,100.13
74.33,49.76,106.15,47.52,41.68,92.63,71.4,53.16,75.46,117.86,106.2,71.01,89.63,62.36,67.37,53.29,65.75,73.1
63.87,52.49,106.27,49.73031558,27.18,81.22,64.69,49.65,39.88,92.32,36.86,70.34,63.81,57.58,43.91,62.39,55.57,50.81
41.91,40.55,89.82,45.33937014,24.3,52.43,49.44,32.56,48.83,74.84,32.59,53.15,46.09,40.19,40.81,46.55,39.85,38.66
43.18,23.93,58.67,38.47,23.16,45.76,41.61,33.96,35.33,69.22,26.91,42.63,57.67,35.77,26.45,47.93,38.91,37.51
52,39.13,124.85,35.16,28.56,56.65,57.28,45.78,41.64,88.77,37.18,56.7,61.62,53.89,31.53,59.27,54.28,45.9
78.76,64.21,147.81,67.62,64.68,93,101.24,89.03,86.17,203.01,93.82,96.8,137.83,99.95,74.1,71.97,112.57,115.84
37.8,28.72,85.14,32.78,21.08,43.57,45.16,33.54,42.43,69.15,38,45.28,55.8,45.4,55.49,41.93,51.25,50.76
47.73,29.73,95.13,42.23,25.16,49.53,52.61,37.05,48.22,96.53,62.05,41.28,61.54,47.19,56.91,39.74,53.45,51.5
48.97,38.55,80.1,34.69,28.42,90.89,49.29,30.78,42.63,90.95,87.11,44.61,68.3,49.05,44.08,53.71,51.85,61.99
51.07,32.34,103.69,19.34,43.4,86.24,59.06,43.42,56.48,83.53,77.85,55.82,93.5,58.17,39.97,56.35,63.73,72.98
69.39,52.17,149.01,49.56,50.47,105.67,88.64,58.84,92.8,114.55,79.09,77.56,112.16,68.38,72.95,75.43,92.54,92.31
83.75,54.22,157.23,66.63,55.93,122.83,94.58,68.81,102.16,163.58,146.65,83.07,135.72,81.91,110.8,78.84,104.86,106.34
67.84,35.18,127.6,56.6,41.64,106.96,70.94,56.4,75.83,114.73,115.86,70.93,82.76,60.6,84.83,64.68,77.72,83.45
48.79,16.17,99.04,38.39,28.25,73.18,50.75,38.13,44.26,71.7,72,57.41,44.41,40.81,57.02,48.66,47.02,49.86
42.92,30.09,103.54,32.21,22.56,84.94,50.66,51.16,43.39,61.68,75.6,44.52,41.88,42.54,53.13,49.48,42.05,51.57
62.31,54.51,106.35,41.69,32.07,81.25,65.6,47.57,49.92,112.9,82.63,56.33,52.35,54.67,41.39,60.89,55.99,67.33
64.55,56.94,128.66,49.59,41.27,92.31,74.14,51.37,70.53,89.09,109.86,46.74,62.81,63.7,65.09,65.58,77.49,84.73
57.93,42.76,138.38,58.35,51.49,101.59,72.98,57.47,71.25,75.96,139.39,45.36,66.12,55.46,74.99,46.07,61.19,68.26
57.29,57.06,127.43,55.64,36.41,109.87,80.02,61.95,71.18,127.58,103.1,73.64,49.55,72.31,72.56,56.03,69.55,71.1
80.96,80.89,121.64,50.02,50.08,119.59,100.24,68.32,79.32,159.85,125.41,78.08,76.62,83.88,79.5,68.38,82.38,94.62
63.41,55.93,124.5089683,58.98,42.85,130.71,83.05,75.76,87.78,147.38,122.41,60.72,89.4,77.26,75.64,52.61,100.56,98.61
52.99,59.09,131.61,34.89,35.57,94.48,68.78,55.95,58.54,125.53,70.88,64.85,70.03,64.48,50.69,57.11,51.22,59.53
41.22,33.45,108.22,43.91,31.24,78.34,38.08,40.52,52.4,111.54,89.72,43.65,44.1,45.85,43.21,39.62,43.35,47.55
37.3,34.7,97.92,30.65,25.68,91.55,42.68,46.36,53.79,64.16,97.87,50.57,31.11,33.63,44.12,31.01,36.46,34.38
43.9,48.44,116.75,46.33,35.69,97.79,61.06,59.35,62.53,110.93,138.73,56.99,46.92,50.6,62.02,41.63,47.48,59.15
53.86,52.12,119.04,50.58,32.09,121.26,68.41,60.2,69.88,64.24,97.95,55.78,44.51,59.28,60.74,45.66,49.78,49.74
37.8,41.16,109.49,36.44,25.52,82.93,48.74,45.96,49.21,53.39,76.66,45.72,41.25,37.01,49.47,37.03,35.98,36.52
30.86,30.67,94.75,30.51,24,84.65,41.59,34.33,44.09,77.37,69.22,35.75,38.22,28.27,53.82,49.56,36.23,36.1
68.34,68.35,136.53,44.07,48.78,101.97,76.99,70.06,70.97,71.22,77.26,66.91,46.8,59.85,71.38,55.53,68.03,73.22
73.06,68.47,136.85,57.77,40.94,109.37,84.31,67.12,74.11,64.38,75.08,85.09,42.38,68.24,56.58,53.32,63.78,62.2
66.4,60.66,143.58,62.02,43.53,113.43,77.19,66.7,69.5,64.47,61.76,64.54,46.61,55.39,71.21,50.83,63.31,56.52
67.98,46.49,148.53,51.45,43.98,115.07,71.65,58.77,68.71,67,53.59,52.59,42.69,43.24,73.27,50.08,59.67,49.58
59.24,55.21,135.18,58.32,58.71,116.4,78.72,76.32,70.56,73.72,65.48,60.14,89.84,54.79,80.79,53.47,67.07,58.06
51.75,50.92,117.87,47.82,41.49,104.72,68.82,73.22,63.29,66.54,54.25,62.84,71.39,55.92,68.28,41.76,47.01,47.03
48.14,43.37,135.61,47.82,52.47,101.89,56.94,76.12,47.67,56.98,71.77,49.24,60.42,44.56,60.84,49.86,45.19,50.12
38.5,29.98,146.05,55.91,47.66,115.27,51.99,86.2,51.44,41.12,83.95,40.8,114.33,47.08,55.36,29.57,43.02,51.63
40.1017399,39.74,130.2,51.91,43.22,105.93,57.67,74.23,55.57,45.69,69.56,51.99,89.49,53.88,78.77,50.02,45.93,47.7
36.29,41.53,94.15,42.01,36.79,105.24,57.35,72.06,51.39,66.04,65.1,56.66,88.6,56.59,80.99,50.63,46.01,46.71
53.51,53.8,139.08,47.57,44.99,102.95,69.41,62.54,68.32,76.15,65.27,58.71,130.08,56.2,100.33,57.58,62.05,63.73
76.09,72.32,144.86,61.89,53.57,113.73,92.48,70.09,95.67,97.94,83.73,73.94,140.68,73.61,91.28,68.03,77.59,78.99
59.7,37.73,165.41,59.43,52.4,94.51,73.17,49.51,85.32,76.56,60.36,42.59,145.17,45.76,76.16,46.49,67.41,66.06
55.35,53.58,148.61,68.76,49.88,107.87,83.52,65.85,66.23,70.97,56.47,54.33,158.51,57.61,103.07,48.64,68.08,70.92
104.86,59.16,170.72,62.4,52.01,124.17,93.56,68.52,80.94,81.95,60.33,60.29,170.41,65.83,88.3,59.95,77.25,76.17
55.44,47.01,150.53,63.4,35.13,111.02,88.91,71.47,79.73,91.75,60.49,79.45,95.9,78.98,76.02,49.6,70.49,54.18
53.22,49.02,108.0598942,35.28,31.91880212,74.91,72.47,57.02,47.83,62.44,46.89,72.43,51.89,71.87,26.68,49.43,41.58,54.76
16.06,15.51,55.47,19.24,22.75,41.95,24.91,31.25,16.09,34.14,28.95,22.78,28.3,22.51,26.93,26.29,17.22,17.38
17.37,14.98,72.6,25.47,32.39,52.09,24.51,40.27,18.29,33.74,41.4,22.2,15.77,21.63,33.79,30.14,18.15,23.61
21.17,23.88,104.16,41.74,49.77,89.64,47.39,69.79,30.55,36.38,125.88,32.75,47.42,42.69,47.39,29.96,37.13,46.9
28.08,23.93,128.94,45.51,48.46,105.6,47.76,85.43,37.7,139.41,145.42,35.15,53.36,43.39,70.51,30.03,33.50807852,44.86
20.95,20.61,94.04,20.44,36.05,82.82,36.72,68,27.35,29.25,98.78,26.59,36.41,34.39,49.49,26.86,26.32,35.12
25.57,19.69,75.19,31.01,34.54,62.86,27.19,49.4,18.49,82.32,70.27,23.01,28.58,28.36,28.58,20.83,32.03243087,31.79
20.32,17.66,72.79,27.46,26.05,55.33,22.49,43.12,19.2,60.64,52.05,19.26,21.57,22.08,17.49,29.76,22.7,23.7
47.61,28.52,90.18,35.09,39.66,80.28,43.16,52.24,39.14,69.85,39.55,33.89,51.8,32.67,27.26,35.65,36.92,34.28
38.18,23.57,82.97,30.11,33.04,79.3,35.03,47.04,33.27,32.61,5.7,32.37,75.09,30.57,23.11,29.61,34.11,30.97
34.42,25.0258053,74.83,15.61,29.76,62.38,30.09,43.76,21.52,33.14,5.22,27.8,77.95,29.45,21.34,29,30.91,29.34
37.59,26.16,80.5,32.09,33.98,67.99,36.59,52.43,33.25,42.04,11.79,26.28,107.91,33.58,21.53,28.89,33.91,34.66
42.36,25.43,86.36,33.62,38.43,93.65,39.81,60.27,37.8,42.04,8.2,30.91,112.03,39.94,21.07,32.79,39.98,39.3
52.7,25.14,85.89089461,10.88,37.67,64.44,38.35,45.55,26.39,49.44,6.23,28.2,91.77,33.42,22.33,29.2,37.72,42.57
33.75,29.22,92.19,17.04,35.49,68.52,37.55,35.54,30.63,41.72,5.16,33.96,72.8,36.87,22.84,30.01,38.26,36.41
40.93,32.74,73.01,34.37,40.66,75.81,39.53,34.85,37.71,71.5,9.799894952,38.78,77.56,37.02,24.36,36.48,34.29,32.74
36.94,28.79,69.52,26.59,35.29,43.81,30.2,29.28,33.21,65.01,13.10277616,27.28,65.08,31.76,18.71,30.2,36.77,34.45
33.83,30.89,58.92,28.09,38.63732734,30.6,36.81,37.11,30.91,22.65,16.40565738,30.28,71.06,33.66,20.34,32.54,36.78,36.69
22.1,24.94,58.55,24.02,40.59866297,26.93,25.48,34.91,25.51,21.48,21.03,23.23,59.05,26.63,17.58,33.74,27,27.67
23.5,25.49,7.85,24.58,42.55999859,19.67,21.2,31.45,18.51,44.13,20.68,21.45,51.23,23.42,14.95,28.83,28.54,25.72
38.1,34.4,5.24,30.38,44.52133422,37.62,25.91,39.61,23.73,55.6,12.56,21.14478032,63.74,36.71,20.31,36.07,42.28,32.49
31.65,27.37,105.48,26.26,46.48266984,46.43,23.98,43.15,24.64,32.52,24.21,20.93,72.47,32.51,18.18,27.07,33.9,30.02
16.92,19.96,51.88,19.12,48.44400547,22.15,21.92,28.66,15.73,22.49,24.79,16.8,51.88,24.16,15.6,21.72,26.24,24.89
18.78,18.24,47.08,22.07,50.40534109,20.15,22.3,25.3,17.32,22.1,24.97,19.12,53.44,20.24,14.14,21.43,24.74,23.75
26.74,22.84,50.8,26.13,52.36667672,46.76,24.95,34.93,18.72,24.44,32.99,18.92,62.53,27.06,16.28,21.74,29.92,26.7
26.92,17.45,70.84,21.64,54.32801234,47.6,22.71,29.76,22.91,19.46,36.78,18.92,91.34565671,22.34,16.96,34.63,28.69,25.93
19.48,19.92,57.15,25.25,56.28934797,37.42,23.88,33.05,21.53,53.58,28.51,20.91,115.5119705,23.58,17.8,29.59,31.11,23.86
21.65,27.52,61.31,29.87,58.25068359,54.71,32.35,37.97,23.68,23.76,36.27,26.83,139.6782843,29.57,20.04,31.94,35.37,28.68
48.83,38.01,104.18,52.9,60.21201922,87.06,53.98,73.24,47.45,51.68,164.33,45.18,175.15,50.49,31.59,38.57,59.22,51.06
44.23,28.8,104.69,55.51,62.17335484,112.07,44.73,85.14,36.94,45.93,299.79,37.45,164.86,43.85,31.29,30.75,46.38,44.98
30.24,27.86,76.14,34.2,64.13469047,68.89,32.88,53.47,33.35,26.2,91.24,34.7,113.26,33.12,20.13,27.21,36.38,35.12
20.01,18.05,51.02,28.6,66.09602609,41.59,20.06,33.3,16.65,40.75,30.84,19.85,77.45,22.72,16.49,21.68,23.94,20.37
19.97,21.09,46.67,28.51,68.05736172,28.18,27.17,34.05,31.00268726,29.55,23.44,26.77,60.88,31.07,16.44,18.9,30.4,24.76
21.12,22.41,62.13,22.48,70.01869734,26.74,20.88,28.4,32.25010086,26.3,19.82,23.78512206,60.88,23.73,15.14,22.02,25.12,23.73
25.34,26.36,61.82,25.29,71.98003297,15.15,26.96,30.15,33.49751446,54.36,8.42,22.02887421,61.41,30.44,16.78,30,30.24,23.36
33.88,35.05,57.43,30.43,73.94136859,51.77,37.72,43.1,34.74492806,61.51,33.9,20.27262636,94.7,44.75,24.04,42.15,41.85,36.8
22.32,23.18,54.83,24.54,75.90270422,57.99,25.8,31.15,35.99234166,23.16,40.47,18.51637851,69.98,28.23,17.46,24.16,31.05,27.63
26.29,24.67,52.76,24.27,77.86403984,44.22,23.16,28.29,37.23975526,22.44,41.33,16.76013066,58.39,25.23,16.45,28.67,32.06,25.79
18.01,20.64,44.31,20.11,79.82537547,36.43,18.35,26.17,38.48716886,43.32,37.94,14.3,56.86,22.95,17.19,18.99,26.67,23.83
15.33,20.92,45.27,21.05,81.78671109,45.92,21.28,26.84,39.73458245,22.33,43.44,14.95,63.51,26.19,16.55,21.87,29.41,24.63
17.15,20.22,46.73,19.02,83.74804672,37.19,17.66,24.92,40.98199605,22.61,27.77,18.27,58.8,22.87,13.88,21.64,26.36,26
13.31,13.97,31.32,15.57,85.70938234,21.62,13.62,24.68,42.22940965,23.61,24,14.56027435,61.53,17.8,15.32,17.27,19.92,24.17623905
12.72,14.06,47.01,15.45,87.67071797,28.61,12.62,19.43,80.51,0.81,20.68,11.3,45.32,13.77,23.32,17.41,19.26,22.8654527
15.01,17.59,38.17,15.66,89.63205359,8.87,15.19,15.51,30.23,22.99519494,24.98271941,12.24,49.56,17.46,22.18,16.75,22.96,21.55466635
11.91,13.38,32.86,14.44,91.59338922,16.69,12.85,14.81,28.01,37.96,26.15,13.12,35.64,16.38,14.57,16.32,21.61,20.24388
12.28,12.78,44.68,18.25401285,93.55472484,36.13,12.79,18.67,26.03,40.12,33.3,13.56,66.69,16.04,11.93,25.76,23.6,18.93309364
14.35,15.96,41.37,19.57,95.51606047,39.11,22.47,22.81,21.52,26.28,38.2,13.32,57.68,17.82,12.05,16.59,21.79,17.62230729
39.27,46.76,60.41,32.71,97.47739609,61.75,51.74,48.34,40.93,61.37,62.02,36.46,149.55,43.97,27.52,45.94,48.71,16.31152094
20.36,29.3,38.9814747,14.3,99.43873172,22.6,22.25,20.79,19.06,11.87,15.27,12.35,9.14,18.71,13.53,19.42,18,15.00073459
7.6,8.21,20.59,9.65,101.4000673,3.82,13.69,11.36,7.4,25.67,20.43,5.54,44.11,23.89741373,9.74,5.44,12.98,13.68994824
12.63,12.40924323,24.4,14.05,103.361403,3.69,18.76,21.68,15.13,14.32,29.74,8.75,43.38,24.7210737,10.52,15.53,16.67,11.1
13.59,14.11259678,25.52,18.79,105.3227386,7.03,16.13,23.89,20.01,26.07,22.13,10.63,23.99,25.54473366,10.16,12.13,17.32,15.52
29.31,15.81595033,64.33,40.09,117.7,59.18,36.27,60.58,35.2,82.83,32.05,22.14,31.83,26.36839363,22.39,18.54,29.55,23.85
18.25,17.77,71.67,34.71,76.35,66.31,30.3,42.62,41.07,56.08003128,40.92,19.81,44.96,27.1920536,24.73,18.24,33.78,28.13
20.26,17.3,57.33110058,25.94,39.08,60.54,27.54,37.03,35.92,50.65049274,36.53,18.09,35.5,29.34,17.79,16.39,31.26,23.48
19.86,16.74,49.64711508,23.76,32.05,49.29,23.84,29.44,25.82,45.22095419,38.89,17.77,25.62,24.52,12.2,13.72,29.38,21.17
16.47,13.66,41.96312958,20.18,29.63,37.09,21.08,31.38,26.84,41.11,39.18,17.17968225,18.14,22.19,10.23,10.47,25.3,19.26
14.32,14.79,35.02,21.77,31.1,38.47,22.17,32.97,29.26,28.49,40.45,16.60160623,24.9,24.74,10.41,9.51,26.76,19.53
36.89,12.63,8.18,17.56,19.87,34.88,18.62,22.54,28.48,25.67,33.69,16.0235302,34.75,20.4,10.18,8.72,20.9,16.14
41.24,10.61,34.51,15.58,20.95014008,24.53,16.96,21.41,23.53,42.76,26.34,15.44545418,32.93,16.62,10.31,7.1,21.44,15.24
33.97,11.25,93.4,16.34,20.0145283,26.37,18.53,22.56,21.22,29.74,31.4,14.86737816,35.75,17.01,9.39,9.504228179,21.17,15.67
49.49,12.78,361,17.85,19.07891652,26.53,19.86,27.14,21.51,44.64,32.6,14.28930213,41.5,18.72,13.29,10.61,23.31,16.52
42.66641934,13.5,271.4797921,19.23,18.14330475,27.62,20.83,27.71,25.44,29.26,31.69,13.71122611,38.96,23.34,13.25,12.17,28.05,17.28
38.15,18.29,256.4166044,21.13,17.20769297,27.3,25.59,23.61,25.15,32.72,27.51,13.13315009,26.69,25.13,14.65,19.27,32.88,19
44.55,18.59,241.3534168,15.75,16.27208119,22.18,21.19,19.76,21.07,28.43,32.26,12.55507406,23.5,20.83,11.67,15.11,27.73,17.12572477
12.98,13.86,226.2902291,12.48,15.33646942,17.98,16.58,13.1,25.52,30.86,10.97,11.97699804,19.35,20.96,10.8,11.29,21.34,15.8352046
22.48,12.59,211.2270415,15.86,14.40085764,24.44,17.58,11.53,22.03,25.06,17.82,10.59,27.61,19.79,13.2,17.69,21.1,14.54468442
20.94,12.76,196.1638538,14,13.46524586,23.4,16.47,13.44,18.82,32.44,18.1,13.8,22.37,19.47,12.14,11.94,21.09,13.25416425
32.98,20.37,181.1006662,18.65,12.52963408,23.06,22.2,21.95,28.96,31.5,20.3,13.44248599,20.43,27.22,13.57,14.27,22.93,11.96364407
27.58,13.01,166.0374785,13.07,11.59402231,21.17,25.51,14.3,23.11,32.76577352,20.51,13.63658465,20.78,18.25,8.19,10.42,19.18,10.6731239
21.1,9.95,150.9742908,12.27,10.65841053,19.42,16.47,12.07,19.76,38.63,21.56,13.8306833,22.03,17.45,7.67,9.97,16.81,9.382603725
25.38,11.32,135.9111032,13.02,9.722798753,17.7,16.9,12.03,18.32,24.35,19.43,14.02478196,27.38,19.73,9.32,6.67,18.89,8.18
7.35,8.51,120.8479155,10.7,8.787186975,15.6,11.19,6.33,10.18,26.74039572,17.47,14.21888061,23.12,12.75,5.51,4.17,19.32752191,6.11
7.12,10.77,105.7847279,9.21,7.851575198,15.08,13.32,8.19,26.9,29.94,13.79,14.41297927,19.96,15.95,5.06,8.41,18.54,5.35
7.04,10.32,90.72154023,11.91,5.57,15.45,14.8,5.22,12.21,13.29,20.79,14.64,25.42,14.12,6.24,8.85,17.95,10.17
7.17,6.82,75.65835257,7.79,10.28,13.44,12.55,2.53,13.19,18.61,15.17,13.8,25,10.28,6.1,9.673228296,12.89,6.91
7.19,11.75,60.59516492,12.19,12.49,21.22,15.54,12.69,16.45,20.02,19.44,17.11,32.44,14,8.95,10.53388491,16.63,10.82
11.9,13.72,45.53197726,21.4,21.91,31.79,22.67,24.25,34.34,17.68,32.99,23.38,43.78,22.67,17.59,12.57,22.69,16.99
7.55,13.09,28.49,16.94,16.9,14.2,21.13,14.98,19.19,21.04,25.7,20.29,48.17,19.59,20.82,9.27,19.78,11.23
8.7,16.58,11.83,18.82,14.31,12.45,22.87,14,14.27,26.63,23.66,14.62,37.99,19.78,13.68,9.04,19.67,9.68
8.81,12.27,29.01,24.12,33.22,15.95,26.9,23.22,33.72,46.01,64.54,18.96,63.47,24.95,21.4,7.23,28.66,26.44
10.77,18.44,38.29,31.02,33.33,21.52,38.71,36.63,33.11,64.45,67.94,30.41,64.47,34.15,32.11,11.79,39.66,27.99
19.86,15.6,36.18741208,18.99,24.92,16.71,25.46,22.54,34.06,30.82,40.79,24.58,45.79,24.37,19.76,10.46,34.59,17.53
20.77,29.23,36.85581036,49.79,44.27,76.67,54.89,63.83,54.84,32.87,81.94,45.23,62.3,51.98,27.35,24.95,54.09,47.01
44.71,23.14,37.52420864,38.67,37.02,54.81,45.14,46.92,41.85,35.21,113.87,39.61,57.92,43.53,19.09,19.89,48.32,37.22
19.77,17.31,38.19260692,27.35,24.41,33.14,30.44,36.88,37.76,31.21,94.22,28.35,47.77,28,24.49,11.37,30.36,24.17
26.16,14.38,42.8,27.74,22.73,33.06,29.68,31.14,40.39,19.16,93.12,28.45,45.02,25.87,35.37,9.27,29.31,18.91
24.4,10,29.17,22.01,27.75,22.33,22.05,21.09,33.41,18.8,67.31,27.66,37.78,23.99,17.18,10.6,28.15,14.24
18.75,12.52,19.8,16.55,16.55,16.14,19.24,13.71,21.87,23.54,18.57,20.94,25.9,19.67,15.95,6.53,24.73,13.17
23.47,13.43,34.5,24.62,20.12,19.01,24.16,22.9,51.36,23.12,43.38,30.47,26.53208522,30.74,27.26,7.62,32.22,17.87
24.74,8.42,30.62,20.1,17.45,16.16,16.6,14.29,19.55,19.04,33.06,19.59,24.76116852,17.91,11.55,6.8,23.8,14.57
17.38,11.89,15.51,16.73,19.87,17.14,17.01,12.97,27.35,52.16,18.24,23.18,22.99025182,22.99,13.42,6.44,24.19,17.3
19.7,14.62,19.41,16.22,14.43,17.33,18.68,13.41,30.86,33.57,12.92,19.12,19.64,21.61,17.22,12.49,23.04,10.53
18.9,11.3,18.52,17.39,16.69411733,16.55,19.75,13.08,26.3,22.75,15.62,18.73,24.89,22.72,14.78,10.28,21.84,9.57
18.77,9.78,22.37,15.55,17.68853129,17.53,17.08,18.33,33.98,19.86,25.72,20.03,24.18,18,18.64,6.84,46.07,8.56
20.94,10.56,27.37,15.65,18.68294525,17.95,18.34,16.84,30.7,38.85,33.75,18.82,26.54,15.93,11.78,5.6,18.08,10.29
20.38,8.36,27.93,17.06,20.04,15.62,18.08,17.29,26.19,14.56,26.96,20.07,30.16,15.78,14.76,5.11,21.69,11.39
18.98,10.96,29.41,16.75,18.82,14.94,16.04,17.02,22.47,42.9,24.09,19.12,29.12,18.36,20.76,8.43,19.28,11.26
20.61,11.3,38.84,21.42,21.87,19.2,19.37,22.06,30.51,16.71,46.83,24.94,29.02,22.05,19.81,8.79,20.15,12.48
23.63,11.37,35.59,24.51,23.09,22.22,24.39,26.02,21.04,17.17,63.98,23.85,35.66,23.51,21.72,10.62,22.07,14.42
18.67,11.88,38.1,24.29,24.38,22.75,23.48,26.96,21.56,20.19,61.7,22.85,30.96,24.83,30.42,12.18,22.51,14.47
14.5,10.66,25.93,19.99,19.51,16.11,20.1,15.17,17.87,20.75,41.22,22.35,33.85,19,21,6.1,24.99,17
12.74,11.96,25.78,18.73,22.52,14.96,20.52,16.28,21.12,23.47,21.06,23.21,29.28,21.62,15.23,8.96,23.68,19.67
8.81,9.57,22.84,14.88,17.54,14.22,15.74,10.88,20.36,20.72,14.13,19.68,21.17,19.29,14.08,5.12,23.29,7.42
9.3,8.04,11.76,9.22,13.41,12.2,11.37,8.36,13.29,10.36,11.83,15.24,19.49,12.88,6.85,4.4,18.59,10.39
7.9,9,15.62,10.29,13.59,12.35,9.27,10.9,14.19,12.56,9.61,20.03,24.46,14.94,10.27,8.43,14.75,11.35
8.49,10.78,15.75,11.37,16.01,12.87,15.29,10.91,13.57,15.32,13.33,17.2,26.6,17.55,15.97,4.51,17.51,9.62
9.25,12.08,12.3,10.67,13.53,13.31,24.68,7.72,12.74,16.59,8.9,13.97,23.42,14.96,12.03,3.52,17.21,8.96
8.24,11.83282486,11.21,7.57,11.81,12.27,14.08,5.63,11.95,16.53,11.1,15.9,18.04,13.45,14.04,10.51,14.67,9.1
7.35,11.74747221,12.88,9.49,15.73,16.12,11.7,5.77,11.57,15.48,12.85,13.19,28.55,12.78,11.29,8.35909475,118.14,8.78
7.11,11.66211956,13.14,8.37,14.64,11.53,11.54,9.75,14.73,8.11,9.87,10.96,23.18,10.49,6.28,8.015075413,11.91,7.21
7.48,11.57676691,19.29,15.27,17.44,13.32,13.14,1.19,9.33,14.63,12.08,14.43,48.04,12.82,8.62,7.671056076,19.6,9.87
8.94,11.49141426,21.23,15.72,21.54,12.61,16.01,4.996414482,11.05,12.24,15.34,14.03,52.57,16.54,8.91,7.32703674,17.35,10.14
9.61,11.40606161,21.15,15.93,20.9,11.60516434,18.79,5.434276759,17.66,22.88,21.6,17.27,48.51,15.94,16.49,6.983017403,20.83,11.7
8.13,11.32070895,21.66,15.94386519,22.25,10.70506133,15.75,5.872139036,13.03,14.46,16.33,15.53,60.68,15.94,18.91,6.638998066,19.29,11.25
12.72,11.2353563,26.9,16.11751332,30.56,9.804958313,22.51,6.310001312,17.85,43.97,27.39,20.42,64.23,18.22,24.85,6.294978729,23.42,15.19
10.24,11.15000365,24.23,16.29116145,29.77,8.904855299,21.19,6.747863589,19.91,40.49,22.73,20.23,62.52,18.72,22.78,5.950959392,23.77,14.71
12.06,11.064651,22.97,16.46480959,26.54,8.004752285,19.46,7.185725866,21.85,16.26,80.12,19.04,45.42,16.79,19.63,5.606940056,16.99,12.52
13.44,10.97929835,27.65,16.63845772,27.89,7.104649272,20.9,7.623588142,21.41,15.41,43.2,18.65,45.57,18.26,15.62,5.262920719,20.25,13.48
12.3,10.8939457,25.38,16.81210586,30.44,6.52,19.95,8.061450419,26.01,14.73,38.97,20.3,50.01,19.72,18.32,4.918901382,27.93,15.13
10.34,10.80859304,24.72,16.98575399,24.6,3.71,15.83,8.499312696,17.16,53.25,28.12,17.79,35.59,15.98,21.13,4.574882045,17.55,11.92
7.82,10.72324039,22.11,17.15940213,24.22,3,17.13,8.937174972,16.92,14.61,20.19,17.2,47.69,16.24,17.29,4.230862709,19.41,11.39
12.15,10.77,25.38,17.94,26.11,5.39,16.35,9.375037249,19.89,45.4,29.48,18.44,50.73,17.37,19.47,3.94,20.93,11.55
9.14,9.53,22.66,16.47,24.96,5.73,16.96,9.812899526,22.66,13.78,34.37,16.97,53.59,17.61,20.58,3.08,19.14,11.86
7.56,8.25,17.49,14.98,23.11,11.30171709,16.94,10.2507618,16.26,60.63,33.01,15.7,36.8,14.25,18.98,3.85,14.89,8.38
10.09,6.36,17.34,13.46,18.93,15.97901864,14.45,10.68862408,16,16.73,25.76,14.64,33.83,14.08,18.34,1.39,40.35,7.94
7.21,7.75,19.63,12.86,19.13,22.94,14.71,10.64,18.71,12.83,23.47,15.58,29.28,14.33,16.13,10.17,66.72,9.96
9.41,6.84,20.77,13.17,18.26,14.75,12.93,9.09,13.89,13.25,18.78,14.03,29.11,11.63,16.76,10.2,14.51,8.28
12.95,7.74,9.1,15.61,21.89,20.91,16.18,15.24,13.92,35.52,26.76,15.96,38.51,15.29,16.66,13.21,18.17,12.28
14.58,9.56,18.66,18.87,24.09,22.92,21.83,18.62,21.27,37.29,40.13,18.69,44.93,17.58,21.32,15.98,22.21,10.62
16.99,9.58,15.48,19.35,26.72,26.37,20.38,21.49,25.63,17.07,50.86,20.76,48.62,18.27,20.53,16.01,17.72,16.48
15.99,10.59,20.15,20.61,30.8,28.45,20.3,20.64,24.2,57.56,50.4,21.35,46.54,18.54,23.94,17.22,19.56,16.3
15.36,11.54,22.22,20.59,28.32,27.88,19.64,21.73,30.08,21.71,50.02,23.38,45.06,21.03,23.94,23.28,17.34,17.69
15.39,14.55,19.57,19.04,26.06,26.2,27.59,22.29,20.9,42.8,36.33,23.3,30.88,22.42,22.48,21.26,22.55,14.6
12.62,11.98,19.63,15.75,26.29,25.24,19.29,16.39,24.72,19.21,35.5,20.22,24.93,22.09,18.88,19.12,19.09,12.82
8.56,9.67,18.54,13.88,20.89,20.98,17.85,14.21,21.78,18.48,28.66,19.31,23.06,18.92,17.83,17.75,21.53,11.04
10.63,12.46,18.39,20.08,23.95,22.64,18.06,16.82,22.64,24.14,35.8,21.42,26.5,20.74,24.83,18.34,22.11,13.39
8.86,10.01,15.19,15.12,23.46,19.85,15.84,13.22,20.47,18.41,40.21,17.24,24.77,16.47,19.03,15.27,17.39,12.65
8.54,9.18,13.85,13.63,19.94,18.61,14.9,9.79,28.04,18.37,33.73,19.52,24.88,16.26,17.11,16.01,16.17,10.95
7.63,13.16,16.8,15.56,17.33,12.89,15.18,7.17,19.46,18.34,12.86,22.1,28.3,17.75,14.71,17.02,21.14,11.65
7.82,11.36,18.94,18.25,21.28,21.65,14.76,11.58,25.31,20.49,13.22,26.32,33.63,27.08,19.95,16.57,31.33,15.44
7.34,9.91,16.13,17.84,20.35,18.59,17.51,10.76,25.37,24.22,16.55,26.82,24.87,20.84,20.04,16.25,22.13,14.36
7.47,13.78,14.08,14.85,21.72,13.61,18.78,8.72,21.84,19.45,12.32,26.61050371,23.38,17.77,11.77,19.6,22.23,13.1
7.31,11.41,12.53,14.54,17.84,15.89,15.77,8.84,22.05,13.61,12.98,26.69347171,23.43,19.23,14.26,14.21,19.1,21.1
9.79,9.44,16.21,15.83,17.6,15.33,11.6,7.37,23.67,14.2,12.43,26.77643972,20.89,17.95,14.47,14.37,19.03,17.28
7.62,10.14,15.48,8.58,14.03,12.62,14.54,5.2,18.54,13.14,14.83,26.85940773,21.5,14.62,10.05,12.06,16.53,11.45
10.78,13.42,16.2,15.82,15.99,18.39,16.74,11.61,22.04,27.59,16.67023282,26.94237573,21.93,21.32,18.61,18.66,19.97,17.43
9.14,11.97,18.15,14.48,18.46,18.65,16.84,14.37,23.5,22.87,19.44,27.02534374,19.45,19.12,16.42,20.18,22.6,23.13
8.08,9.34,14.37,12.51,17.32,19.57,14.1,11.62,15.21,28.49,16.69,27.10831175,17.39,18.14,16.59,15.75,14.69,11.99
11.67,8.88,13.51,12.02,16.59,24.79,13.99,9.61,20.4668192,20.27,19.79,27.19127975,16.19,16.44354635,21.15,15.6,14.73,12.2
7.16,8.17,14.91,10.09,12.68,16.77,14.96,8.85,20.66984823,19.23,21.75,27.27424776,15.22,12.13,17.06,14.07,13.93,11.01
9.32,13.95,16.5,15.32,14.18,22.54,21.37,14.59,20.87287726,22.66,22.1,27.35721577,18.95,23.25,19.54,18.94,16,14.39
13.03,11.14,24.1,22.4,23.36,35.57,21.43,26.17,21.07590628,22.94290159,60.75,27.44018377,25.94,24.58,25.57,22.63,21.94,18.52
8.3,11.27,21.61,22.69,26.63,29.56,20.17,16.5,21.27893531,23.66676567,58.05,27.52315178,27.41,20.42,23.86,26.4,22.26,19.18
11.35,11.83,27.24,24.67,20.93,31.56,22.71,19.06,21.48196434,24.39062975,69.29,27.60611979,39.07,24.37,28.77,29.49,27.62,22.53
10.84,13.71,16.46,16.98,14.15,15.61,23.6,10.74,21.68499336,25.11449384,31.97,27.68908779,26.15,23.1,17.12,20.87,23.59,19.33
10.36,11.15,16.38,11.01,12.02,13.66,18.07,8.92,21.88802239,25.83835792,28.97,27.7720558,22.66,18.25,13.27,12.33,17.78,14.52
7.54,11.57,18.1,10.27,7.66,12.76,12.43,8.42,22.09105142,26.562222,18.07,27.85502381,19.12,19.3,12.55,14.58,13.85,11.26
7.42,13.53,10.52,12.16,10.43,12.18,16.31,9.18,22.29408044,27.28608609,10.05,27.93799181,19.33,18.33,12.91,14.87,16.31,11.66
7.22,13.29,13.9,13.04,11.29,10.65,16.52,10.69,22.49710947,28.00995017,10.54,28.02095982,23.2,18.69,13.81,17.64,18,15.14
7.68,11.75,20.68,18.39,13.56,15.54,18.11,12.53,22.7001385,28.73381425,10.57,28.10392783,26.76,19.13,18.14,25.09,31.07,18.55
8.79,13.81,17.29,14.26,12.5,14.76,22.73,12.98,22.90316752,29.45767834,9.3,28.18689583,22.62,20.35,14.81,21.98,22.22,15.04
10.69,12.69,16.34,14.86,9.47,17.2,16.64,11.24,29.49,30.18154242,7.81,31.93,20.05,20.3,16.29,21.8,8.18,11.12
13.9,13.54,10.97,8.51,7.26,7.38,15.82,4.98,17.53,30.9054065,7.15,14.46,18.92,13.3,9.88,27.72,15.87,8.47
7.4,8.28,11.55,8.53,11.36,11.69,11.76,6.33,19.53,31.62927059,10.78,14.86,24.56,11.67,11.81,16.19,11.49,12.02
7,9.11,11.14,10.6,10.52,13.97,12.26,6.79,20.72,32.35313467,8.97,14,27.58,12.36,11.74,14.79,26.73,12
10.24,7.09,9.38,8.89,9.82,8.6,8.14,7.01,22.91,33.07699875,8.36,11.74,27.21,11.31,8.76,13.48,17.87,10.55
10.3,9.8,11.13,8.69,7.47,8.33,12.3,5.03,27.29,33.80086284,6.06,16.21,21.04,14.44,8.37,13.66,11.93,9.18
11.61,10.09,14.79,12.46,13.51,17.99,13.04,12.16,16.08,34.52472692,20.22,16,47.16,15.15,12.13,13.18,16.08,13.71
14.42,10.14,23.38,22.7,22.49,33.65,22.78,27.08,25.15,35.248591,76.85,22.07,50.09,22.97,18.66,17.32,24.84,21.73
21.38,11.31,22.88,23.19,20.63,30.38,21.96,24.1,34.01,35.97245509,53.19486396,23.86,46.98,24.69,18.87,26.78,24.8,20.53
22.82,9.91,20.53,21.62,19.47,29.43,21.17,25.77,29.21,36.69631917,45.33310648,24.91,41.75,24.13,19.37,32.44,24.41,17.85
20.16,9.68,30.48,17.8,16.8,24.18,17.15,17.98,28.78,37.42018325,39.84,23.5,26.89,20.88,20.75,16.09,20.46,16.7
16.13,10.35,18.53,14.3,12.06,28.96,12.66,19.3,19.7,38.14404734,21.86,20.8,22.91,18.7,17.44,19.17,15.05,8.8
15.97,8.46,9.45,11.31,11.53401886,18.97,12.32,15.32823438,21.51,38.86791142,9.93,16.57,15.95,17.29,9.84,17.58,13.43,10.54388554
11.63,7.76,16.59,10.15,9.81,9.99,10.23,12.72656877,10.34,39.5917755,10.84,18.83,21.1,12.18,9.36,13.68,16.8,11.82
8.08,6.09,12.82,9.33,10.31,8.23,7.3,5.24,33.14,40.31563958,9.01,13.82,21.94,9.77,7.53,8.93,13.18,6.19
7.45,8.09,25.96,14.99,9.34,6.6,10.36,9.23,31.48,41.03950367,14.32,21.32,25.7,14.62,10.44,12.08,15.5,6.9
7,7.89,26.32,20.97,17.67,6.9,14.46,15.23,36.95,41.76336775,17.23,24.65,26.57,24.76,15.7,24.4,19.73,10.1
11.53,9.67,22.77,21.57,13.72,6.2,16.84,17.55,31.39,42.48723183,18.43,25.59,23.6,30.89,15.97,26.11,22.17,8.23
8.2,9.65,28.63,23.62,16.49,5.85,17.94,18.56,35.45,43.21109592,17.86,31.59,22.2,28.23,21.48,26.22,25.78,11.37
7.95,9.05,24.74,19.15,14.02,6.06,12.63,13.41,26.85,43.93496,15.64835234,21.56,20.44,20.78,16.04,21.44,21.48,9.384359877
8.08,13.27,24.49,18.43,10.83,5.82,20.68,11.54,28.8,44.65882408,13.92004568,21.75,17.71,23.1,13.75,29.99,26.34,8.12
7.32,9.9,19.64,15.57,8.92,6.1,15.03,10.53,34.91,45.38268817,12.46,21.56,20.22,21.76125368,12.04,23.11,21.38,6.16
7.41,6.52,11.66,8.78,8.47,6.6,9.02,6.69,20.17,46.10655225,8.93,16.34,23.18,20.82280147,6.19,9.86,13.12,9.404852679
16.82,10.41,16.61,12.93,10.18,6.28,14.07,9.01,15.93,46.83041633,9.25,19.31,22.9,18.26,11.17,18.99,17.4,10.04
20.52,12.37,24.94,21.61,20.42,6.02,17.3,19.74,24.07,47.55428042,10.02,32.22,32.2,23.77,19.67,24.5,24.31,22.4
13.86225037,19.54,31.16,27.79,26.59,6.15,23.17,19.47,28.91,48.2781445,9.94,32.87,34.63,26.99,33.1,37.27,31.12,24.97
9.12449182,24.88,36.41526803,27.63,35.72,5.71,30.36,23.52,43.77,49.00200858,9.68,34.83,2.38,34.29,24.63,34.43,36.81,36.04
2.11,28.66,49.24,28.56,37.13,5.96,33.81,27.94,45.27,49.72587267,9.88,43.01,2.7,37.04,29.79,22.66,43.29,36.32
9.61,30.02,27.13,23.85,29.87,5.89,32.69,22.67,36.98,50.44973675,9.89,31.35,2.88,30.65,31.67,37.76,35.95,30.63
8.53,23.77,26.01,25.71,32.23,5.42,25.5,22.37,36.53,51.17360083,9.72,36.81,28.7,30.71,29.99,38.46,39.8,40.5
11.27,19.1,27.18,24.57,34.3,14.88,30.6,15.45,39.27,51.89746492,10.02,31.99,55.78,27.69,30.79,27.66,37.04,34.71
8.74,20.38,23.05,17.99,17.17,28.18,22.85,15.7,30.4,52.621329,9.84,24.15,23.89,23.54,17.93,21.3,23.85,17.38
14.7,12.49,14.71,13.83,10.17,13.99,14.61,15.31,21.94,53.34519308,10.18,23.16,18.27,20.24,13.35,16.8,18.56,12.35
15.53,15.76,25.65,19.61,12.03,17.48,16.29,16.71,31.72,54.06905717,10.01,31.87,18.26,25.45,15.82,25.23,24.77,16.8
16.57,16.64,28.19,25.66,26.56,37.52,26.73,19.63,35.97,54.79292125,13.5,34.99,57.39,35.05,32.62,23.55,29.67,32.22
18.68,29.36,41.39,34.04,34.55,32.61,33.18,29.29,54.22,55.51678533,18.42,47.52,69.3,47.23,41.24,43.33,45.75,42.09
26.41,39,46.32,39.74,44.93,45.99,48.65,27.78,68.43,56.24064942,43.33,57.74,79.47,51.91,77.69,52.19,54.23,59.74
32.57,39,57.42,56.4,77.46,65.48,66.22,41.81,89.16,56.9645135,99.46,61.78,150.88,64.14,100.71,65.59,79.68,93.52
30.11,39,57.58,48.83,71.25,65.88,49.14,43.26,70.79,57.68837758,4.51,58.2,91.94,64.07,83.53,54.41,66.26,68.93
31.04,41.12,55.81,42.95,51.53,62.52,44.2,39.68,65.37,58.41224167,44.03,43.54,59.11,45.16,64,37.6,52.43,52.8
36.28,41.91,69.66,51.38,60.5,74.66,55.09,52.93,79.06,59.13610575,131.42,60.03,59.38,62.1,83.18,63.87,64.96,60.52
22.07,20.69,50.17,25.6,28.19,41.44,29.08,34.74,48.45,59.85996983,76.73,33.86,32.31,35.1,33.42,30.67,27.52,28.13
21.29,18.24,41.81,32.2,28.73,44.89,27.99,31.34,35.87,60.58383392,62.72,34.87,43.43,33.36,44.64,37.36,31.81,29.17
19.47,19.62,40.6,31.95,31.4,48.47,26.15,32.11,37.14,61.307698,81.59,36.59,49.75,34.02,37.43,42.03,31.97,30.6
28.22,37.05,53.39,44.62,45.7,60.49,52.1,43.6,51.52654933,62.03156208,103.44,53.16,65.18,52.48,45.18,51.13,58.13,54.04
27.58,35.83,68.14,49.07,63.39,65.54,59.51,42.54,52.79660584,62.75542617,136.07,55.54,95.67,54.92,55.02,67.25,77.23,61.16
23.65,42.48,57.7,37.63,32.1,52.81,42.77,34.18,54.06666235,63.47929025,67.44,49.41,48.66,44.55,35.76,52.35,46.59,39.15
16.83,20.63,32.71,21.35,14.55,32.58,18.46,22.34,55.33671886,64.20315433,37.48,27.11,20.29,36.30460451,20.96,43.04,20.63,24.03
14.93,17.61,9.24,20.64,15.72,31.49,15.76,21.6,56.60677536,64.92701841,33.9,24.09,21.78,20.62,21.06,45.71979627,33.16,19.81
22.33,41.48,35.64,43.12,55.32,57.3,45.92,38.28,43.11,65.6508825,80.95,44.99,67.45,47.04,41.52,45.42771396,58.05,54.77
22.51,40.31,54.11,42.28,59.09,54.64,44.02,36.98,61.83668619,66.37474658,94.07,44.52,68.67,47.89,44.05,45.13563164,57.16,59.96
28.84,59.28,47.62,44.57,69.11,63.8,58.71,44.45,65.7965405,67.09861066,98.69,53.61,90.23,41.76365601,46.48,44.84354932,64.25,68.74
25.52,36,56.7,41.42,62.62,64.69,38.93,42.84,71.42,67.82247475,112.54,40.37,67.79,31.94,51.07,40.26,53.96,53.4
30.17,46.78,56.96,44.08,63.44,67.57,48.28,54.31,56.29,68.54633883,112.45,46.16,66.32,50.98,64.77,48.19,55.19,55.15
34.83,61.64,58.68,51.87,69.24,77.58,64.66,49.31,74.65,69.27020291,126.95,63,58.4,65.81,71.72,82.27,73.01,69.17
36.93,76.22,78.94,68.64,91.54,89.97,82.51,62.76,111.01,69.994067,172.29,89.76,150.67,89.68,92.92,76.94,99.3,100.79
38.71,76.17,84.44,70.47,100.67,102.31,86.88,58.08,110.18,70.71793108,172.62,87.72,164.27,86.97,105.74,69.75,92.32,103.02
41.21,68.55,68.12,58.49,80.23,79.35,82.13,43.22,91.01,71.44179516,136.4,71.91,116.84,75.54,90.24,63.17,101.17,86.51
41.46,77.3,67.77,69.37,82.62,77.81,79.26,39.48,86.1,72.16565925,125.14,73.87,120.71,89.04,85.89,73.77,94.78,107.25
41.14,78.06,90.85,70.37,75.56,71.39,80.83076365,43.61,115.07,72.88952333,103.19,80.04,147.59,112.41,80.05,68.02,124.26,104.53
25.54,65.87,49.01,42.34,31.91,40.57,81.20068796,18.29,85.83,73.61338741,52.65,56.44,72.09,59.94,53.78,53.09,63.42,60.98
27.06,74.58,55.25,38.75,46.92,46.99,81.57061227,17.27,75.71,74.3372515,51.43,62.5,110.54,64.91,49.33,58.79,72.5,74.81
35.56,86.58,67.98,54,74.52,65.97,81.94053658,58.51,102.92,75.06111558,107.07,83.18,118.97,91.09,76.75,77.17,92.58,90.51
32.58,70.66,68.21,58.07,85.64,76.11,82.31046089,49.09,89.74,75.78497966,130.08,75.14,128.77,78.75,86.39,79.72,85.03,80.05
29.39,68.32,66.71,53.15,80.62,78.3,84.6,58.74,76.97,76.50884375,130.44,72.65,117.06,75.2,75.87,76.19,82.78,78.68
33.68,83.44,70.74,55.75,84.11,88.62,75.92,44.51,85.59,77.23270783,148.39,72.67,132.94,79.36,78.43,86.51,84.34,82.08
34.5,77.34,71.07,53.35,82.03,82.27,78.54,52.99,82.17,77.95657191,151.64,78.2,121.2,80.86,82.15,77,89.14,84.73
45.61,100.62,71.94,61.13,88.11,91.9,98.58,57.48,97.05,78.680436,161.12,87.88,159.27,89.41,86.96,93.83,94.05,96.37
38.99,94.1,93.91,62.74,97.2,81.81,100.87,52.77,104.87,79.40430008,147.63,87.44,176.65,92.56,74.61,87.29,87.83917455,103.72
40.17,102.1,92.25,67.72,95.59,76.82,112,67.44,117.69,80.12816416,155.38,91.46,200.23,97.73,93.35,82.38,120.33,122.34
38.25,87.81,78.89,64.7,89.7,90.33,101.89,57.31,106.6,80.85202825,159.94,88.34,185.41,94.36,109.1,74.38,110.23,109.68
30.75,62.09,49.31,40.53,46.22,55.55,67,40.87,75.95,81.57589233,77.7,48.97,73.06,66.41,60.11,63.24,64.28,57.75
16.58,45.2,32,24.96,22.52,27.9,39.6,24.92,49.77,82.29975641,28.44,57.88282163,52.61,39.36,36.31,32.19,35.05,29.06
17.53,41.02,33.9,32.87,43.12,43.49,36.23,21.97,55.36,83.0236205,40.36,62.93,90.56,44.89,49.39,40.16,52.36,49.71
19.16,53.88,42.26,38.05,51.19,41.04,53.65,24.04,50.75,83.74748458,57.6,45.8,100.15,46.45,47.05,54.33,67.11,63.64
16.85,22.18,24.09,17.18,13.06,19.03,21.81,13.41,20.79,84.47134866,37.93,24.3,31.98,21.95,17.83,26.8,25.77,18.14
15.87,30.1,26.72,21.56,15.96,25.47,29.43,28.82,25.45,85.19521275,36.31,29.26,50.87,30.41,21.54,27.12,28.45,22.62
14.95,23.64,25.85,24.07,30.64,32.88,25.07,25.56,35.95,85.91907683,46.44,32.36,52.99,29.32,34.21,29.68,32.18,27.74
24.37,66.64,42.98,47.22,57.89,47.77,66.71,42.92,75.03,93.43,67.91,69.52,112.06,65.74,62.46,69.59,86.28,49.31436484
24.17,67.31,70.57,55.2,66.46,60.4,73.88,33.57,79.44,74.71,123.61,62.79,101.77,67.04,68.8,69.73,86.67,69.4
31.25,66.26,59.03,51.09,72.29,64.46,78.75,34.06,77.68,78.52,93.35,65.5,115.99,63.61,72.28,69.63,84.5,83.56
24.47,59.63,57.48,51.35,75.34,68.83,68.5,39.71,80.85,57.81,87.99,65.76,142.03,68.06,82.79,76.03,83.4,78.96
28.1,64.42,60.81,53.16,63.01,69.07,70.81,41.38,84.29,36.44,61.67,60.77,110.01,70.38,76.9,72.52,81.72,81.26
54.28,59.74,49.42,44.47,53.16,67.01,60.83,37.7,69.51,24.94,64.25,59.23,74.64,62.77,73.79,67.88,67.62,69.55
120.41,83.75,66.51,55.27,66.62,77.46,62.55302594,55.39,79.59,32.26,77.08,76.87,112.71,78.76,86.76,68.31,90.01,79.59
101.76,73.49,36.03,40.38,55.26,50.62,61.18954845,34.44,70.88,22.31,73.08,63.67,108.22,68.47,56.17,66.28,68.4,70.91
51.75,48.12,37.06,31.63,27.46,38.65,59.82607097,45.6,51.8,12.58,33.89,45.2,48.41,47.12,41.06,41.56,57.69,46.67
44.39,43.44,41.82,41.17,38.31,51.66,55.27,25.69,63.8,14.58,42.73,52.03,70.86,52.24,46.39,57.16,59.56,58.37
61.93,49.07,51.94,42.24,42.51,55.73,57.67,31.57,71.79,16.97,34.88,58.44,76.37,54.24,44.16,65.17,69.63,61.76
38.82,35.45,47.39,44.65,29.85,45.99,46.89,30.44,63.62,7.58,28.5,53.35,47.91,58.39,46.55,67.43,71.71,47.42
109.13,72.03,55.38,53.15,70.32,63,73.66,35.34,79.5,10.9,86.06,71.26,119.08,70.78,70.9,66.04,88.25,89.92
109.75,107.03,82.73,73.69,88.5,86.55,115.98,57.36,115.74,17.44,146.15,93.9,158.05,106.14,93.28,87.31,121.85,115.91
59.09,108.23,80.99,70.34,92.89,98.63,106.39,64.15,112.23,45.57,159.24,99.65,157.96,105.03,96.65,92.47,114.06,119.67
66.55,105.38,81.11,68.47,82.56,81.44,108.25,58.83,109.13,86.76,140.54,101.51,137.17,100.16,88.62,88.01,118.96,113.83
48.04,92.16,80.15,62.97,84.15,85.25,97.19,57.46,98.48,36.87,152.78,85.81,142.900835,90.3,85.36,82.64,107.04,107.11
43.27,88.53,71.28,57.16,75.45,76.07,96.94,52.9,98.2,26.37,137.2,79.26,144.3485955,86.24,79.16,82.66,100.64,100.84
40.55,83.11,73.74,60.2,72.86,78.83,91.63,64.09,98.13,25.71,142.82,88.18,145.7963559,86.54,71.74,72.1,107.45,103.69
38.36,72.26,63.03,55.29,63.68,75.64,77.51,63.95,91.78,23.29,138.24,79.75,147.2441164,75.75,67.39,67,93.28,94.19
33.31,63.99,55,48.9,69.52,63.5,68.74,19.82,80.27,22.54,96.84,62.26,148.6918769,60.8,84.69,79.55,80.75,86.24
58.87,100.28,78.22,68.77,78.7,89.34,98.74,66.11,115.41,23.68,165.79,98.32,150.1396373,99.89,88.14,95.71,106.17,100.8
81.78,109.07,98.61,80.53,104.36,104.74,111.42,74.35,140.53,23.68,199.3,116.59,144.34,118.05,125.46,89.03685243,132.83,132.27
58.9,130.1,107.79,85.81,103.05,103.95,136.11,74.44,140.58,15.85,201.39,98.21,180.51,113.94,105.21,86.68,135.94,133.35
46.65,103.62,98.09,81.16,101.69,98.19,118.91,63.96,135.04,17.16,200.4,102.73,188.76,116.62,99.4,91.07,137.83,135.49
43.46,98.11,86.58,68.1,78.44,88.46,107.68,55.21,115.75,21.42,149.88,94.64,149.96,104.28,91.62,79,126.27,113
41.51,104.94,79.27,68.91,83.86,95.26,103.81,64.75,114.51,15.41,176.6,100.62,142.44,110.81,68.38,92.56,114.91,118.07
48,104.89,92.23,74.88,89.68,96.13,113.29,72.22,127.98,15.54,181.02,120.57,172.08,119.72,69.29,91.64,131.2,126.55
41.67,100.23,87.1,79.49,91.07,104.27,104.71,69.48,137.13,13.18,210.19,121.1,182.64,114.35,69.49,92.24,128.8,132.23
45.95,85.97,107.18,73.33,72.52,97.57,96.63,64.28,126.97,14.84,157.58,106.44,148.86,104.04,68.62,81.33,120.59,108.73
24.93,58.39,77.94,44.08,41.46,68.75,60.88,49.09,89.03,13.87,110.97,69.31,88.74,62.37,50.89,86.54,79.84,57.65
23.08,57.79,68.24,43.69,46.23,58.41,53.62,37.95,75.14,12.18,116.81,64.46,75.42,62.18,38.68,67.38,66.16,64.31
32.9,81.4,85.71,65.27,73.71,82.2,84.08,62.24,119.68,17.79,161.46,86.12,143.4,97.9,54.35,80.3,112.75,100.8
53.61,80.94,102.88,73.14,75.62,90.84,93.56,67.88,120.39,13.35,175.61,88.52,141.3,95.79,57.05,75.72,119.75,106.4
87.58,93.41,81.8,67.38,77.48,57.22,100.19,67.07,110.03,14.34,169.12,85.08,127.99,94.91,57.96,86.08,100.31,96.51
73.56,62.63,64.36,42.95,47.51,32.91,64.59,38.38,71.62,12.76,102.6,49.79,66.83,56.14,42.83,45.77,68.82,59.09
78.21,94.99,85.26,52.68,58.5,73.6,83.86,54.85,92.66,13.59,125.51,76.81,112.41,87.48,46.52,60.55779605,91.37,87.28
79.71,83.75,79.3,53.17,55.74,80.02,93.52,60.97,96.92,16.56,131.36,72.97,112.19,86.66,49.4,64.28860164,94.21,89.45
64.67,72.61,66.96,48.58,52.26,67.92,87.56740534,44.18,89.23,11.46,127.84,60.59,105.15,73.07,48.39,68.01940724,81.62,88.95
60.33,67.12,75.43,52.08,56.66,71.13,87.14667643,48.56,94.23787254,14.25,114.32,82.66,105.87,78.46,47.44,71.75021283,90.78,89.62
66.29,64.9,87.36,55,61.15,77.92,86.72594752,51.58,92.3,13.91,132.19,72.91,110,78.29,51.67,75.48101842,95.2,95.21
70.97,77.26,80.16,59.7,86.9,89.9,86.30521861,56.29,97.55,13.79,157.02,87.92,139.82,87.3,96.2,79.93,96.87,108.66
87.3,101.1,99.19,75.5,74.61,89.57,85.8844897,72.52,117.32,10.99,163.06,105.37,164.83,111,83.97132363,86.81,119.54,124.77
55.62,76.5,64.23,51.69,57.19,67.88,85.46376079,67.58,90.99,14.71,113.43,78.64,112.99,79.17,81.81491973,67.17,84.97,77.76
64.68,104.2,74.71,61.42,65.78,78.07,85.04303188,91.23,100.8,15.17,121.19,96.59,148.03,106.92,85.44,84.77,111.35,103.94
53.01,67.33,36.71,46.98,33.4,54.9,84.62230297,65.78,72.82,9.65,61.89,69.87,69.29,72.83,62.02,47.72,72.81,56.54
20.74,75.49818638,46.42392086,19.51,22.63,32.32,84.20157406,20.91,33.74,10.58,53.09,23.02,27.67,25.93,26.89,21.83,32.24,32.67
43.62,79.69050917,37.39,27.39,28.6,39.47,83.78084515,47.78,50.78,15.9,51.38,39.14,36.63,36.48,34.03,31.12,59.77,36.12
66.49,83.88283196,80.33,60.86,48.51,69.63,83.36011624,57.14,102.98,13.9,89.43,74.46,71.75,88.34,50.92,49.85,92.22,73.62
70.31,87.35,61.26,51.19,41.95,59.06,82.93938733,50.12,83.58,16.7,104.78,72.45,56.89,70.6,34.82,57.48,77.9,62.95
83.57,98.86,73.48,63.03,55.50576711,78.26,82.51865842,59.65,111.3,12.92,120.17,90.35,33.42,96.36,43.33,65.19,120.75,91.63
96.11,102.42,83.69,69.88,69.65,81.89,82.09792951,69.32,119.6,14.89,123.44,84.18,140.03,100.83,43.6,82.12,114.29,109.08
81.16,94.71,67.93,61.11,64.67,79.18,81.67720061,54.93,97.66,15.3,127.95,87.77,121.15,85.49,38.53,73.89,95.79,94.89
67.74,74.01,55.36029044,48.04,61.29,69.76,81.2564717,40.94,78.69,16.52,118.41,67.19,93.18,69.3,36.95,65.12,85.59,77.75
65.99,76.99,26.62,53.24,68.1,70.61,80.83574279,48.95,79.53,16.17,117.18,74.59,112.03,66.50664105,36.73,70.64,87.9,81.37
79.89,75.71,78.62,57.44,71.82,81.83,80.41501388,51.61,92.51,24.52,147.71,80.2,111.04,61.14377971,39.89,69.57,105.73,90.25
81.78,77.39,93.29,61.2,75.16,78.69,79.99428497,60.52,106.46,91.92,153.66,80.59,122.27,55.22,48.62,64.99,105.99,97.46
59.97,54.65,47.45,43.57,44.08,72.85,79.57355606,43.54,74.38,80.32,88.26,61.12,62.69,51.59,40.39,46.28,67.52,52.65
36.51,32.01,61.31,36.95,52.55,52.27,79.15282715,35.81,54.23,44.49,84.38,46.83,67.08,45.4,27.21,40.65,46.08,44.62
23.63,30.12,51.06,33.25,36.25,46.41,78.73209824,30.68,45.2,36.11,91.99,38.24,47.03,38.24,24.12,31.93,38.51,33.5
124.14,103.5,298.65,211.35,272.76,334.47,78.31136933,329.62,74.87355535,44.29,490.69,151.02,140.68,174.96,97.22,50.47,133.15,147.42
72.58,63.05,163.99,107.68,147.68,194.91,77.89064042,163.92,76.94,43.53,423.46,68.92,71.77,96.27,60.05,75.6,84.73,89.02
84.75,64.08,137.26,93.4,130.28,153.08,77.46991151,130.45,99.51,57.27,359.94,85.22,79.13,96.4,61.65,71.34,105.41,97.68
83.25,64.64,124.57,82.01,105.79,132.03,77.0491826,107.67,89.82,62.89,283.33,83.88,66.01,88.85,51.41,62.34,95.27,85.16
58.5,60.32,90.82,71.64,100.31,107.67,76.62845369,78.38,85.64,87.19,206.79,61.7,71.09,76.83,46.6,59.52,85.9,75.82
46.84,54.47,86.66,50.73,67.3,85.15,76.20772478,37.38,62.23,67.74,160.8,50.19,55.6,58.11,36.63,53.97,65.74,62.95
49.17,52.12,75.94,47.95,70.44,87.46,75.78699587,26.72,60.55,61.53,148.76,56.14,52.2,56.94,39.94,54.35,60.21,59.72
69.36,48.94,92.53,59.24,73.87890534,84.35,75.36626696,19.04,76.08,84.49,177.22,60.34,69.87,63.07,59.11,63.11,89.51,73.1
73.82,61.12,96.61,61.49,79.31,85.34,74.94553805,16.56,101.33,93.13,166.41,77.44,96.65,69.67,63.33,73.4,102.79,82.96
68.95,56.54,94.34,58,62.84,89.11,74.52480914,14.37,91.9,82.57,155.4,67.47,68.09,65.16,57.22,58.92,91.43,59.92
87.03,86.63,111.78,70.58,78.19,93.37,78.46,19.86,114.75,98.12,153.76,91.57,103.95,83.73,50.65,81.01,103.9,87.28
52.37,44.85,115.62,68.66,59.01,77.09,67.21,18.36,100.45,83.46,177.84,85.74,104.93,75.67,43.14,38.7,101.55,83.05
68.26,51.15,157.17,76.45,87.66,112.1,62.6,35.7,70.9,37.33,359.31,70.52,49.09,70.23,46.04,72.47,65.29,83.62
82.18,60.79,134.1,90.34,121.42,150.69,78.95,67.71,92.45,59.9,304.36,80,62.56,89.97,56.1,73.37,93.83,96.99
92.58,71.98,119.98,81.17,97.63,132.16,80.35,100.15,71.60143016,72.02,239.42,84.65,64.84,95.47,53.77,76.46,69.25037503,91.33
63.3,57.12,85.08,55.35,61.02,88.23,56.8,68.94,44.4,50.49,168.84,72.74,50.21,67.82,31.94,35.98,40.54,54.58
39.24,30.99,52.26,29.7,36.99,52.36,29.35,37.16,43.74,34.58,97.58,46.9,43.82,37.96,27.5,47.17,38.11,30.79
42.06,44.9,51.13,40.04,48.82,60.08,42.09,45.11,58.06,47.81,107.85,49.62,52.66,49.86,62.32,50.69,49.72,41.45
75.6,64.23,88.84,58.59,60.66,81.36,74.08,57.89,80.29,65.03,155.26,79.5,62.72,73.18,104.78,44.27,83.71,65.58
47.75,63.09,74.05,46.59,61.91,79.86,66.43,47.42,58.94,54.83,138.1,88.06,61.76,60.38,69.14,47.95,60.39,58.37
61.56,59.19,77.07,47.69,66.88,75.5,64.45,44.12,67,66.66,124.53,81.5487918,48.12,56.8,85.09,54.41,62.28,55.21
69.97,75.23,83.51,59.87,64.5,88.27,73.87,49.56,95.43,88.57,141.05,78.81675758,77.74,73.08,86.74,75.96,80.48,66
47.76,44.82,63.97,47.49,47.18,69.13,46.05,40.57,62.91,67.95,93.87,76.08472337,76.19,54.83,59.07,49.86,60.9,48.91
42.85,31.86,61.98,32.87,28.91,46.41,33.54,29.07,37.83,43.8,72.47,73.35268916,31.99,31.17,35.63,43.45,34.03,29.08
26.47,23.14,74.33,28.12,31.84,40.26,26.87,22.61,38,35.19,53.29,70.62065494,30.01,30.66,41.79,45.63,25.96,19.09
26.49,30.71,53.07,34.84,31.46,52.89,34.68,28.07,46.22,46.64,48.43,67.88862073,34.29,38.4,45.35,53.46,38.26,31.9
21.94,47.64,73.81,45.33,46.7,74.35,45.86,35.77,62.17,65.49,60.23,65.15658652,52.02,51.1,57.09,68.24,62.83,44.96
32.13,59.71,84.29,52.19,63.21,72.79,60.01,38.04,84.6,65.42,124.92,62.4245523,85.06,58.17,93.8,58.23571637,74.41,59.58
34.67228587,56.15,72.23,44.19,47.69,62.5,61.06,40.09,65.26,70.79,82.5,59.69251809,72.63,57.59,40.04,54.02148532,61.89,48.16
38.10830988,54.29,81.55,61.39,53.85,75.44,75.63,51.1,82.41,74.1,136.37,54.82,66.75,63.76,56.41,49.80725428,95.83,61.47
41.54433389,51.23,81.62,50.3,51.43,76.87,57.04,51.54,71.23,67.35,145.13,62.57,57.49,59.2,43.71,38.27,39.7,48.25
44.9803579,42.66,68.01,51.4,50.69,70.32,54.5,39.98,66.6,55.74,111.65,52.7,59.2,59.34,43,57.4,57.18,49.16
48.41638192,73.41,109.76,101,64.96,98.78,79.6,60.45,106.05,83.27,132.53,77.82,58.31,76.61,52.96,70.63,81.67,63.74
51.85240593,76.93,136.63,72.94969822,98.71,118.06,90.05,86.93,93.24,81.01,225,82.71,65.87,86.34,67.47,74.86,89.9,83.75
55.28842994,51.26,76.67,57.73,84.06,119.43,71.83,75.9,82.35,67.16,208.82,73.35,58.42,72.32,54.77,64.71,71.86,68.61
58.72445395,62.28,76.15,56.4,63.35,89.92,75.03,49.54,77.65,68.84,149.48,56.95,56.64,37.11,49.13,71.72,59.98,70.87564674
57.82,69.83,70.07,70.7,81.46,98.92,75.44,41.48,92.26,87.98,192.78,64.39,65.01,75.94,59.56,72.35,71.72,67.9
87.62,84.63,101.75,64.98,86.19,93.05,89.8240918,54.48,91.56,90.64,171.28,85.82,83.78,81.16,52.29,75.45,88.27,87.16
85.6,84.83,117.12,70.69,97.63,110.59,123.84,48.60136661,124.58,92.13,196.65,78.74,95.12,80.57,57.52,77.97,81.96,90.75
79.09,72.74,116.21,70.54,79.88,96.96,80.54,43.4,89.68,78.77,188.6,59.23,69.91,72.3,63.6,61.75,87.05,81.31
63.25,60.59,110.23,46.86,60.83,80.19,61.3,39.47,59.16,52.8,138.62,35.64,51.65,43.51,51.18,36.47,61.9,54.98
61.34,62.8,119.68,64.01,74.36,82.86,90.1,55.92,76.28,72.61,151.75,60.56,60.63,63.31,52.48,60.43,82.58,68.57
65.78,67.47,116.74,62.69,78.85,91.84,74.08,52.06,86.63,87.71,165.79,65.7,69.86,71.3,68.05,70.98,84.58,74
82.91,85.31,116.21,65.35,74.8,85.21,88.32,63.8,95.11,77.13,158.99,80.18,68.02,86.27,57.14,86.08,84.1,63.91
83.72,93.01,114.23,66.68,95.97,105.36,92.52,68.91,94.63,68.2,149.75,88.26,85.41,96.88,63.23,70.06,82.22,76.32
69.55,83.61,106.39,63.45,99.04,94.08,87.33,63.57,93.21,88.09,223.46,89.26,118.27,88.79,61.98,76.26,92.23,93.22
73.42,83.55,103.62,85,89.9,94.95,87.76,63.81,89.93,92.67,160.61,81.99,112.23,82.11,60.73,77.88,88.44,89.38
90.59,80.89,116.61,71.11,79.82,88.11,94.28,57.19,91.5,88.55,226.83,71.44,99.59,86,86.59,77.39,94.65,91.12
49.03,54.98,84.77,37.74,64.39,62.69,54.33,42.41,60.13,61.5,143.48,52.95,56.88,57.95,74.48,56.76,58.18,59.3
57.7,60.75,103.57,55.1,75.58,85.75,63.54,48.2,70.54,58.39,151.15,63,69.53,63.8,91.63,62.97,65.95,67.37
52.78,62.51,110.79,55.53,63.53,79.1,83.03,49.13,66.17,67.09,131.94,62.66,56.68,60.41,93.36,45.83,69.66,67.26
71.23,92.15,128.59,72.8,93.48,98.09,88.62,74.32,78.54,76.43,167.07,98.32,69.45,77.75,108.79,78.38,78.2,77.92
62.75,81.14,111.79,58.03,70.07,92.96,87.6,56.9,69.9,62.78,136.3,86.81,48.98,65.97,88.93,67.28,58.72,58.92
76.97,87.7,123.49,69.15,71.38,95.61,94.55,68.35,84.73,66.83,145.5,96.61,50.44,82.92,73.26,68,69.98,62.54
98,109,107.1,59.38,64.4,86.88,84.29,64.77,81.21,63.45,124.9,98.79,57.52,86.58,60.39,68.51,64.36,61.3
34.58,51.19,66.72,33.88,39.58,47.95,43.35,41.51,44.89,38.04,100.38,38.76,43.9,47.1,27.73,49.18,34.86,37.78
20,35.74,69.57,38.32,43.8,54.89,36.37,49.69,38.76,30.52,94.72,39.77,51.63,45.4,29.41,43.4,28.38,34.54
37.61,46.67,90.32,58.55,68.12,82.23,45.36,75.96,48,30.04,150.51,49.26,46.61,56.53,50.56,53.3,45.2,51.08
57.16,70.08,145.14,56.18,66.1,98.21,61.34,59.7,66.81,44.89,152.05,65.74,51.27,62.42,70.99,50.59,53.44,52.58
62.76,56.95,72.88,60.66,71.43,99.03,56.09,57.92,62.58,52.22,132.64,70.2,49.75,54.78,72.81,51.05,56.3,54.7
68.85,69.15,121.57,65.33,63.23,53.75,76.51,79.25,75.48,59.26,153.97,78.69,54.38,75.88,80.6,59.76,57.46,60.02
32.25,41.01,70.58,34.3,39.48,56.35,36.57,47.98,38.5,35.19,84.83,46.88,31.65,40.75,45.1,25.19,33.41,32.91
26.73,37.54,80.5,35.93,33.03,59.94,39,48.76,37.58,26.47,57.57,37.61,40.72,38.91,39.96,37.88,26.78,29.5
17,33.06,59.14,35.09,38.49,51.29,37.9,44.23,50,24.35,59.08,38.11,44.91,35.98,47.58,34.89,29.22,32.17
25.53,43.96,73.72760942,42.11,40.13,59.19,51.41,53.14,34.25,31.45,136.8,46.31,54.98,46.57,45.71,37.38,37.52,38.04
36.67,43.45,80.75169747,47.64,52.07,64.77,46.51,56.81,37.59,32.89,120.7791093,53.11,49.56,46.74,56.91,47.69,35.97,39.13
28.71,30.62,87.77578552,45.04,44.89,62.85,37.06,60.21,36.13,28.4,100.66,41.78,41.96,44.25,55.55,40.56,30.84,36.42
23.83,30.94,88.02,44.63,38.26,59.38,33.98,56.23,39.63,33.5,178.191706,42.21,44.78,40.98,61.5,45.49,47.57,35.73
77.31,60.1,131.41,84.61,97.15,129.94,64.14,113.53,61.39,42.83,278.91,70.59,56.82,81.07,85.47,77.11,89.93,84.99
62.24,54.37,108.83,70.13,89.72,110.17,52.84,106.49,39.90421177,32.5,174.1700189,55.06,48.87,69.96,63.22,63.15,72.73,63.09
19.42,47.82,100.23,59.03,62.41,94.39,39.55,82.92,37.34779495,29.08,113.618783,48.07,52.86,52.32,56.27,56.52,63.1,53.84
25.94981924,39.07,78.16,43.89,45.4,64.98,39.32,65.45,28,27.28,38.08,39.19,51.79,51.97379178,44.43,35.27,58.03,42.27
25.05682919,39.37,56.77,36.02,34.31,50.86,44.54,51.72,33.47201974,27.2,22.49,31.98,38.56,48.66888429,37.67,32.2,49.7,33.21
24.16383914,46.49,55.08,33.71,28.45,51.67,79.74,47.89,32.15266135,26.8,37.1839949,33.94,49.66,45.18,38.9,33.54,54.24,33.04
23.27084909,42.85,48.41,36.68,24.41,46.81,56.74716199,47.21,30.83330296,36.91,42.14125551,41.96,49.49,43.21,49.83,37.69,67.87,32.92
22.37785904,51.93,45.48,29.68,28.17,41.24,52.19812434,42.29,23.33,38.48,50.33,37.56,49.64,38.42,42.84,41.98,77.51,34.42
21.48486899,41.4,24.26,26.72,28.93,35.61,47.64908669,37.55,25.08,6.9,43.4937624,29.88,42.25,30.95,35.64,30.05,32.5,29.12
20.59187894,39.27,5.17,24.52,29.43,29.19,43.10004904,28.95,30.12,5.54,39.88900868,30.72,41.54,30.18,33.28,30.58,33.56,27.35
19.69888888,35.67,5.35,27.96,31.61,39.83,38.55101139,35.45,27.15,7.67,36.28425497,31.9,44.8,31.59,35.7,35.61,43.09,28.57
18.80589883,38.54,5.61,37.72,41.82,59.42,34.00197374,39.64,43.28,5.96,32.67950125,40.27,47.93,35.13,51.42,29.31,43.88,33.64
17.91290878,41.86,5.59,34.62,47.03,54.58,28.31,45.48,33.68,6.4,16.79,44.57,50.17,35.97,49.65,41.26,61.63,33.91
17.01991873,43.31,5.59,26.97,31.25,40.02,24.23,40.82,24.09,6.88,64.08,35.48,46.52,34.15072126,40.99,43.4,57.51,29.66
16.12692868,37.44,6.02,24.23,31,35.57,21.65,31.9,23.13,6.51,76.72,28.99,46.34,32.9845162,35.97,27.86,32.17,28.5
14.28,30.38,114.04,29.75,40.32,44,23.27,40.8,28.33,6.52,66.03,29.9,42.65,31.25,42.04,32.02,74.22,30.54
18.49,31.33,17.43,26.96,28.85,43.76,19.75,38.21,25.18,6.59,77.94,25.32,39.89,33.36,33.85,30.34,44.17,27.7
19.36,28.42,15.79,25.85,27.79,32.83,18.32,35.29,24.36,14.89,57.83,23.95,34.81,28.77,34.58,27.18,32.95,24.04
20.02,33.32,19.74,28.76,37.68,41.33,18.16,36.78,22.95,24.87,46.2,22.91,37.8,25.94,39.85,27.62,41.24,25.89
20.98,35.97,20.9,78.28,36.6,44.34,26.35,41.9,29.35,24.67,73.28,33.09,46.38,46.74,37.12,36.77,84.52,28.82
55.41,59.29,41.53,46.78,54.6,69.35,56.73,48.72,59.57,53.49,85.5,50.61,49.3,48.03,51.22,49.83,84.26,43.97
55.14,78.14,43.28,47.95,56.81,71.53,59.35,68.37,56.95,57.55,174.99,56.56,53.42,60.58,45.84,57.77,73.26,56.79
44.43,60.19,35.26,46.28,56.7,61.56,47.92,60.44,52.06,49.41,104.71,56.45,52.46,84.44,43.82,40.22,45,52.88
37.82,46.55,24.54,29.8,33.32,43,27.66,40.77,33.38,33.98,52.4,34.18,47.06,57.13,28.78,37.65,56.14140422,34.25
34.25,41.95,32.15,36.6,49.07,56.82,36.19,44.73,43.35,42.46,90.89,36.97,51.49,38.8,45.33,43.48,41.22,39.95
23.36,29.77,20.18,27.69,32.92,39,22.55,33.85,30.64,30.52,55.21,30.14,30.49,28.74,40.47,35.73,43.76,25.63
19.05,26.93,59.97,29.05,34.79,47.65,22.15,31.12,24.15,22.34,57.66,27.71,31.11,24.75,44.84,31.29,23.77,23.9
31.2,33.94,45.5,33.95,32.7,48.15,31.07,48.4,38.03,32.15,217.16,38.11,33.46,38.36,49.55,42.23,105.28,32.89
20.67,34.2,14.93,24.98,27.15,35.35,17.77,39.2,22.96,30.13,119.3991335,26.02,31.09,74.73,28.3,25.55,21.98,23.27
22.48,28.03,16.58,22.91,26.3,37.31,19.04,23.63,27.5,29.29,60.42,25.27,37.11,58.04,25.23,34.81,23.72,24.29
13.73,27.2,12.53,18,18.72,27.37,14.03,25.26,15.98,21.82,42.57,20.84,27.33,72.93,16.96,28.3,161.15,20.43
16.25,28.87,26.4,19.8,23.67,32.35,14.62,28.49,19.43,21.06,61.56,23.59,26.78,64.37,20.15,25.48,27.06,22.77
22.43,29.73,18.71,25.08,34.77,35.72,17.24,36.91,19.77,22.14257575,65.86,25.6,38.05,75.66,23.05,26.41,111.4118567,25.26
19.76,26.76,45.34,30.72,41.57,44.85,22.31,38.48,20.26,22.18725882,86.64,27.16,40.54,48.44,27.13,33.43,190.02,30.60399719
22.68,27.38,66.73,32.36,40.67,47.69,21.3,48.37,21.42,20.16,92.65,26.92,42.24,41,30.14,46.29,74.1,35.43034407
34.59,33.41,100.91,52.47,72.07,73.91,36.14,71.07,41.08,27.09,157.48,35.44,58.83,46.09,51.87,49.66,54.29,40.25669095
60.49,38.62,104.8,58.57,85.48,87.96,41.65,84.45,44.01,29.46,180.49,42.96,57.2,42.66,78.94,60.58,420.62,48.28
51.94,32.47,88.95,42.73,56.44,66.75,29.31,57.69,30.08,19.03,121.22,36.74,53.22,36.92918378,44.94,52.51,289.03,37
41.06,22.61,66.63,30.21,39.01,45.03,19.28,47.4,19.67,16.9,231.03,25.34,37.75,31.65,25.19,26.4,76.51,27.36
33.33,19.64,60.55,30.66,42.85,41.17,19.57,46.86,19.72,22.14,99.76,22.75,34.88,25.88,23.4,22.21,88.46,25.31
51.14,17.98,51.02,30.62,43.53,44.72,23.41,44.91,21.79,21.64,105.77,24.67,36.58,29.33,26.54,23.9,165.38,27.96
47.02,16.61,60.64,28.96,43.53,42.78,24.16,44.41,27.44,13.32,123.83,23.76,32.09,27.19,25.89,28.03,82.12,24.86
65.62,18.76,59.18,32.05,45.79,50.63,28.74,53.02,29.91,11.07,180.71,30.09,45.43,33.55896487,42.57,34.18,69.92,29.65
45.85,22.22,77.16,44.7,60.33,61.87,36.54,71.95,43,7.04,207.7,38.69,53.89,38.29892021,58.28,39.67,42.49,44.36
70.8647743,15.54,55,31.73,41.96,42.72,21.88,43.04,26.89,4.07,239.48,28.71,36.91,43.03887555,31.19,28.99,70.73077942,25.44
89.1605113,22.12,69.91,36.26,44.78,46.85,24.8,52.91,29.34,5.41,117.29,28.5,44.41,47.7788309,34.13,28.57,31.86,29.97
107.4562483,43.4,107.71,63.45,85.77,93.54,46.7,89.32,46.51,6.13,198.01,45.34,55.4,52.51878624,61.6,47.59,55.51,65
136.25,59.77,116.07,88.22,103.29,121.64,70.81,126.78,69.26,13.02,209.15,63,63.62,57.25874158,71.04,66.12,88.12,59.71304315
103.23,53.82,133.28,77.26,87.97,117.31,58.91,118.28,57.86,13.45,173.9315956,55.19,65.55,67.96,78.07,56.12,77.35,63.33
77.94,37.11,94.72,53.17,70.89,80.39,38.16,81.99,43.72,11.25,156.55,39.89,53.71,49.03,43.75,44.01,52.15,49.13
50.21,29.57,83.46,39.24,50.22,61.18,26.95,57.41,40.8,12.68,114.28,36.04,49.53,35.79,40.44,31.33,38.13,35.44
28.81,20.55,59.07,23.98,39.04,40.35,13.32,34.64,25.9,7.42,62.37,21.13,27.82,22.14,22.34,20.01,21.6,20.38
24.55,17.79,57.71,18.08,21.35,25.52,9.36,27.42,19.57,8.05,40.82,19.3,20.03,24.53439293,14.88,27.84,21.16,15.46
27.65,18.82,43.14,21.63,23.36,29.41,12.45,30.04,22.3,6.07,21.7,19.69,21.6,23.57088701,16.83,16.29,30.81,17.03
21.82,19.92,55.15,22.24,26.36,30.36,13.06,38.58,24.47,14.42,37.23,19.48,21.22,22.60738109,20.26,18.96,99.88,19.83
23.73,14.32,52.39,22.09,26.21,34.18,12.18,37.15,22,16.3,42.5,20.85,19.91,21.64387516,20.78,20.03,66.71915162,17.84
17.59,9.62,35.67,18,18.09,26.8,7.76,22.95,18.8,15.14927914,32.23,19.38,17.27,20.68036924,15.46,14.7,66.81,15.04
13.78,8.51,32.09,13.61,15.4,20.04,5.03,20.22,16.52,15.29251346,46.83,16.1,12.49,19.71686332,13.2,18.66,165.33,12.1
17.83,10.08,34.09,15.51,19.39,20.89,8.17,21.09,18.17,15.43574779,41.41,18.25,16.13,18.7533574,16.87,14.38,34.76,14.95
19.75,12.5,41.72,20.19,17.36,28.21,9.57,31.2,23.14,15.57898212,58.14,24.47,18.67,17.78985148,15.51,18.84,29.33,16.36
20.77,12.56,52.48,25.19,27.07,32.19934904,10.3,40.31,27.12,15.72221645,90.01,17.33,19.54,15.72,16.96,15.54,86.03,18.22
22.33,12.96,59.92,24.52,32.32,36.53552272,10.15,42.11,24.08,15.86545077,74.37198163,19.36,19.38,19.11,20.4,16.47,26.02,20.48
29.44,14.66,62.19,26.1,39.34,40.87169639,12.78,45.85,22.97,16.82,68.48398475,21.08,20.76,22.13,21.49,18.27,80.85,21.83
25.85,15.43,53.94,29.56,36.56,49.92,14.48,48.21,28.83,13.28,66.78,23.77,24.77,23.87,22.48,20.88,21.68,24.13
22.18,12.18,60.5,21.62,23.92,29.8,7.23,43.84,20.05,17.99,40.17,16.31,17.3,16.94,15.89,15.42,14.87,18.22
20.37,9.3,41.15,18.12,18.78,25.47,6.08,25.21,17.74,13.27,50.45,14.99,14.45,13.81,12.27,13.25,13.81,14.54
20.72,11.44,53.6,17.69,23.33,25.64,8.21,27.35,25.93,19.85,14.15,18.3,15.9,16.73,15.74,16.15,12.86,15.33
28.01,10.94,34.68,17.74,20.98,24.03,7.07,27.88,15.22,14.86,17.48,17.47,15.25,13.2,17.24,18.32,71.59,13.84
16.69,6.52,27.73,9.15,14.54,12.7,7.600985793,17.75,15.26,16.7,12.47,11.79,8.59,7.97,8.49,13.48,128.96,9.56
13.28,7.79,22.12,10.05,15.81419635,13.53,7.693609355,26.36,16.09,20.52,12.89,13.69,11.34,8.95,9.85,18.37,24.84,10.6
18.18,16.2,28.35,15.3,15.73753019,25.13,7.786232918,22.11,15.59,25.68,11.43,21.66,10.39,19.37,12.94,21.39,38.73,11.41
13.97,7.32,12.81,7.37,15.66086403,9.69,7.878856481,31.94,6.73,20.1,8.52,11.31,11.82,7.8,4.92,19.71,28.84,9.09
12.27,9.94,12.39,9.47,15.58419788,10.19,7.971480043,10.43,4.68,12.61,6.09,11.26,12.86,10.05,5.05,12.32,17.2,7.19
13.07,10.6,17.66,11.35,15.50753172,15.13,8.064103606,12.9,10.55,14.69,11.41,13.63,15.68,13.73,14.02,13.52,17.22,8.33
15.46,12,25.55,14.96,15.43086557,19.27,8.156727169,19.31,13.6,12.23,15.27,20.05,17.33,18.12,14.43,16.59,27.54,13.29
14.86,9.68,24.67,14.69,15.35419941,15.13,8.249350732,98.34,17.03,15.39,18.74,15.19,17.47,14.42,9.96,15.35,28.25,12.77
14.99,10.85,20.83,16.36,15.27753325,20.02,8.341974294,16.35,16.87,16.45,23.05,20.45,19.78,16.99,13.4,17.82,29.57,17.75
14.47,9.09,26.46,15.91,13.64,21.62,8.434597857,13.25,15.14,18.15,8.85,21.49,18.16,17.18,12.52,21.65,31.74,15.34
15.3,12.47,24.83,14.77,22.16,17.33,8.52722142,10.01,13.12,16.55,9.91,20.35,16.93,17.11,10.48,13.49,29.74,13.21
12.48,10.75,16.01,8.88,18.25829379,6.98,8.619844983,13.56814287,8.52,14.63,6.9,15.92,16.88,16,4.8,12.26,11.76,7.94
13.63,11.11,12.3,9.99,16.46188082,7.46,8.712468545,12.35669494,8.23,13.12,6.5,12.9,14.12,11.3,4.7,14.02,12.74,7.16
12.49,11.31,13.47,9.92,14.66546784,8.53,8.805092108,8.82,7.02,15.36,7.65,14.8,16.14,12.92,6.54,12.47,99.44245321,9.21
16.15,11.35,18.23,15.85,12.86905486,13.66,8.897715671,11.34,11.04,12.21,10.6,21.27,13.49,14.7,8.29,14.6,124.9884347,11.76
16.33,17.09,19.05,13.21,11.07264189,15.78,8.990339234,14.6,15.63,19.5,31.83,22.99,11.48,15.94,9.16,19.72,150.5344162,9.83
11.15,13.43,16.63,14.8,10,17.15,9.082962796,12.83,10.44,19.89,21.01,19.2,12.15,13.21,8.23,14.08,176.0803977,12.29
10.51,9.31,13.56,10.14,3.5,10.33,9.175586359,9.22,6.7,21.26,15.91,11.87,9.27,7.74,6.92,15.35445381,201.6263792,8.7
10.3,7.36,10.73,7.76,7.33,6.26,9.268209922,7.72,7.38,11.55,31.91,9.46,9.97,7.03,5.64,15.49580369,227.1723607,8.33
15.84,10.65,15.73,10.79,3.33,10.29,9.360833484,8.89,10.52,15.5,113.5355653,17.92,17.94,11.79,7.64,15.63715358,252.7183422,11.76
14.1,14.19,22.44,19.13,8.7159049,15.07,9.453457047,15.2,14.05,19.34,232.36,25.12,20.55,17.71,7.76,15.77850346,412.59,12.41
16.66,14.84,24.05,21.48,14.53,21.09,9.54608061,18.45,28.07,19.41,104.2632082,20.82,22.63,18.97,13.03,15.91985335,258.95,13.39
17.1,9.95,39.369789,11.83,6.98,9.31,9.638704173,6.33,14.6,15.25,5.14,20.87,22.77,13.92,6.35,16.06120323,108.63,10.02
18.95,9.75,51.5766069,14.33,13.64,10.98,9.731327735,6.86,17.12,22.15,12.9,18.18,29.14,11.37,8.08,16.20255312,833.8,18.64
19.03401035,10.29,59.66,21.64,29.59,24.94,9.823951298,21.24,29.05,16.08,23.56,18.55,40.03,18.37,14.66,16.343903,287.4827119,27.95
19.39017872,8.96,95.15,18.4,23.11,22.28,9.916574861,15.79,20.96,15.91,18.7,16.84,35.5,14.67,11.26,16.48525288,111.29,21.83
19.7463471,8.16,103.36,12.74,12.94,13.36,10.00919842,10.56,13.94,11.67,13.65,14.38,31.01,11.82,8.96,16.62660277,33.28,18.85
20.10251547,5.02,26.3,6.85,13.84,9.39,10.10182199,5.36,8.29,19.7,9.77,13.76,28.26,11.4,6.51,17.88,486.66,13.79
20.45868385,9.56,35.83,11.53026644,13.68,10.52,10.19444555,10.83,9.55,16.35,13.61,19.44,32.17,15.15,7.34,13.47,206.6529328,14.63
20.81485222,7.92,26.62,13.44839175,22.26,20.1,10.88,12.37,13.41344464,13.45,18.5,22.39,34.89,15.07,11.95,13.6,189.25,19.44
21.1710206,9.31,31.52,15.36651706,26,22.53,10.94,19.78,14.55,13.77,24.41,21.41,32.16556356,16.12,12.03,18.91,40.58,21.3
21.52718897,7.23,31.86647139,18.05,27.93,21.47957237,8.35,16.97,17.31,11.06,24.27954757,19.8,30.57847165,13.63,10.54313803,14,28.14,18.35
21.88335734,7.98,32.52355849,18.29,21.65,21.23122275,6.57,16.07,11.34,12.78,25.42983842,16.6,28.99137975,13.58,8.89,12.39979586,133.4096291,17.19
22.23952572,8.94,33.18064559,17.41,20.06,20.98287313,8.25,16.62,4.87,13.17,26.58012928,15.35,27.40428785,13.12,10.73,9.33,134.8032633,19.67
22.59569409,7.19,33.83773269,14.96,16.3,20.73452351,6.1,15.88920785,12.92413273,12.42174361,27.73042013,17.12,25.81719594,12.76,10.59,11.18990864,136.1968974,16.5
22.95186247,6.7,34.4948198,14.8,17.82,20.48617389,5.77,15.54875152,13.99,11.09,28.88071098,15.41,24.23010404,11.32,8.88,11.85667864,137.5905316,17.1
23.30803084,7,35.1519069,13.39,25.00895423,20.23782427,6.63,14.96,10.83,13.52,30.03100183,16.85,22.64301214,12.71,20.65,12.52344863,138.9841658,18.85
23.66419922,11.23,35.808994,23.11,35.55,19.98947464,16.01,15.88,18.92,14.37,31.18129268,24.51,21.05592023,18.26,25.07,13.19021862,245.68,23.37
24.02036759,10.68,36.46608111,18.07,21.06,19.74112502,8.28,14.68,16.79,12.03,32.33158354,20.71,19.46882833,15.22,14.72,13.85698861,248.17,18.92
24.37653597,8.78,37.12316821,16.24,13.11,19.4927754,5.73,11.68,19.71,13.4,33.48187439,18.94,17.88173642,12.4,13.31,14.53,19.81,13.79
24.73270434,8.8,37.78025531,17.6,14.81,19.24442578,6.8,13.85,17.05,9.47,34.63216524,21.52,16.29464452,10.97,16.65,16.03,25.28,15.56
25.08887272,10.93,38.43734241,19.61,23.91,18.99607616,3.38,13.89,18.84,14.91,43.75,19.79,14.70755262,11.74,23.82,14.26,21.02,18.39
25.44504109,8.72,39.09442952,16.36,14,18.74772654,7.005163591,11.49,19.07,11.43,11.01,19.67,13.12046071,9.45,16.84,11.97,18.47,13.74
25.80120946,7.5,39.75151662,16.53,12.87,18.49937692,8.21960636,8.83,21.3,14.89,6.42,20.53,11.53336881,9.33,13.98,10.73,17.28,10.69
26.15737784,10.14,40.40860372,17.33,17.65,18.2510273,9.434049129,11.86,17.96,7.517996522,6.68,20.49,9.57,13.81,16.1,12.15,24.85,13.84033994
26.51354621,8.81,41.06569083,17.24,14.78,18.00267768,10.6484919,12.76,20.39,0.71,7.42,17.84,9.76,12.02,14.02,11.83,21.14,17
26.86971459,7.28,41.72277793,14.21,13.36,17.75432806,11.86293467,9.61,20.54491288,1.06,6.61,16.74,8.19,13.2093979,12.07,10.74,18.28,13.65509911
27.22588296,9.16,42.37986503,14.24,12.64,17.50597843,13.07737744,9.81,21.62,0.58,5.91,19.46,5.52,14.00325658,12.15,8.89,17.72,10.86
27.58205134,8.4,43.03695214,16.18,11.31,17.25762881,14.29182021,9.04,21.07,7.48,6.82,21.13,9.08,14.58,13.73,10.69,23.64,10.66
27.93821971,1.58,43.69403924,17.03,8.98,17.00927919,15.50626297,9.12,23.6,11.02,8.9,22.62,7.95,16.23,15.38,14.38,35.84,14.11
28.29438809,2.582127018,48.73,24.86,11.37,16.76092957,21.34,19.03,19.64,11.65,14.46,27.01,7.97,19.52,23.58,17.75,22.78,13.89
28.65055646,2.851227654,32.24,22.4,13.08,16.51257995,13.32,20.46,20.56,10.48,18.12,20.57,9.05,12.96,26.93,10.94,16.51,8.98
29.00672484,3.12032829,33.67,18.89,9.38,16.26423033,10.36,15.28,19.38,10.77,15.42,16.73,7.63,11.28,18.18,12.02,14.86,8.77
29.36289321,3.389428927,22.85607216,20.66,11.15,16.01588071,10.7,14.81,22.06,11.2,17.31,17.95,10.01,11.23,16.36,8.05,16.43,9.75
29.71906158,3.658529563,11.5,16.34,11.58,15.76753109,13.88,13.76,19.65,12.8,13.21,12.88,8.56,12.08,15.7,8.05,13.9,8.16
30.07522996,3.927630199,12.66,17.57,13.88,15.5,14.12,13.7,17.5,10.04,15.32,20.25,11.26,13.08,17.64,10.94,15.87,8.366943713
30.43139833,4.196730835,7.16,18.26,12.8,15.34257396,12.93,13.23,36.44,11.08,9.75,24.78,9.6,17.38,18.09,13.61,17.56,8.33343851
30.78756671,4.465831471,9.23,16.55,9.31,15.16596645,10.98,7.05,26.81,10.8136934,10,19.8,9.17,12.98,13.92,16.02,13.58,8.299933308
31.14373508,4.734932108,7.3,13.01,7.11,14.98935895,12.36,10.56,55.61,10.70565967,6.99,19.69,6.45,14.29,20.85,17.66,13.93,8.266428106
31.49990346,5.004032744,7.67,10.63,5.46,14.81275144,11.53,12.45,25.27,10.59762595,6.22,20.14,4.67,13.01,13.33,9.78,12.35,8.232922903
31.85607183,5.27313338,5.15,12.77,4.12,14.63614393,11.94,6.74,55.31,10.48959222,2.48,16.02,2.42,11.76,12.39,18.01,12.64,8.199417701
32.21224021,5.542234016,4.84,9.53,4.25,14.45953643,10.21,10.21243496,22.15,10.3815585,2.65,15.84,2.18,12.75,8.3,10.72,10.04,8.165912499
32.56840858,5.811334652,4.17,12.26,5.88,14.28292892,10.4,11.02987349,69.55,10,7.2,11.37,7.07,12.02,13.02,8.66,13.53,8.132407297
32.92457696,6.080435289,4.87,13.04,6,14.10632141,10,11.84731202,141.1,10.61,4.72,16.57,6.54,13.6,13.74,10.59,14.74,8.098902094
33.28074533,6.349535925,3.27,17.42,6,13.92971391,11.5,15.38,115.8,10.96,5.66,19.52,9.18,15.63,17,18.19,17.91,8.065396892
33.6369137,6.618636561,4.37,15.15,12.15,13.7531064,9.94,11.41,17.08,10.69,5.77,18.76,1.99,14.44,16.2,16.47,16.57,8.03189169
33.99308208,6.887737197,3.54,15.16,12.08,13.57649889,10.1,9.65,20.88,11.22,7.39,16.29,2.51,14.95,14.64,15.79,15.5,7.998386487
34.34925045,7.156837833,4.47,14.75,12.05,13.39989139,9.97,9.283799115,17.58,11.19,8.88,16.16,2.64,12.69,12.23,13.56,14.51,7.964881285
34.70541883,7.42593847,2.78,13.9,11.96,13.22328388,10.22864278,8.413329704,10.18,10.5,6.39,15.89,1.66,12.7584291,11.92,8.6,13.77,7.931376083
35.0615872,7.695039106,5.88,12.34,12.38,13.04667637,10.31985409,6.72,11.07,10.32,8.6,15.63,2.36,12.44945342,13.47,8.7,12.33,7.897870881
35.41775558,7.964139742,19.32,11.86,14.84,12.87006887,10.4110654,6.4,12.9,1.08,10.09,14.64,2.37,12.14047774,12.76,10.46,11.45,7.864365678
35.77392395,8.233240378,22.15,12.65,14.54,12.69346136,10.50227671,8.18,21.24,9.1,13.57,17.9,3.69,11.89,18.09,10.77,12.12,7.94
36.13009233,8.51,19.86,13.44,14.01,12.51685385,10.59348802,8.63,19.79,6.75,14.34,14.54,3.35,11.11,15.27,8.23,12.81,7.22
36.4862607,8.72,21.58,13.12,13.27,12.34024635,10.68469933,6.31,17.48,6.321015899,7.64,16.36,3.5,11.7,14.5,8.45,11.66,7.16
36.84242908,8.86,24.98,13.2,11.28,12.16363884,10.77591064,7.55,18.02,5.865764661,8.98,15.99,4.94,11.25,12.79,8.35,13.27,8.94
37.19859745,8.9,25.19,13.61,12.85,11.98703133,10.86712195,9.23,18.69,5.410513423,9.83,13.21,6.91,11.98,14.13,6.57,13.65,8.33
37.55476582,8.98,24.77,12.32,14.73,11.81042383,10.95833326,6.54,15.9,3.67,9.27,13.03,7.25,11.54,14.76,6.16,12.42,8.27
37.9109342,7.87,21.09,15.08,12.46,11.63381632,11.04954457,6.79,16.95,5.52,9.68,15.5,6.57,12.29,13.25,7.3,13.54,8.57
38.26710257,8.85,22.19,15.34,12.97,11.45720881,11.14075588,10.08,18.45,10.27,11.5,17.82,7.69,14.38,14.29,8.42,16.12,8.17
38.62327095,8.42,26.81,21.18,19.04,11.28060131,11.23196719,11.15,21.42,10.44,15.06,20.22,8.84,17.98,17.93,14.81,15.26,11.91
38.97943932,10.23415582,34.43,24.49,23.39,11.1039938,11.3231785,21.35,28.87,11.29,20.5,26.95,14.64,22.08,19.18,21.77,18.56,16.08
39.3356077,11.83178484,28.27,23.01,18.79,10.92738629,11.41438981,14.26,35.05,10.64,18.27,23.77,15.34,19.18,18.96,17.17,18.21,13.58
39.69177607,13.42941386,34.44,25.53,18.38,10.75077879,11.50560112,27.97,26.39,10.62,24.05,31.6,18.92,24.6,21.49,25.73,22.64,14.42
40.04794445,15.02704289,40.28,31.8,27.98,10.57417128,11.59681243,39.53,30.4,11.63,25.19,28.51,42.27,24.12,27.21,30.66,30.12,18.79
40.40411282,16.62467191,29.49,33.22,25.81,10.39756378,11.68802374,31.53,32.43,10.94,21.71,32.3,1.99,28.55,22.63,26.97,24.07,21.19
40.7602812,18.22230093,8.94,18.22,13.65,10.22095627,11.77923505,12.47,25.98,12.85,9.46,23.54,2.53,20.16,16.45,17.48,23.61,22.05
41.11644957,19.71,11.58,26.63,33.84,10.04434876,11.87044636,28.39,43.24,13.5732715,12.56,30.77,4.04,28.53,28.33,25.41,32.82,28.73
41.47261795,23.32,13.69,27.87,24.46,9.867741255,11.96165767,21.1,36.55,14.45487154,8.69,38.89,2.99,32.12,27.3,24.89,22.7571183,23.42
41.82878632,16.57,61.58,18.78,16.1,9.691133749,12.05286898,12.97,20.26,15.33647157,10.1,24.07,4.46,19.92,15.07,15.41,21.63446446,16.56
42.18495469,10.33,24.34,18.42,10.58,9.514526242,12.14408029,9.35,18.75,16.21807161,10.82,18.12,3.91,13.52,13.32,13.07,10.78,10.31
42.54112307,9.38,17.93,21.32,10.2,9.337918735,12.2352916,10.47,19.7,14.45,10.55,16.5,4.09,13.21,17.87,11.65,15.37,10.87
42.89729144,20.89,35.32,23.33,13.65,9.161311229,12.32650291,18.42,23.32,25.1,11.24,19.41,4.41,14.22,18.01,23.48,23.85,14.78
43.25345982,17.7,56.4,17.93,19.43,8.984703722,12.41771422,6.52,23.22,22.06,7.54,22.93,4.088528519,20.79,14.37,19.06,21.15,17.9
43.60962819,20.03,24.83,17.32,17.53,8.808096216,12.50892553,9.04,22.31,21.9,7.49,29.34,3.892402554,24.63,17.99,21.76,19.5,21.27
43.96579657,20.82,26.14,18.68,7.8,8.631488709,12.60013684,11.81,20.47,23.76,8.11,37.02,3.696276588,24.75,18.42,17.15,24.56,14.09
44.32196494,20.62,27.64,20.97,13.84,8.454881202,12.69134815,13.82,34.43,16.92,6.94,38.09,3.500150623,27.81,20.6,26.13,69.15,19.37
44.67813332,14.46,27.93,12.41,6.48,8.278273696,12.78255946,5.27,15.07,15.8,5.71,16.23,2.68,15.95,14.03,22.14,25.88,7.57
45.03430169,10.07,29.94,10.75,6.66,8.101666189,14.31,2.53,15.35,16.18,6.56,10.69,5.11,10.14,9.74,16.32,13.35,7.42
45.39047007,7.73,40.67951445,9.87,5.48,6.77,9.43,3.9,11.88,13.94,25.29,15.14,7.51,9.46,8.88,6,8.24,6.25
45.74663844,8.2,64.83,10.45,8.75,13.26,13.96,4.48,13.38,13.93,44.2,11.7,2.15,10.98,9.98,5.59,11.45,7.96
46.10280681,8.35,11.98,11.95,7.55,11.74,10.87,4.1,11.65,13.92,4.7,11.56,2.96,9.38,10,11.75,9.48,6.63
46.45897519,9.73,13.48,9.77,7.83,10.62,12.5,4.42,13.21,13.5,4.75,13.79,3.96,15.94,10.22,6.43,11.32,6.28
46.81514356,9.42,10.09,10.83,10.61,14.7,10.89,3.66,15.73,14.76,7.32,12.84,4.45,11.35,8.31,7.77,12.8,7.8
47.17131194,16.05,19.51,15.89,13.23,17.34,23.01,8.4,21.75,19.54,5.71,21.29,7.6,16.44,13.53,17.28,20.2,14.69
47.52748031,18.35,31.5,18.93,14.46,18.2,25.98,12.11,22.95,22.2,7.04,30.44,7.24,22.62,20.21,25.36,11.74,17.34
47.88364869,15.51,21.66,17.03,13.17,21.53,30.98,10.39,21.03,18.63,7.31,31.74,5.86,19.33,17.88,17.61,10.06,14.83
48.23981706,16.5,25.4,20.65,14.37,20.93,22.27,10.3,24.05,18.51,7.29,25.92,5.04,21.67,19.1,17.3,20.37,22
48.59598544,16.57,34.92,20.24,12.04,24.37,29.1,17.1,26.79,22.52,4.69,47.94,9.54,28.84,21.11,14.08,17.16,17.76
48.95215381,12.48,22.12,13.95,8.33,11.79,20.37,8.29,13.74,20.54,2.8,40,3.72,16.01,12.76,9.95,9.97,10.48
49.30832219,13.75,22.46,12.38,6.928450612,15.71,24.83,8.04,12.62,19.32190879,2.72,40,5.746326126,13.57,17.12421231,16.54,10.04,8.8
49.66449056,11.98,34.11,20.59,2.5,26.29,19.26,18.65,16.58,18.31804987,4.01,41.93,6.525832022,21.62,19.26955607,24.84,14.79,9.28
50.02065893,11.19,45.85,26.49,11.61,44.41,22.4,31.74,23.78,17.31419094,4.32,30.92,7.305337919,18.07,21.41489982,34.27,18.02,12.23
50.37682731,15.72,58.83,27.33,20,40.53,24.12,18.83,29.94,16.31033202,16.83,29.82,8.084843816,25.02,23.56024357,27.48,28.19,26.57
50.73299568,25,56.51,30.81,21.57,43.24,32.5,15.93,38.72,15.3064731,10.36736167,30.53,8.864349712,23.84,25.70558733,35.53,27.92,21.68
51.08916406,31.38,56.81,30.59,22.15,44.6,34.65,29.32,35.25,14.30261418,7.05,25.7732073,9.643855609,31.63,29.5,31.92,27.17,23.36
51.44533243,23.48,49.86,28.88,21.56,41.43,29.07,22.27,32.97,13.29875526,5.96,21.67,10.42336151,23.8,26.43,30.23,52.26,20.94
51.80150081,9.96,31.38,20.21,7.35,33.72,12.9,10.96,19.6,12.29489633,3.31,17.97,8.11,11.31,14.64,16.97,7.47,7.05
52.15766918,15.74,38.1,23.47,13.22,30.3,17.1,19.46,16.79,11.29103741,5.44,18.96,17.8,14.99,22,20.39,14.82,13.09
52.51383756,22.56,44.13,31.58,21.17,38.43,26.8,29.84,26.72,8.5,32.74,28.21,52.16,22.15,29.34,27.64,22.61,20.07
52.87000593,29.29,35.71,24.75,18.87,33.65,27.03,24.34,20.85,14.96,30.28,26.45,23.77,24.44,23.95,24.69,97.21,18.4
53.22617431,16.85,35.38,17.84,10.5,27.56,17.25,14.52,24.94,5.42,25.64,21.45,21.33124303,17.97,19.36,20.07,114.74,12.05
53.58234268,23.54,31.94,17.41,14.17,12.3,24.54,17.52,23.28,14.48,23.57,25.54,15.95598935,10.24,18.5,22.54,296.14,17.75
53.93851105,18.96,18.28,10.92,8.35,7.57,16.3,5.98,10.27,7.24,14.27,18.8,5.21,13.21,8.86,10.17,203.76,10
54.29467943,15.52,18.25,14.15,7.85,18.33,18.57,8.47,21.63,13.53,17.96,20.71,21.04262165,13,13.85,10.5,77.68,9.54
54.6508478,17.44,36.02,24.68,18.86,25.74,19.1,21.47,24.01,9.47,28.21,33.55,35.95,22.06,22.15,17.57,47.33,21.53
55.00701618,23.62,42.82,27.7,17.71,32.35,25.14,19.57,27.64,19.82,35.18,27.02,27.81,23.02,25.23,21.89,24.96,19.03
55.36318455,17.25,32.89,26.3,30.34,24.86,28.1,18.47,30.27,9.33,25.1,29.18,24.94,23.22,21.76,21.17,29.32,30.37
55.71935293,21.84,38.33,29.15,43.93,30.33,21.97,28.19,41.3,5.87,42.52,27.85,48.58,38.39,31.15,23.64,28.81,37.02
56.0755213,22.32,39.7,24.82,36.41,29.5,25.89,15.15,34.52,9.33,36.16,32.19,38.25763862,31.12,34.15,21.67,18.91,33.38
56.43168968,22.07,40.72,31.13,41.67,44.51,28.86,16.46,45.87,5.35,33.92,35.83,33.91705769,30.17,46.85,16.78,39.41,32.3
56.78785805,30.74,53.84,37.11,40.12,55.94,29.96,19.22,46.83,12.21,114.32,34.41,29.57647676,34.92,54,21.73996525,43.69,39.85
57.14402643,32.5,48.98,32.3,38.48,39.61,34.82,27.75,43.69,11.14,35.3,39.53,24.45,27.76,42.93,25.04,40.01,37.99
57.5001948,35.83,40.79,26.2,15.4,28.37,42.46,22.36,30.25,9.52,26.83,37.21,22.61,35.69,32.24,25.88,34.05,19.93
57.85636317,32.28,35.71,27.64,24.02,30.26,38.35,17.75,32.72,4.37,11.67,34.38,22.96699366,33.08,30,23.3,34.02,21.25
58.21253155,34.77,46.28,40.85,25.88,47.34,39.9,32.84,46.26,7.63,11.88,45.97,17.68,44.91,48.33,37.4,45.52,27.02
58.56869992,35.55,54.39,44.27,40.69,46.96,54.32,36.63,50.84,14.47,34.81,44.01,43.24,44.71,40.54,44.12,52.82,40.7
58.9248683,44.22,49.51,42.59,32.76,33.39,45.08,39.6,39.83,5.77,43.42,44.26,28.05,47.33,39.43,34.87,49.57,39.3
59.28103667,46.98,80.92,56.94,52.15,68.6,70.57,41.19,53.19,15.73,70.19,56.33,47.75,54.51,60.81,55,61.77,56.04
59.63720505,41.75,103.6,70.7,74.62,87.4,71.98,40.06,52.9,12.17,100.51,53.64,68.72,72.2,73.19,50.71,80.3,86.91
59.99337342,58.1,175.19,127.06,83.81,136.26,122.68,84.93,75.65,13.22,146.2,113.66,153.23,98.88,112.03,49.23,119.23,115
60.3495418,42.02,101.33,70.62,71.62,91.31,77.41,45.36,64.09,12.5,119.76,80.7,94.23,73.36,78.86,49.87,102.49,83.47
60.70571017,46.24,93.66,68.78,72.09,99.84,83.6,60.62,58.62,13.69,121.32,73.24,103.06,79.97,84.57,58.1,82.62,87.88
61.06187855,46.26,90.76,59.48,59.22,69.23,67.08,72.5,54.2,12.58,101.07,68.3,101.09,51.46,68.49,51.1,76.96,61.82
61.41804692,44.77,88.98,52.62,57.33,77.09,54.07,57.4,60.43,12.38,106.62,72.94,98.42,58.41,72.34,50.16,62.36,55.8
61.77421529,46.62,66.57,40.81,47.15,72.1,49.74,37.63,51.59,18.95,88.89,57.85,82.13,53.5,53.63,41.66,47.23,45.62
62.13038367,45.78,76.95,51.31,58.07,75.06,56.63,60.1,51.84,20.78355959,105.55,75.87,81.79,51.15,57.22,49.14,52.75,58.81
62.48655204,68.05,97.34,60.26,65.2,86.72,70.97,66.49,60.04,23.42747916,116.12,67.7,66.43,69.38,84.99,68.03,74.59,69.31
62.84272042,76.78,94.2,58.41,62.97,84.79,76.85,63.65,75.43,30.22,101.39,79.84,67.18,74.14,85.08,66.19,74.28,68.42
63.19888879,52.32,93.9,49.64,61.7,82.18,56.3,64.24,66.86,21.98,87.59,77.93,76.02,63.24,71.6,63.99,72.38,62.59
63.55505717,50.18,93.3,47.13,63.97,89.4,57.99,62.4,65.13,17.75,115.7,59.4,80.84,52.67,67.92,62.34,66.1,59.6
63.91122554,47.95,91.7,45.83,60.91,85.63,63.12,55.77,56.51,16.75,110.18,62.86,81.56,58,84.29,50.4,64.79,57.08
64.26739392,41.61,124.05,57.21,66.25,88.86,56.02,44.62,53.14383616,34.37,86.67,65,83.41273239,63.56,88.31,54.31,80.47,65.93
64.62356229,45.97,104.36,60.51,79.12,89.76,56.61,66.93,71.58,21.36,115,67.11,85.22511863,23.18,87.75,56.82,80.24,64.7
64.97973067,56,115.21,62.4,106.02,100.24,67.89,45.56,30.25,21.1,119.37,79.12,87.03750488,57.65,106.87,67.73,85.66,74.14
65.33589904,65.64,119.58,67.92,100.0496986,106.01,80.25,71.86,33.69,43.09,139.24,88.8,88.84989112,84.13,94.65,72.46,104.17,77.16
65.69206741,66.89,107.29,57.45,100.0652278,89.52,71.8,68.76,28.15,36.05,315.45,79.8,90.66227737,73.52,82.61,68.68,88.04,72.33
66.04823579,69.62,56,44.91,100.0807571,95.26,67.58,67.47,24.93,31.16,175.451287,61.69,92.47466361,70.28,71.82,72.1,68.41,60.48
66.40440416,80.59,69.17,50.04,100.0962863,94.35,79.63,68.97,25.73,44.45,70.9,68.14,94.6,76.78,72.55,74.4,91.43,57.33
66.76057254,88.64,76.38,52.48,100.1118155,87.24,78.04,53.37,26.31,44.07,93.39,77.19,95.17661371,78.54,62.6,81.68,86.36,60.53
67.11674091,105.78,92.1,67.43,100.1273447,106.13,93.94,95.41,40.03,54.61,98.78,96.74,93.52,97.51,90.21,85.23,112.33,74.66
67.47290929,89.56,89.27,79.58,100.142874,116.95,92.67,91.9,44,54.07,112.89,86.68,110.03,105.16,119.74,74.2,84.83709514,90.4
67.82907766,74.69,88.39,64.57,100.1584032,105.6,77.44,85.11,38.74,45.89,88.69,79.4801912,98.58,86.51,96.79,69.63,87.16,71.43
68.18524604,71.22,76.66,52.29,100.1739324,83.48,59.77,88.97,23.48,41.23,208.29,76.15,82.47,70.88,84.57,57.6,75.67,59.51
68.54141441,43.47,47.26,33.47,100.1894616,76.24,38.56,64.65,14.02,35.85,76.93,49.78,60.1,46.44,62.16,37.77,53.25,37.54
68.89758279,55.94,77.44,39.2,100.2049909,94.04,44.64,57.73,17.26,19.9,119.77,59.01,70,55.79,78.94,53.81,60.68,46.15
69.25375116,52.73,76.43,38.38,100.2205201,80.58,38.53,51.36,15.88,21.5,89.86,62.76,90.79,54.2,70.46,57.81,60.68,48.73
69.60991953,63.6,81.59,42.52,100.2360493,92.83,51.55,80.89,19.27,25.21,74.74,73.49,51.12,65.05,67.84,74.97,64.29,47.37
69.96608791,80.62,111.11,58.75,100.2515785,117.63,77.43,88.18,27.85,66.38,144.91,113.71,79.93,82.98,95.06,72.8,87.84,61.59
70.32225628,85.75,117.56,65.12,100.2671078,138.1,79.55,87.46,28.75,77.23,93.6,102.78,92.63,83.92,101.41,78.33,108.8,69.35
70.67842466,89.5,139.4,76.77,100.282637,127.64,88.03513764,87.38,37.78,76.31,70.12,126.06,134.46,98.68,119.18,82.62,117.5,72.8
71.03459303,98.36,112.5,76.4,100.2981662,137.26,106.61,104.45,42.97,82.16,57.66,144.01,168.54,106.58,115.83,84.8436799,117.9,84.94
71.39076141,112.57,103.34,83.18,100.3136954,147.15,105.7,107.14,51.35,98.26,36.04,143.97,115.01,117.43,136.72,92.48,129.76,88.88
71.74692978,104.14,104.89,75.3,100.3292247,133.67,99.92,101.05,50.65,87.26,46.44,118.22,118.37,107.13,118.88,87.08,107.1405611,85.49
72.10309816,50,58.44,55.88,100.3447539,94.18,52.54,82.84,39.73,42.45,23.01,70.17,82.93,63.15,102.35,43.25,105.776667,61.72
72.45926653,60.36,74.68,61.92,100.3602831,111.8,71.1,58.44,40.71,47.18,23.49,94.28,84.91,68.96,97.23,66.02,104.412773,52.95
72.81543491,80.41,91.06,69.28,100.3758123,133.81,84.02,92.86,48.21,79.39,34.23,111.77,108.37,95.71,133.67,71.01,103.0488789,78.1
73.17160328,101.31,113.44,87.74,100.3913415,143.3,100.84,163.13,94.19,90.13,21.31,113.17,87.53,120.16,142.26,76.78,101.6849849,74.68
73.52777165,96.82,92.94,75,100.4068708,131.2,98.02,115.06,52.05,85.56,30.55,121.53,109.41,109.63,80.03,97.92,100.3210908,78.07
73.88394003,93.6,85.21,75.18,100.4224,133.94,92.28,100.32,104.77,79.22,107.2,129.16,182.91,105.54,128.12,73.26,98.95719679,77.52
74.2401084,103.1,94,80.23,100.4379292,145.81,106.63,86.32,60.95,105.86,218.11,127.78,280.61,120.02,118.55,80.20743377,97.59330275,87.3
74.59627678,146.01,97.53,91.02,100.4534584,153.04,132.41,126.6,65.32,107.21,194.18,133.61,171.98,136.15,137.32,81.78342298,96.22940871,86.71
74.95244515,146,131.72,88.33,100.4689877,183.16,139.41,106.54,67.15,116.53,238.85,145.09,126.42,137.72,139.76,85,94.86551467,95
75.30861353,134.97,157.5,90.23,100.4845169,181.04,141.31,133.48,74,110.2,215.14,134.2,139.42,48.52,150.06,81.43814179,93.50162062,95.18
75.6647819,99.53,116.44,70.14,100.5000461,152.45,94.38,102.29,50.55,102.51,198.02,107.71,135.54,96.92,125.3,85.7,92.13772658,81.86
76.02095028,63.31,71.33,43.87,100.5155753,119.79,58.92,82.1,34.62,88.58369009,139.79,86.36,65.67,67.57,76.87,56.87,90.77383254,46.22
76.37711865,52.56,95.88,51.18,100.5311046,137.58,58.71,85.82,33.89,77.23500572,151.28,74.02,70.74,69.94,104.14,66.63,89.40993849,53.75
76.73328703,62.41,126.57,60.66,100.5466338,138.76,64.32,74.07,41.05,65.88632134,157.09,83.28,92.91,78.3,93.19,60.73,88.04604445,60.44
77.0894554,65.58,120.12,50.64,100.562163,116.9,62.26,79.44,43.33,54.53763696,111.29,83.47,78.99,72.73,80.59,77.22,86.68215041,50.97
77.44562377,53.82,102.61,46.83,100.5776922,126.21,51.63,69.04,30.32,43.18895258,80.31,71.57,85.69,71.75,75.8,48.56,85.31825637,41.56
77.80179215,35.29,59.44,37.85,100.5932215,93.24,38.87,36.74,27.13,22.28,59.49,58.36,60.89,45.92,53.9,53.52,83.95436232,34.89
78.15796052,37.95,65.84,39.68,100.6087507,95.6,40.81,37,41.76,34.1,27.35,58.85,34.49,49.78,58.34,54.84,82.59046828,39.34
78.5141289,42.13,78.23,45.19,100.6242799,111.15,44.21,64.85,30.35,37.56,110.95,73.69,82.55,55.44,71.07,60.2,74.32,51.37
78.87029727,47.76,82.36,48.71,100.6398091,109.99,52.95,70.12,29.39,45.85,106.43,63.27,79.65,59.98,70.28,67.45,72.19,48.83
79.22646565,52.68,87.32,44.96,100.6553384,120.73,62.19,56.79,35.16,40.89,91.29,62.5,80.34444198,54.98366654,75.45,68.53,81.14,59.10091988
79.58263402,38.36,78.79,41.57,100.6708676,102.43,36.92,72.73,45.24783628,35.8,93.16,66.76,81.86545596,47.5,67.26,43.97,62.47,68.68
79.9388024,43.58,93.1,51.43,100.6863968,133.01,40.42,71.87,54.68,43.63,123.92,70.5,83.38646995,60.02,66.85,65.2,80.18,71.17
80.29497077,63.94,114.78,59.08,100.701926,155.43,51.24,83.52,78.03,64.17,156.43,103.43,84.90748393,80.69,88.45,73.67,99.93,79.35
80.65113915,75.83,149.86,73.21,100.7174553,167.55,70.9,87.37,55.09,67.59,188.74,130.77,86.42849791,96.91,98.5,72.24,112.26,74.62
81.00730752,78.26,149.2,70.07,100.7329845,163.12,74.29,92.63,56.46,56.75,166.78,91.81,87.94951189,90.24,79.59,56.83,96.28,59.2
81.3634759,50.17,108.72,46.94,100.7485137,113.61,56.63,82.32,28.37,25.15,131.91,53.63,89.47052587,51.16,60.76,42.22,70.64,46.15
81.71964427,71.31,141.02,62.25,100.7640429,154.5,74.07,67.82,35.6,65.8,154.27,109.57,90.99153985,90.39,78.6,64.97,107.12,53.16
82.07581264,77.56,131.88,67.81,100.7795722,155.05,79.44,75.93,39.98,77.43,131.32,118.46,88.29,97.52,83.36,83.04,121.6,62.23
82.43198102,84.96,160.17,76.74,100.7951014,178.1,83.53,90.66,45.38,93.75,166.47,109.9,107.82,92.4,101.25,75.92,158.63,68.03
82.78814939,65.04,140.75,70.6,100.8106306,169.21,76.91,86.45,43.24,94.7,220.81,94.61,114.94,78.41,90.24,74.28,142.42,67.85
83.14431777,66.3,158.84,71.19,100.8261598,159.59,65.31,86.83,41.91,79.05,215.64,103.57,142.31,79.94,100.51,56.17,139.45,74.86
83.50048614,88.53,191,77.12,100.8416891,197.46,89.61,92.04,43.43,83.91,188.3412609,96.5,112.93,96.78,89.15,83.11,142.94,70.79
83.85665452,59.95,113.96,59.84,100.8572183,157.63,63.85,63.05,34.95,50.55,168.7327833,85.63,94.93,68.94,66.58,50.82,97.49,52.43
84.21282289,59.24614583,94.36215278,47.77461806,100.8727475,119.2995139,61.4844697,49.48722222,26.93010417,49.60868056,149.1243058,72.52393939,74.66510417,79.5665625,49.11854167,71.08909091,99.13041667,42.710625
84.56899127,61.5134375,111.3797917,63.24694444,100.8882767,145.1611111,74.97822917,94.46256944,32.77326389,66.40131944,119.6202083,100.9901282,85.99333333,87.73708333,72.13229167,78.29466667,112.7422222,53.01520833
84.92515964,79.52010417,115.8263194,69.78614583,100.903806,171.7561458,87.32097826,86.32184028,78.80427083,63.01530303,124.8153472,115.7303409,114.0384722,100.2830208,86.90802083,77.3853125,124.3600347,61.67958333
85.28132802,82.20989583,126.8890625,71.80694444,100.9193352,170.5858333,87.5171875,91.55208333,33.03875,51.90902778,186.7479167,103.7632971,95.71509804,100.960625,77.11322917,73.93559524,115.5369444,55.9034375
85.63749639,100.8221875,142.2871181,77.28862319,100.9348644,164.1537986,99.085625,102.0877778,34.64760417,87.45993056,161.6419444,154.5944118,118.139375,120.16625,81.22695652,96.5990625,139.4839583,69.41802083
85.99366476,89.47086957,132.0589236,72.23565972,100.9503936,159.4967552,88.4625,111.2978819,32.27927083,87.70552083,230.7834804,122.3835764,154.8027778,109.2167708,81.81354167,71.4653125,130.8805556,65.249375
86.34983314,84.73604167,130.8882639,67.41677083,100.9659229,154.8397118,87.38489583,96.25100694,47.30875,70.96079861,127.1712302,114.7685069,153.3326786,104.0926042,74.21291667,82.21333333,121.8637153,66.90770833
86.70600151,72.09291667,101.98875,52.62253472,100.9814521,150.1826684,73.93270833,66.58711806,25.968125,57.37520833,124.8091667,79.04044118,112.545546,83.95069444,63.2,62.77426471,100.0376042,59.4078125
87.06216989,43.04427083,71.26204861,35.23068182,100.9969813,145.5256249,49.75510417,70.84486111,18.38208333,25.98923611,98.51612319,57.77820175,64.93236111,46.76454861,49.01697917,56.78054348,58.7232971,34.62822917
87.41833826,50.57229167,85.445,49.30515873,101.0125105,135.9976042,61.76125,80.679375,21.07488095,43.14055556,120.8958712,84.19710526,79.39194444,60.50714286,67.55760417,64.88130952,53.39568182,50.2946875
87.77450664,66.82822917,135.0261111,67.59398551,101.0280398,161.1193056,78.90260417,91.75472222,31.5740625,66.34586806,157.5549242,106.6589286,223.5543056,90.17826389,115.9780208,70.04809524,102.2653571,61.0290625
88.13067501,52.55572917,116.6335417,41.755,101.043569,136.5264583,60.20072917,74.6046875,26.35645833,39.11072917,162.1807639,68.18286458,101.4801894,59.20590278,92.21352273,52.15078125,62.47514706,46.47423913
88.48684339,28.12989583,117.5125694,57.63986111,101.0590982,155.0009722,70.95945652,97.10298611,24.93989583,6.867569444,188.2680208,28.89833333,104.3872549,51.32177083,70.71125,52.461875,45.86055556,60.2140625
88.84301176,37.49958333,158.628125,64.60461806,101.0746274,173.9826389,80.9671875,101.2358681,24.53145833,17.02857639,207.4211806,78.77388889,111.7727922,65.62520833,82.79114583,54.95804348,61.53681159,59.631875
89.19918014,62.95833333,151.3033681,67.69541667,101.0901566,169.7763542,79.00944444,79.57826087,32.68645833,49.30420139,163.8351736,105.885614,114.8665504,90.4990625,101.2969792,73.64884921,100.9852431,53.5878125
89.55534851,76.79166667,135.9701389,73.295625,101.1056859,186.6212847,92.76204861,96.06875,49.42268116,58.92503623,170.5625,128.91975,113.7916667,99.04,116.4348958,79.194625,106.5873958,63.7946875
89.91151688,79.97875,151.6763889,86.26128472,101.1212151,201.1869444,98.78791667,111.4030208,62.12479167,80.53239583,216.1974653,134.025,131.506875,109.5734375,136.6534375,79.18805556,126.513125,66.45291667
90.26768526,90.1328125,167.2101736,87.64958333,101.1367443,198.5965972,103.5278125,129.6965972,38.3234375,96.82163194,198.4318116,141.4576316,165.8094444,115.9859375,140.4725694,80.18708333,165.4866667,97.62572917
90.62385363,69.528125,145.1846875,90.251,106.6736111,210.1340278,90.0565625,103.9735417,39.5425,99.28309028,164.8874275,139.3480263,141.5526042,105.6976042,163.4547917,71.74125,150.7171875,67.96729167
90.98002201,54.76541667,132.7220139,62.50791667,82.384625,185.4218403,72.60444444,89.82545139,31.54166667,66.23190972,163.5369444,111.434375,124.303125,79.59604167,110.4465625,51.24346154,104.2814931,50.53246377
91.33619038,55.5209375,106.4838542,51.085625,70.62833333,160.4032292,63.6071875,82.47954861,37.42444444,46.33694444,151.9311458,91.83652778,107.3635417,68.03875,81.97552083,65.61390625,71.74881944,38.14010417
91.69235876,52.99479167,99.07322917,45.54552083,51.543625,132.1630903,62.41947917,69.92565972,20.248125,30.81708333,97.8853125,64.86092593,83.41690972,55.68385417,60.88239583,47.1878125,58.50586806,32.8925
92.04852713,60.541875,106.3195833,50.43104167,61.29885417,145.4913194,63.73854167,87.36274306,22.920625,40.89017361,93.49479167,137.2698438,111.1583681,64.37854167,77.30010417,52.294375,74.75833333,40.08927083
92.40469551,70.6903125,110.605,55.69274306,62.12034722,153.6765625,74.52802083,99.30454861,30.44413043,57.12104167,103.1619097,85.24844203,102.5234722,69.77416667,86.59388889,72.09984848,87.94451389,42.71875
86.08977273,92.38083333,118.5330556,63.61173611,74.911875,163.1261111,95.44041667,114.3595486,31.23864583,57.19472222,114.8862153,94.545625,103.8662153,90.23427083,91.04010417,82.18023148,99.74361111,47.5523913
127.3124653,117.0870833,141.3017708,79.22552083,92.9159375,189.1024306,119.5853125,92.73336806,32.07260417,74.36614583,129.4208681,117.74125,108.3339236,114.7853125,104.6530208,84.95761111,118.4407292,54.48
119.4628125,106.2490625,158.8326042,81.75125,96.87697917,195.9564931,109.314,92.47604167,37.2471875,75.60309028,166.1629514,113.83075,141.8949603,108.2309375,120.5288542,83.37653846,130.2449537,64.93489583
86.199375,64.60729167,141.0655903,40.31,75.09927083,161.9760764,96.15423611,81.9565625,36.48760417,71.40329861,133.8501042,97.45083333,114.9757639,98.71322917,109.6113542,75.87839286,83.87797619,50.26293478
89.12451389,78.74479167,109.9420486,49.39208333,63.626875,123.7417361,93.39354167,80.789375,23.65069444,53.66458333,69.35670139,100.808125,96.800625,86.35385417,66.12729167,79.83964286,95.10864583,39.63625
85.85402778,78.26770833,94.78986111,49.74913194,67.4503125,133.8042014,90.59583333,117.0891319,29.89618056,50.44559028,185.0635714,80.15590278,87.67631944,77.48052083,66.31173913,75.00390152,84.92611111,38.9571875
105.8658333,106.4389583,120.2817708,62.08625,89.70777778,173.0528922,113.9594444,154.8973264,28.638125,67.65739583,110.29,99.08396825,103.6351389,101.6477174,96.7,83.20904167,115.3182609,80.25478261
98.86098485,80.77197917,117.7650347,53.04458333,77.19892857,144.7990972,86.94270833,136.6062847,32.92802083,52.44104167,249.4837349,84.90552083,103.7994792,82.21645833,82.9475,68.73166667,97.65416667,83.4009375
77.78027778,66.79010417,95.46940972,45.99597826,64.06607143,123.6482986,71.03423913,100.7606944,22.53192029,40.78729167,407.315,71.55677083,88.28569444,71.65489583,72.90708333,70.38472222,74.9396875,69.4421875
78.02197917,54.76541667,123.0103125,59.24364583,74.33329861,151.6828125,77.20697917,95.03767361,43.2509058,44.6407971,289.7354788,67.88760417,179.8766539,66.56197917,103.1136458,73.62058824,85.09758333,70.52052083
79.69524306,61.89293478,130.4286806,68.65069444,78.13141304,157.2770833,89.37052083,119.1946528,38.93715278,69.24923611,231.3896733,89.22513889,290.1302083,75.56489583,106.7395139,69.31475,81,82.13072917
79.38923611,59.98697917,154.3390625,67.29854167,90.57927083,143.2144792,85.07397727,80.91732639,58.02791667,72.00479167,173.0438679,74.936875,205.6238636,78.46479167,105.2929167,78.83328125,81,103.6739583
88.6965625,71.60572917,124.6471181,60.63447917,69.96231884,158.7477431,93.01322917,97.84399306,30.60285714,58.23371528,114.6980624,83.53517361,117.1976389,71.15627918,80.09520833,77.79555556,81,77.09885417
79.80590278,48.57052083,97.86166667,46.2815625,63.25708333,139.6103125,58.34458333,109.9924306,22.77013889,27.21451389,17.49895833,67.9153125,114.7847222,59.01903846,58.488125,52.49270833,81,49.71885417
92.74965278,73.42503472,148.0389931,74.63420139,94.0834375,177.4834028,96.82052083,118.7336111,43.20458333,61.55777778,73.73705882,99.47072917,112.3149864,89.38760417,101.1520833,72.61615079,81,97.3815625
82.47628472,54.88854167,151.0955903,72.9609375,108.039881,169.9891319,80.63552083,105.1137153,40.01572917,65.33534722,316.335,79.61875,106.4316891,77.79795455,119.8311458,71.12578947,81,88.97541667
75.36166667,55.16302083,131.9992361,60.35947917,78.47475,157.4501736,69.59770833,104.1585069,35.10020833,45.20413194,28.65598485,67.03979167,100.5483918,69.11177083,93.71041667,69.71305556,81,63.51302083
61.65756944,35.893125,100.0475,42.24989583,56.79555556,151.72625,47.4484375,76.69059028,24.31270833,25.74131944,33.73944444,60.666875,94.66509448,50.71864583,95.24166667,57.61975,81,39.78239583
79.71420139,56.78875,126.6175694,51.03149306,67.57619048,154.5185708,52.4340625,59.49159722,24.34604167,31.42409722,44.465,60.19628472,88.78179717,52.8678125,92.255,40.88197917,78.66283782,57.15854167
60.25930556,39.90147727,89.02010417,36.62138889,54.24666667,154.5893182,31.6565,91.03805556,13.57916667,23.81256944,75.93011905,50.49298246,82.89849986,41.945625,61.22677083,42.07385417,77.78312905,45.07625
68.08680556,36.7190625,124.9663194,55.55902778,80.39217391,161.0459028,49.52253344,97.01777778,22.498125,39.09111111,31.18805556,66.10895845,77.01520255,52.63916667,89.51864583,58.48261364,76.90342027,67.2375
78.72052083,48.28083333,130.4852778,63.67166667,97.96416667,161.71875,54.20874247,119.4222917,33.728125,66.6340625,38.18815476,81.13691176,56.24989583,67.6040625,109.6591667,68.41761905,76.02371149,89.359375
54.30069444,37.43604167,123.4769097,59.26041667,85.5015625,179.7602431,58.8949515,104.5205556,25.8184375,71.20840278,56.66570615,71.54940972,114.9475,68.605,127.731,65.44053922,75.14400272,84.96771739
73.91322917,38.386875,101.4279167,74.64086806,97.53989583,175.7420139,63.58116054,105.7574306,33.96614583,49.30208333,70.70265439,85.96239583,138.5085764,63.51214286,68.91839286,57.16763158,74.26429394,90.22684783
68.96215278,37.33291667,82.36336806,60.84697917,83.299375,153.6881944,68.26736957,79.95368056,29.24350694,42.59652778,84.73960263,66.98041667,122.2992014,51.88729167,144.8433333,55.41022727,73.38458517,91.12260417
84.37257246,54.5290625,97.17892361,68.60402778,88.30104167,151.6791319,72.95357861,68.77909722,31.32083333,60.10534722,98.77655086,63.08131944,148.7884722,62.37114583,105.9943716,63.83494792,72.50487639,84.15072917
82.45496528,63.50055556,95.27982639,67.9496875,72.36878472,150.4455903,77.63978764,91.16822917,31.86395833,70.00024306,112.8134991,85.30260417,70.48458333,76.44875,85.98045381,72.67931818,71.62516761,74.08083333
74.01361111,31.28428571,69.94579861,63.33875,85.28506944,152.9999653,82.32599667,95.96784722,33.98854167,55.25875,126.8504473,82.77604167,91.00513889,73.43333333,55.69777778,42.58715278,70.74545884,80.73802083
57.83305556,37.46958333,80.88048611,41.31666667,45.72097222,117.6148958,87.01220571,65.60913194,26.834375,18.10208333,140.8873956,69.305,68.79458333,42.4984375,71.28614583,50.12583333,69.86575006,39.901875
80.62892361,53.66510417,59.40760417,63.99263889,74.94625,162.4260764,91.69841474,120.3969444,37.49166667,47.06434028,174.75,83.66170455,94.77916667,70.8203125,107.3980303,68.771,68.98604128,66.1621875
105.7875694,78.3346875,106.685625,71.60875,71.47350877,181.8086458,96.38462377,116.4728472,38.5075,63.35180556,97.89716667,87.55145833,96.97736111,74.2140625,123.8025,68.66552632,68.10633251,78.58347826
97.47354167,66.88041667,93.98715278,64.69010417,70.42427083,175.236875,101.0708328,168.0823611,37.20895833,56.57059087,124.1025694,80.41020833,83.13131944,66.01697917,108.0922917,73.46826087,67.22662373,67.48208333
103.7284722,72.943125,43.10381944,70.67010417,81.74854167,161.6484028,105.7570418,97.7221875,40.204375,56.56904631,154.4802083,83.0778125,103.4124306,76.7565625,108.5573958,69.09114583,66.34691496,86.255
96.57298611,57.3996875,40.01319444,62.635625,74.71440972,154.9413542,110.4432509,101.4154167,30.02416667,56.56750176,141.5060069,74.03597826,86.69052083,66.87145833,93.9375,58.7425,65.46720618,68.81729167
74.5265625,52.511875,42.02128472,60.67010417,64.92576087,161.6306597,115.1294599,90.7028125,37.36848958,56.5659572,139.5738889,82.17239583,73.51020833,67.92729167,99.35125,63.96369048,64.5874974,56.80072917
68.16996528,52.01697917,39.5159375,63.51513889,74.000625,169.7811458,119.8156689,117.7273264,30.09614583,56.56441265,83.73475694,82.68604167,88.46395833,63.84083333,101.6120833,70.51333333,63.70778863,64.06333333
101.0371181,80.57572917,109.188125,80.12427083,97.99645833,180.3897569,124.501878,91.67034722,35.46,56.56286809,99.81434028,95.97104167,100.7513194,89.254375,136.5021739,84.54826389,62.82807985,102.8052083
105.7914931,90.05260417,90.40399659,95.6778125,96.99615385,209.3052778,129.188087,129.3412153,51.94916667,56.56132354,113.571875,114.7851042,122.0019792,106.454375,179.3073958,91.37,61.94837108,118.8514583
112.4863194,89.89479167,89.00651112,100.85625,126.3040686,210.1390972,156.1333333,108.2620486,55.80961806,56.55977898,111.4608333,143.347381,111.3584028,134.3128125,171.5815625,80.62266667,61.0686623,120.6478125
112.7972222,99.84822917,87.60902565,95.36895833,134.7964583,226.1436111,135.869375,103.8323958,45.14274306,56.55823443,127.1404514,117.8619444,125.8341319,134.394375,154.8079167,94.11166667,60.18895352,118.6832292
92.82482639,72.59989583,86.21154018,72.50916667,102.6904167,163.6142361,89.50427083,118.0160069,37.15739583,56.55668987,107.5176736,103.6222917,118.0550347,96.98072917,118.1741667,60.50616667,59.30924475,91.49260417
61.73534722,41.66666667,84.81405472,33.36822917,44.41020833,95.47600694,48.80645833,51.45899306,21.45291667,56.55514532,48.97934028,56.54083333,47.78861111,51.9646875,53.51739583,46.61125,58.42953597,41.81708333
79.21211806,47.0484375,83.41656925,41.31322917,61.61113026,109.9981597,70.98649306,65.88059028,34.43104167,56.55360076,55.89038194,59.45,57.8696875,64.06322917,67.485625,62.58220238,57.54982719,52.60395833
77.47545139,40.33927083,82.01908378,39.59583333,65.00940455,123.7065625,63.49815217,115.1357639,16.59388889,56.55205621,61.43760417,52.4753125,76.66552083,63.78104167,78.85565217,54.6956746,56.67011842,56.688125
66.64798611,37.066875,80.62159831,34.44052083,68.40767884,119.6917014,60.17780303,84.14274306,15.6234375,56.55051165,47.16090278,43.73864583,65.61256944,56.331875,70.599375,33.45239583,55.79040964,39.08739583
79.87375,43.83395833,79.22411284,49.99354167,67.0775,143.4748264,66.723125,84.2990625,26.50052083,56.5489671,71.14493056,68.12041667,98.30899306,68.3846875,125.0196875,56.25369565,54.91070087,63.74947917
82.78597222,61.2446875,77.82662738,60.21451389,92.96992424,156.4746528,88.19458333,71.82100694,31.99145833,56.54742254,78.55277778,82.86802083,106.445,87.5396875,131.6635417,72.24931818,54.03099209,78.79052083
82.005,65.68177083,76.42914191,66.61770833,106.5409848,152.51375,108.8542361,86.61180556,33.680625,56.54587799,107.8215972,95.24010417,97.33048611,108.2079167,119.0836458,84.53305556,53.15128331,91.99177083
62.76291667,63.64270833,75.03165644,60.12010417,90.2098913,147.8201736,80.72027778,73.21829861,31.74854167,56.54433343,92.63149306,83.43358696,94.09444444,93.79354167,95.524375,58.43376984,52.27157454,76.71395833
73.14052083,59.50802083,73.63417097,50.28858696,56.96888889,126.8042708,76.96833333,74.78690972,26.9384375,56.54278888,76.08364583,92.89375,78.1971716,79.11003472,82.375,73.140375,51.39186576,50.8
68.92774306,61.56552083,72.2366855,38.67041667,61.08934783,89.86201389,70.22229167,56.95020833,19.725,56.54124432,62.99354167,72.86204545,64.90529208,66.06479167,53.73295455,64.1197619,50.51215699,42.4946875
53.66253472,47.99916667,70.83920004,37.22760417,55.13229167,91.00128472,54.99517361,48.83809028,19.2071875,56.53969977,43.37222222,66.99511364,47.185,63.01895833,56.13215278,55.95635417,49.63244821,39.77364583
57.81673611,45.05010417,89.01316667,36.12451389,41.925,99.17767361,54.41861111,48.99131944,17.40270833,56.53815521,54.19236111,73.24191176,52.27559028,56.58364583,50.1234375,41.78618421,48.75273943,36.5265625
42.4665625,26.2175,7.7653125,25.35267361,33.94012039,66.11861111,33.7121875,30.09902778,12.77024306,56.53661066,46.68302083,35.49589286,43.2709375,33.63119048,35.9671875,35.82713768,47.87303066,25.46302083
34.76649306,21.48197917,5.971840278,20.7184375,23.96714286,63.41277778,23.93520833,27,11.67229167,56.5350661,41.86364583,31.216875,68.44767361,24.21942308,25.02979167,21.6448913,46.99332188,19.2321875
29.60125,23.39875,8.199444444,19.28121528,18.99767361,37.39486842,24.14197917,20.11020833,11.72152778,56.53352155,11.40690476,35.70833333,51.46104167,26.46520833,32.49243056,39.26469697,46.1136131,19.160625
27.19177083,14.25479167,7.473923611,27.655625,19.32895833,45.79148106,21.20597222,23.25152778,11.99732639,56.53197699,17.18715278,39.32288194,37.33458333,27.7096875,31.485,27.62177191,45.23390433,18.51385417
24.02885417,12.30260417,5.935243056,19.77805556,24.8653125,48.61689395,13.83909722,27.66954545,9.806840278,56.53043244,19.26621528,28.4159375,65.85024306,21.09916667,18.44666667,17.38609375,44.35419555,16.509375
26.75753472,10.56916667,34.53902174,23.00605263,24.43484708,51.44230684,17.1696875,31.345,9.483026316,56.52888788,28.79201389,27.82864583,23.57847826,21.63695833,32.11604167,24.3765,43.47448678,18.49395833
30.79305556,14.21739583,27.33504908,21.68725694,24.94486941,51.08961538,31.29677083,40.01909722,9.717152778,56.52734333,31.42402778,25.78243056,46.75385417,18.35822917,27.90958333,24.92833333,42.594778,22.8646875
38.9909375,15.98510417,25.74240741,26.29170139,25.45489174,71.99326389,27.95229167,36.37100694,10.56104167,56.52579877,28.81381944,32.1234375,50.0065625,25.36822917,32.8309375,34.77145833,41.71506922,23.95364583
46.14225,19.85385417,24.46854167,30.74388889,25.96491407,67.81326389,29.84850694,49.70559028,13.281875,56.52425422,38.425625,44.64940972,56.95644737,35.47538194,39.70166667,36.14833333,40.83536045,33.68552083
49.78388889,23.13052083,55.04454861,36.21194444,26.74861111,99.71413194,39.705625,60.39895833,17.73364583,56.52270966,45.69996528,50.79802083,76.595875,39.15239583,41.299375,39.74229167,39.95565167,39.55947917
47.64427083,23.0371875,41.66006944,35.6671875,26.30464286,92.80493056,40.16885417,53.77388889,26.04857639,56.52116511,43.37743056,44.69583333,77.15892857,31.53239583,42.81386364,36.88678571,39.0759429,36.15895833
38.94083333,16.78239583,33.5275,27.43569444,25.18422481,68.63180556,26.47552083,32.60729167,13.17263889,56.51962055,26.24777778,38.3121875,55.0525,29.28545139,22.68723958,29.74041667,38.19623412,23.6309375
31.34336806,14.08510417,30.34860933,22.98774306,24.88211538,54.17701389,26.64298611,35.70895833,14.71100694,56.518076,25.338125,29.23576389,54.62699529,21.89788194,23.75291667,19.90552083,37.31652534,22.22333333
39.79010417,12.82663043,24.7175,29.55107639,22.03614583,78.34875,28.75895833,53.45538194,12.2057197,56.51653144,34.83729167,36.84385417,50.78864249,28.27697917,32.3203125,30.9175,36.43681657,31.32166667
37.10065972,14.27729167,25.93538194,24.17614583,13.785625,74.68121528,22.41840278,33.93065972,11.62770833,56.51498689,25.37138889,33.97447917,46.9502897,25.36416667,26.00697917,29.05989583,35.55710779,21.13416667
36.67506944,12.99291667,18.52819444,22.16211806,18.98866667,66.74621528,18.76618056,37.66194444,10.85913043,56.51344233,23.68881944,29.38953125,43.1119369,22.84447917,23.55052083,25.22541667,34.67739902,22.4678125
34.51954861,16.39875,34.37097222,22.048125,14.27551282,64.64388889,21.08673611,30.54913194,12.53958333,56.51189778,24.71517361,33.20041667,33.24636905,21.2765,24.1009375,24.74788194,18.14272727,18.27677083
32.87111111,18.63541667,31.15038194,25.84916667,23.46402778,68.26326389,26.19989583,37.97159722,12.21072917,56.51035323,26.6953125,30.53302083,50.8521875,28.86041667,26.25828125,18.97484375,22.73495614,27.59427083
49.29017361,28.225625,47.09104167,35.4465625,38.40362319,93.95805556,41.0178125,69.69055556,22.6075,56.50880867,43.69246528,47.34443182,74.74642361,40.05802083,40.51,31.78020833,36.68720833,39.14197917
59.70486111,38.30104167,69.38072917,48.5653125,44.89184783,113.4741176,61.79607639,85.20482639,25.95909722,56.50726412,53.38826389,65.06854167,100.6780556,52.70510417,45.29802886,35.86532609,44.45208333,51.60489583
60.74708333,46.66927083,73.59295139,64.88729167,61.5782197,106.1290699,64.61552083,76.45357639,29.96881944,56.50571956,50.093125,82.40826389,87.84472222,64.30777778,51.51645025,67.89355263,64.73850694,60.20125
9.132881944,42.383125,66.32892361,48.82239583,124.2760417,103.6794893,54.51706522,56.26784722,26.72965278,56.50417501,50.81826389,69.46739583,92.68982639,59.06739583,61.17444444,64.76964286,63.14152778,64.1609375
10.60725694,39.54947917,56.99072917,47.58478261,56.21325397,101.2299088,52.92895833,80.20402778,27.35912281,56.50263045,53.83206522,67.64979167,91.52104167,59.87003472,54.96368056,48.15,50.99125,49.63510417
28.10630435,35.87489583,52.00371528,36.03510417,33.77659091,98.78032825,42.63880435,58.65520833,22.94795139,56.5010859,34.99947917,56.7678125,55.54479167,47.49104167,43.28238636,36.03148551,32.66525,31.34541667
45.06954861,34.4875,56.57100694,37.71493056,57.97202899,96.33074771,48.30114583,96.52774306,21.26149306,56.49954134,39.98753472,52.185,63.29288194,43.73361111,44.70197917,36.12229167,40.61908943,33.82822917
40.59482639,37.23020833,50.78013889,45.25260417,69.0895614,93.88116718,52.10677083,59.31104167,29.80114583,56.49799679,41.2290625,58.4021875,63.67756944,45.35138889,51.96934783,42.21863636,50.65158333,33.28020833
43.77090278,35.2096875,34.39576389,35.21333333,26.86559524,91.43158664,39.75743056,51.16222222,24.67847826,56.49645223,41.84090278,50.39704861,51.99352564,38.27979167,36.614375,32.66837302,32.44430556,31.03541667
27.80083333,21.96916667,36.70763889,30.99479167,35.35217391,88.9820061,30.93510417,42.65579861,22.98333333,56.49490768,37.6671875,42.08931818,53.7736969,34.68645833,32.22333333,28.96690476,27.99670139,24.84489583
37.14527778,23.07973835,34.95788194,29.05197917,20.23739583,86.53242556,25.62989583,35.43388889,16.01625,56.49336312,38.85840278,32.85565972,53.24701493,27.65568182,28.59697917,34.78545455,24.01239583,21.63520833
28.95538194,21.75916667,34.15895833,27.0753125,23.21163194,84.08284503,28.72345833,46.26079861,18.41666667,56.49181857,49.04260417,39.77444444,52.72033297,34.40044118,30.29708333,24.34920455,25.32680556,23.85177083
38.66996528,31.08854167,42.81524306,35.88375,36.02456522,81.63326449,51.15625,68.86568841,23.62135417,56.49027401,43.10416667,40.71076389,52.193651,36.81197917,41.51822917,30.26202381,40.04034722,33.39
54.59378472,44.06333333,54.25899306,43.21979167,47.77929167,79.18368395,60.49638889,82.70788194,27.75864583,56.48872946,35.57721014,54.25506944,51.66696903,48.11503472,53.0109375,46.07460784,44.52072917,39.2725
31.34611111,19.63645833,42.56663194,29.70097222,15.53544118,76.73410342,27.06784722,52.25229167,21.386875,56.4871849,30.81177083,32.90520833,51.14028706,26.8471875,25.70806818,23.2609127,25.17694444,22.29135417
22.13184028,11.90364583,34.09225694,20.48072917,16.703125,74.28452288,18.45635417,36.80017361,13.98,56.48564035,21.14743056,25.27680556,50.6136051,19.69395833,19.87479167,20.5475,15.91465278,17.62541667
17.94260417,10.30927083,30.57708333,14.28020833,17.81397727,71.83494234,16.95819444,19.53822917,15.86513889,56.48409579,19.69920139,20.98048611,50.08692313,17.08618056,14.1846875,20.88649468,16.23586806,13.62260417
19.12013889,11.57666667,29.71017361,17.73333333,19.94909722,69.3853618,15.51208333,21.41736111,14.17052083,56.48255124,20.30430556,23.25458333,49.56024116,19.52583333,19.67229167,17.381,17.748125,17.99114583
21.32555556,17.71166667,38.85635417,24.82423611,67.78619048,66.73467949,22.85052083,32.09409722,14.47354167,56.48100668,26.03902778,28.83197917,49.03355919,24.24927083,24.20395833,22.03594203,22.84809028,23.4171875
29.5615625,28.18145833,35.67927083,28.55517361,36.21493056,66.81326389,36.5815625,40.31371528,24.18267361,56.47946213,30.76204861,43.389375,48.50687722,36.13947917,33.2303125,35.37314394,32.13861111,32.649375
29.87625,26.5878125,34.36607639,24.00881944,29.91111111,55.96076389,32.67659722,35.96194444,26.48634058,56.47791757,33.17506944,34.79416667,47.98019526,30.4590625,27.3278125,25.66979167,24.97142361,28.698125
24.62475694,17.494375,40.04225694,21.53145833,28.52645833,56.66076389,25.06166667,40.04003472,43.56729167,56.47637302,25.86628472,31.50875,47.45351329,26.85826389,27.32177083,23.60677083,20.06201389,23.76940972
19.92441667,14.9025,30.84260417,16.76764493,17.09885417,53.97666667,19.56378472,30.0078125,427.019375,56.47482846,17.94100694,25.16,46.92683132,16.980625,16.34614583,18.84569444,15.68717391,15.7471875
24.07628472,16.1671875,26.15090278,15.14694444,17.36170139,52.63197917,18.77989583,21.19204861,31.50333333,56.47328391,16.98333333,29.61638889,46.40014935,18.75910048,22.06881944,31.65840909,14.03114583,19.02958333
18.39145833,14.79708333,28.19586806,15.24190972,13.95777778,47.8553125,16.781875,18.39763889,31.77840278,56.47173935,12.28010417,24.74010417,45.87346738,18.37315397,28.62068182,9,19.29847289,18.71489583
16.82149306,11.4846875,18.65225694,13.36739583,13.0890625,44.87892361,11.81517361,17.04954861,11.96041667,56.4701948,15.00743056,22.1975,45.34678542,17.73614583,14.45125,10.72625,19.46552843,14.46354167
19.07291667,12.44052083,22.59763889,14.59291667,11.831875,48.60541667,15.2525,16.92798611,39.84243056,56.46865024,14.70170139,25.1303125,44.82010345,18.063125,14.669375,16.94852273,19.63258397,15.00010417
21.48524306,13.9290625,27.19069444,17.3328125,18.360625,53.55416667,17.14809028,18.10134615,56.35114583,56.46710569,22.04291667,26.85458333,44.29342148,18.9559375,17.91239583,17.9053125,19.7996395,17.27197917
22.64020833,13.98520833,31.52006944,17.25770833,24.22725694,55.16472222,18.660625,14.15,35.43270833,56.46556113,28.88305556,29.98177083,43.76673951,23.1771875,21.35271739,17.85090909,19.96669504,20.90912037
23.718125,18.90177083,33.60229167,14.49350694,20.81257576,56.19434028,21.80138889,16.09325975,44.59594697,56.46401658,25.27503472,31.47677536,43.24005754,23.35302083,22.38791667,20.70802083,20.96083333,23.71510039
19.52263889,20.07947917,28.765,14.98171875,22.10510417,62.04283333,19.85868056,16.26192594,21.15263889,56.46247202,28.40454861,27.99458333,42.71337558,22.7871875,19.4915625,18.33566667,20.09347222,27.86
23.18204861,20.5578125,33.06618056,14.18916667,23.2496875,60.41829861,20.15013889,16.43059214,38.49674603,56.46092747,22.92795139,29.14586806,42.18669361,24.61236111,18.9521875,16.77821429,20.30309028,24.45359059
21.69690972,15.965625,40.76361111,12.69625,19.4877381,58.82878472,19.51722222,16.59925833,21.73337121,56.45938291,26.98399306,26.81236111,41.66001164,21.81405797,18.32083333,16.34660714,17.67510417,21.91208333
21.91920139,12.14569444,33.12065972,18.33465278,21.89017361,72.07916667,20.47027778,16.76792452,57.87443182,56.45783836,29.57739583,31.91871528,41.13332967,22.85184028,20.411875,19.5725,17.73833333,20.39625
27.83440972,16.54447917,46.60802083,28.23447917,27.2478125,84.96916667,25.92021739,16.93659071,46.26912698,56.4562938,44.11177083,42.76753472,40.6066477,31.59714286,28.10760417,23.35145833,23.17348485,26.57635417
31.53180556,24.1653125,46.36663194,30.02947917,44.66463768,92.84163194,32.18145833,17.10525691,148.8838158,56.45474925,35.11875,44.97680556,40.07996574,37.46111111,38.34188889,31.18608696,32.08565972,31.75072917
31.6128125,25.26239583,39.04319444,27.86711806,63.99064394,76.70159722,38.44275362,17.2739231,48.69058824,56.45320469,34.78631944,45.11520833,39.55328377,38.31052083,25.39285714,28.3009375,29.46694444,27.7378125
21.98743056,15.48822917,26.95020833,20.29769231,72.61613636,61.79564815,20.02583333,17.44258929,89.13265152,56.45166014,27.05618056,32.5003125,39.0266018,23.4059375,19.5209375,11.00019231,19.16069444,17.62427083
16.56763889,9.114166667,14.20954861,18.79569703,15.31614583,58.47200356,9.783731884,17.61125548,58.25847337,56.45011558,8.900208333,31.60209195,38.49991983,12.828125,9.800520833,10.93694444,6.488425926,9.184375
21.61107639,16.84447917,18.29125,16.26016667,29.7459058,53.16992193,20.25447917,17.77992168,39.49173077,56.44857103,28.15420139,28.609,37.97323787,19.09171296,18.205625,15.5275,21.70689394,31.16315217
21.26840278,16.2590625,20.89020833,11.99367647,52.0684058,46.53958333,16.62065972,17.94858787,69.04868056,56.44702647,15.26336806,27.33295139,37.4465559,18.83772222,17.40322917,14.73395833,16.30733333,17.224375
19.66027778,13.18385417,19.95170139,13.48076923,22.364375,47.48100694,14.26215278,18.11725406,23.66839744,56.44548192,30.09552083,22.54041667,36.91987393,16.80784722,16.34447917,12.78463768,13.64211806,14.51291667
20.59152778,9.08625,27.94239583,11.56381944,17.6740625,48.00371528,13.61322917,18.28592025,51.65508772,56.44393736,19.805,20.976875,36.39319196,15.8271875,16.26364583,12.66568627,10.72375,11.59739583
16.82885417,8.824479167,22.88715278,11.30770833,14.48974638,43.06541667,12.60690972,18.45458645,13.35619792,56.44239281,24.93493056,20.7178125,35.86650999,9.5321875,18.42208333,15.29579365,7.937569444,10.53041667
18.49871528,10.29614583,42.37079861,13.3265625,19.02923611,50.97138889,14.12965278,18.62325264,22.05962963,56.44084825,27.69618056,22.6303125,35.33982803,16.56178571,18.60166667,12.1634375,12.91663194,13.55416667
17.92645833,11.21625,34.36881944,13.87260417,45.06397727,50.75604167,12.6634375,18.79191883,12.1725,56.4393037,20.27633333,21.45760417,34.81314606,14.890625,17.03510417,13.34047101,10.56541667,12.90416667
18.07913194,10.46458333,28.81597222,13.186875,17.53864583,46.25215278,13.53791667,18.96058502,9.992604167,56.43775914,27.64636905,23.58173611,34.28646409,16.41804348,18.2903125,18.36807692,13.30036232,12.8403125
18.95454861,10.668125,28.25961806,14.57041667,38.28003472,54.70298611,14.60986111,19.12925122,9.876323529,56.43621459,35.48875,23.12211806,33.75978212,17.52746528,19.72916667,10.53616667,9.932673611,12.3025
16.86600694,10.8978125,22.18222222,13.65239583,42.54712121,41.87104167,13.64795139,19.29791741,10.55086957,56.43467003,35.0975,20.64833333,33.23310015,15.45465278,16.26322917,10.90177083,11.4719697,15.92163043
14.97517361,10.4546875,14.86653846,8.24365942,18.65791667,31.54128472,10.75229167,19.4665836,11.320875,56.43312548,17.64963768,19.86020833,32.70641819,14.5559375,11.944375,9.925694444,6.476746032,13.98119565
20.86048611,11.87375,9.235227273,12.17177536,35.72184028,34.85072917,14.66378472,19.63524979,87.71556818,56.43158092,16.85089744,20.90645833,32.17973622,16.24392361,14.58364583,28.91363636,14.72941176,15.65520833
23.85795139,12.5378125,6.3096875,10.29385417,17.675625,35.6253125,12.6403125,19.80391598,10.11702381,56.43003637,17.86921569,22.14869048,31.65305425,15.54791667,16.25729167,40.10131579,10.55739583,14.79864583
19.07684028,9.8825,9.995780789,13.84019608,49.03199275,34.39496528,13.04246528,19.97258218,8.281944444,56.42849181,12.410625,21.88397949,31.12637228,13.64236111,13.41260417,48.53552083,9.6496875,13.714375
17.79336806,10.13114583,11.87853685,14.21660714,37.44761364,41.29180556,11.39739583,20.14124837,5.627348485,56.42694726,29.55955128,20.77916667,30.59969031,15.27697917,15.4509375,16.390625,8.297395833,12.47272727
18.05965278,16.58125,13.76129291,15.89895833,60.79541667,54.86104167,15.109375,20.30991456,9.247222222,56.42540271,26.73545455,26.36336806,30.07300835,19.61293478,26.85268519,30.20920833,11.61652778,12.80253623
21.2971875,15.31739583,15.64404897,17.34666667,15.47802083,57.97659722,19.2634375,20.47858075,8.860375,56.42385815,30.41166667,26.89729167,29.54632638,21.25711806,20.74270833,18.98609375,11.01171053,15.41272727
19.53815972,9.484583333,17.52680503,16.65697917,15.37635417,50.74586806,17.026875,20.64724695,8.674126984,56.4223136,24.19180556,21.81206522,29.01964441,16.85541667,20.181875,15.97572917,13.26871528,12.35666667
17.04045139,9.263977273,19.40956109,12.78190972,14.19854167,42.686875,17.20271739,20.81591314,10.48347222,56.42076904,28.52972222,17.5640625,28.49296244,13.51510417,14.8940625,9.69047619,8.579756944,12.38479167
14.50451389,4.713913043,21.29231715,9.966145833,11.65875,27.73958333,15.61697917,20.98457933,9.898293651,56.41922449,71.97663194,14.44145833,27.96628047,9.81875,11.32902174,7.59826087,5.499507576,7.7590625
17.86326389,7.139166667,23.17507321,12.86690972,12.78572917,36.25719615,19.17923913,21.15324552,7.84452381,56.41767993,47.41704861,12.945,27.43959851,12.34354167,9.686145833,10.73083333,6.208611111,10.29489583
17.07253472,12.12625,25.05782928,14.909375,16.68333333,40.79488854,18.03041667,21.32191172,21.92916667,56.41613538,18.37743056,20.42666667,26.91291654,13.70006944,14.794375,11.697,12.63552632,12.80635417
21.60513889,9.3353125,26.94058534,19.74072917,23.14964286,47.67857143,21.80052083,21.49057791,14.43,56.41459082,27.92197917,17.54347222,26.38623457,17.33177083,17.57572917,13.29534722,14.75890625,14.59166667
25.44270833,9.450208333,28.8233414,17.23864583,76.611125,42.64798611,22.1959375,21.6592441,12.12759259,56.41304627,35.06965278,24.66854167,25.8595526,16.39708333,16.68526316,12.29895833,16.5275,16.37520833
22.12645833,8.850104167,30.70609746,11.7890625,136.9715278,29.56784722,19.66638889,21.82791029,47.56825,56.41150171,52.23777778,21.44982639,25.33287063,15.37597222,14.44716667,10.09645833,12.46302083,13.05572917
20.11447917,7.184375,32.58885352,6.798416667,105.4354762,24.35885417,10.24054348,21.99657649,31.985625,56.40995716,53.03809028,15.49175,24.80618867,10.59375,11.20541667,12.17416667,9.2621875,9.051666667
27.57333333,6.346666667,34.47160958,20.76305556,7.134963768,29.75072917,16.04572917,22.16524268,7.514375,56.4084126,68.09340278,20.13385417,24.2795067,11.91114583,16.1471875,13.05050725,13.25152778,9.48125
29.45173611,9.7696875,36.35436564,12.86701389,10.87375,38.229375,18.0659375,22.33390887,11.22309028,56.40686805,16.94784722,26.27253472,23.75282473,16.14574074,26.52125,8.64162037,12.47659091,12.87354167
20.69260417,10.01586957,38.2371217,15.84708333,17.08854167,35.70322917,44.50260417,22.50257506,11.13163194,56.40532349,16.545625,21.25090278,23.22614276,29.72,22.8853125,10.28490741,17.92045455,19.17458333
21.225,7.183125,46.2425,15.12878472,14.86200758,34.17274306,22.28805556,22.67124126,14.44848485,56.40377894,16.95795139,20.538,22.6994608,17.84923077,18.78659722,7.725942029,12.26825397,19.15833333
21.41947917,5.634565217,23.0653125,15.74263889,12.77910714,34.74858696,16.29725694,22.83990745,11.52472222,56.40223438,20.62607639,20.75857639,22.17277883,15.19883333,18.51125,11.07638889,9.179791667,16.94770833
21.95697917,6.788522727,23.50697917,13.15097222,11.66791667,30.40302083,13.5865625,23.00857364,4.609791667,56.40068983,19.62944444,20.07427083,21.64609686,16.39357143,16.75666667,10.66259804,14.35798611,13.7115625
23.5178125,6.082,34.87541667,13.85076389,11.04,35.45322917,12.52583333,23.17723983,4.239166667,56.39914527,22.1409375,20.75267361,21.11941489,16.47767361,18.2609375,3.452962963,17.66194444,13.80416667
19.98177083,6.824848485,33.75159722,15.71697917,14.25041667,37.68979167,15.93486111,23.34590603,20.7440625,56.39760072,23.99079861,22.23131944,20.59273292,17.8078125,20.08854167,2.050833333,15.38458333,16.03197917
26.06552083,6.5734375,23.99916667,17.62583333,12.83277778,41.734375,17.10152778,23.51457222,11.33138889,56.39605616,23.61180556,21.29850694,20.06605096,17.83631944,17.903125,4.114166667,15.54576389,16.99583333
20.60947917,8.470543478,23.28600694,19.52263889,15.33732639,42.35763889,17.89923611,23.68323841,14.48868056,56.39451161,24.83815972,30.53434028,19.53936899,17.48993056,18.64614583,8.029375,14.8628125,17.59197917
25.85625,7.912173913,25.2521875,21.13857639,16.08197917,48.68621528,21.53177536,23.8519046,13.04482639,56.39296705,32.17253472,49.68013889,19.01268702,18.95128472,21.57458333,6.423541667,17.70659722,17.879375
27.16416667,6.706304348,27.09625,21.42729167,15.58135417,45.52402778,21.8715625,24.0205708,18.54013889,56.3914225,26.07215278,47.19284722,18.48600505,19.01864583,19.013125,5.374351852,23.35729167,17.820625
24.421875,6.78202381,23.16423611,19.57854167,15.75458333,43.33045139,18.94579861,24.18923699,13.73118056,56.38987794,21.87215278,47.44715278,17.95932308,18.02729167,17.67458333,9.552361111,18.06739583,14.48884615
26.8,6.740434783,23.28645833,12.62318182,15.04458333,37.84075,18.97659722,24.35790318,11.90142361,56.38833339,25.79472222,49.69515625,17.43264112,16.53392361,17.84614583,6.702407407,15.91899306,14.7996875
17.8515625,7.851875,27.75430556,13.79596215,11.99732639,40.873505,11.57444444,24.52656937,9.059015152,56.38678883,13.68663194,73.61166667,16.90595915,14.69847222,15.01021739,6.271666667,22.63881944,15.80041667
16.99958333,8.959021739,16.59538194,13.18641187,11.90181159,42.48347414,12.90197917,24.69523557,3.371050725,56.38524428,11.49006944,51.91386888,16.37927718,17.74392361,11.90947917,13.47347222,26.05402778,14.80108696
20.141875,8.998529412,23.40954861,12.57686158,13.37416667,44.09344329,18.32195652,24.86390176,7.707717391,56.38369972,28.81097222,38.77509947,15.85259521,14.48855072,14.84541667,9.016875,50.04829861,16.93677083
43.61555556,7.665,24.12881944,13.39875,11.10090278,45.70341244,22.15996528,25.03256795,9.798368056,56.38215517,10.89381944,22.64545455,15.32591324,14.19440972,11.79791667,3.13,11.36482639,12.82270833
15.543,6.860909091,13.9515625,7.277708333,9.249166667,54.12342593,18.07864583,25.20123414,11.50269841,56.38061061,6.908541667,19.59321429,14.57666667,17.81336957,11.88208333,1.384666667,11.71912281,12.3621875
16.66108696,6.4965,15.87715278,7.116875,11.170625,18.63253472,17.28876812,25.36990034,46.57662037,56.37906606,3.989375,25.60363636,14.92884427,12.44701389,10.86989583,4.235694861,15.80166865,12.689375
17.65416667,6.028977273,17.18677083,7.441840278,11.46208333,14.87590278,13.505,25.53856653,9.115173611,56.3775215,6.279652778,13.99,15.05845726,10.8875,9.321979167,4.936041667,9.98125,12.59979167
17.75479167,7.499204545,20.8546875,9.823854167,12.08670139,23.5446875,16.79166667,25.70723272,7.505590278,56.37597695,6.488576389,17.38902778,15.18807026,13.95427083,12.47791667,11.38063725,11.46416667,15.46822917
18.61625,6.260227273,26.04555556,7.9915625,10.08472222,20.89246528,14.44774306,25.87589891,4.405113636,56.37443239,7.7790625,15.26875,15.31768325,11.28510417,10.35083333,4.951359649,13.07033333,13.5953125
17.08309524,6.04975,14.36017361,8.883020833,8.99625,19.67920139,13.86102273,26.04456511,4.853224638,56.37288784,13.11600694,35.69192308,15.44729624,13.39822917,12.53166667,6.071428571,10.64663194,11.52854167
12.82513889,7.292380952,11.89260417,11.49649306,10.5003125,17.04725694,13.93020833,26.2132313,5.812559524,56.37134328,6.057013889,18.35608696,15.57690923,15.42947917,8.6796875,7.153020833,10.23284722,11.10694444
12.26916667,11.36602273,10.97430556,15.1159375,12.2078125,24.37614583,19.01681818,26.38189749,5.485648148,56.36979873,10.85868056,19.63271739,15.70652223,19.33666667,14.03229167,10.81041667,15.15763889,17.22052083
9.775952381,5.218452381,3.789722222,8.814166667,10.4209375,15.87638889,11.90385417,26.55056368,5.701190476,56.36825417,9.216041667,13.30828125,15.83613522,11.2784375,8.73625,5.697916667,9.493125,8.28875
10.40304348,4.301944444,3.856111111,9.676875,11.6290625,16.38788194,10.77243056,26.71922987,9.058333333,56.36670962,7.874166667,15.20638889,15.96574821,12.47239583,8.147395833,3.742916667,8.441666667,10.55854167
22.780625,6.76375,11.36493056,21.24114583,18.71302083,34.63486111,19.82836957,26.88789607,16.76135417,56.36516506,24.17097222,25.2559375,16.09536121,21.94944444,15.5459375,13.80927083,18.55111111,23.63083333
21.69108696,7.1085,9.553368056,17.37048611,15.49958333,30.65385417,14.10423611,27.05656226,26.08298611,56.36362051,21.93368056,21.60010417,16.2249742,16.75013889,14.01822917,8.48076087,15.80517361,17.33947917
19.8756746,8.387272727,10.00340278,18.77614583,14.1309375,34.35819444,14.78947917,27.22522845,21.46958333,56.36207595,20.70947917,21.11572917,16.35458719,15.825,23.89960145,8.8446875,15.09399306,15.29114583
23.56357639,6.885357143,11.98891304,21.29854167,14.49572917,38.76,12.9276087,27.39389464,20.24642361,56.3605314,21.18628472,23.44729167,16.48420019,15.35416667,17.77195652,8.7065625,12.96041667,17.49291667
23.77663194,6.63075,56.07594315,20.29979167,10.92535714,43.19909091,13.40427083,27.56256084,30.27678571,56.35898684,25.83444444,23.32420455,16.61381318,12.96346154,18.83822917,6.3746875,12.94809028,15.10229167
23.05024306,6.007840909,131.1317593,19.34270833,10.57,4.49,14.38065972,27.73122703,34.76197917,56.35744229,23.15958333,26.73739583,16.74342617,13.85571429,15.91229167,9.42004386,12.80391304,17.21552083
16.04288194,7.963928571,6.675,14.94083333,10.6696875,12.448,17.28197917,27.89989322,20.25815217,56.35589773,13.33399306,19.18802632,16.87303917,15.53354167,10.8625,6.504618056,14.2975,14.50510417
21.13361111,5.690681818,8.429583333,18.92354167,13.08010417,36.92177083,19.56961806,28.06855941,18.07177083,56.35435318,52.13027778,21.30110529,17.00265216,15.95763889,15.4,10.465625,14.4803125,15.46479167
19.81809028,4.938409091,8.955243056,14.9225,10.5446875,29.21055556,14.046875,28.23722561,14.36158333,56.35280862,14.00913194,21.84662233,17.13226515,13.09434028,13.3940625,5.325588235,12.57586806,15.33607639
12.7375463,6.475875,7.6634375,11.08930556,8.1628125,19.47520833,11.63548611,28.4058918,11.726,56.35126407,11.75711806,22.39213936,17.26187814,9.780763889,9.538854167,2.999814815,9.669791667,11.36114583
15.20246528,4.745416667,7.444652778,12.47753472,9.163541667,22.92746528,13.52858696,28.57455799,8.8809375,56.34971951,15.86315972,22.9376564,17.39149114,11.45354167,12.0328125,4.883125,11.055,16.66904762
16.923125,7.416184211,9.634791667,16.04701389,13.57916667,31.6284375,13.2025,28.74322418,8.9015625,56.34817496,25.07,23.48317344,17.52110413,14.08458333,16.51510417,8.198854167,17.27045455,19.85760417
19.57677083,9.107934783,11.77201389,16.96958333,15.9203125,39.92516667,16.79239583,28.91189038,10.91552083,56.3466304,15.639375,24.37130952,17.65071712,17.05635417,20.23054348,12.15869565,17.06548611,25.05791667
18.18569444,6.867608696,6.863854167,13.75555556,12.70791667,26.69596154,13.98927083,29.08055657,10.02541667,56.34508585,18.01855858,23.95464286,17.78033012,14.39125,13.09583333,8.265714286,13.50837719,19.39677083
19.80920139,8.324090909,5.949479167,15.70802083,12.3684375,24.62135417,16.4103125,29.24922276,9.489270833,56.34354129,18.59257388,21.78546875,17.90994311,13.30895833,12.1071875,9.654375,13.09818182,21.5771875
16.39789855,8.0715,5.622222222,10.70288194,5.40625,17.87739583,11.39875,29.41788895,10.9296875,56.34199674,19.16658918,19.78111111,18.0395561,11.33197917,10.08364583,9.191597222,12.10474867,14.26142361
15.6940625,8.323571429,6.320798611,12.28621528,11.3565625,25.79986111,12.20119565,29.58655515,11.09135417,56.34045219,21.03885417,20.06319444,18.1691691,11.385,13.1065625,6.507771584,11.51381075,19.14760417
17.45940972,7.373571429,6.904826389,14.42967391,11.58427083,29.75618056,12.90618056,29.75522134,13.15604167,56.33890763,17.51868056,21.81708333,18.29878209,13.66645833,14.12354167,2.862314815,10.92287284,22.44135417
15.56456522,4.310326087,4.184722222,10.43302083,8.50734375,18.66236111,12.78291667,29.92388753,10.006875,56.33736308,10.858125,16.90825,18.42839508,10.2226087,9.381630435,6.132916667,5.745,13.73875
12.83692029,5.071931818,6.731597222,10.67996528,11.610625,18.41465278,10.35229167,30.09255372,11.90479167,56.33581852,7.259340278,17.14925,18.55800807,11.56043478,9.704583333,6.606979167,10.81166667,16.64850694
15.69713768,5.125104167,5.835902778,13.166875,11.27739583,26.24208333,12.73114583,30.26121992,13.43427083,56.33427397,16.83715278,19.58402174,18.68762107,12.22010417,11.88368056,7.105520833,10.50623072,17.98510417
17.68333333,8.05452381,6.997777778,14.41114583,11.05854167,30.62284722,16.0871875,30.42988611,18.06447917,56.33272941,64.64458333,21.69473485,18.81723406,12.44,14.650625,7.924861111,10.56531986,19.57161765
19.803125,6.874673913,12.17177083,14.52586806,11.56302083,35.31572917,15.28708333,30.5985523,21.454375,56.33118486,19.20833333,22.94458333,18.94684705,12.64809028,12.53125,9.337,10.624409,18.9615265
17.97899306,7.567173913,10.58954861,15.39927083,12.36947917,30.64684028,12.59552083,30.76721849,23.5803125,56.3296403,19.83652778,19.28020833,19.07646005,12.93385417,15.0228125,8.118571429,10.68349815,18.90704545
18.19194444,7.440520833,12.35836806,16.37938406,9.723576389,31.55809028,14.74458333,30.93588469,20.6665625,56.32809575,16.66743056,19.69083333,19.20607304,11.53097222,14.97635417,7.585694444,10.74258729,16.696875
23.89375,7.508586957,12.33899306,18.29329365,12.02864583,33.49288194,17.86020833,31.10455088,28.41625,56.32655119,20.71180556,23.24270833,19.33568603,14.28322917,15.4784375,9.404666667,10.80167643,21.54614583
21.83107639,7.397826087,12.89975694,18.55434028,13.93239583,36.54972222,15.35048611,31.27321707,27.31864583,56.32500664,14.22982639,23.08833333,19.46529903,13.535,13.9375,10.796875,6.560833333,21.10579861
21.96180556,6.235108696,11.40288194,17.19958333,13.77625,33.15795139,17.54596154,31.44188326,25.89368056,56.32346208,13.37,25.4271875,19.59491202,14.339375,16.3875,11.13204545,13.03227778,19.26866667
23.15888889,6.482916667,16.79756944,20.26232639,13.086,37.40697917,16.27889672,31.61054946,27.03173611,56.32191753,21.47133333,24.18989583,19.72452501,14.41770833,14.32572917,10.69821429,14.89559524,20.00653795
25.48927083,6.575,15.73177083,20.18645833,12.38202589,38.03388889,15.97264606,31.77921565,27.1865625,56.32037297,41.87829861,25.2265625,19.85413801,14.4215625,15.07125,11.16520833,8.3775,20.36708424
23.27024306,7.498020833,15.69236111,19.60079861,11.71870409,36.38472222,14.916875,31.94788184,23.16166667,56.31882842,51.26569444,25.69166667,19.983751,13.94083333,16.66364583,10.78670455,13.86944444,20.72763052
21.36847222,6.62125,17.10854167,21.40142857,11.0553823,37.88697917,16.49642361,32.11654803,33.23927083,56.31728386,13.9425,25.4434375,20.11336399,13.61770833,15.35489583,10.25038462,14.58375,21.08817681
24.713875,7.325326087,17.0515625,21.22690972,10.3920605,38.94329861,15.50614583,32.28521423,27.41229167,56.31573931,20.1510908,26.01021739,20.24297698,15.05364583,17.61772727,8.04827381,15.24277778,21.44872309
22.58197917,8.270454545,10.72813725,20.70902174,9.728738706,35.92055556,16.6646875,32.45388042,30.19554167,56.31419475,18.99521408,21.85295139,20.37258998,12.73239583,22.68217391,8.0403125,13.62708333,21.80926938
19.68229167,7.387608696,1.030833333,19.36225694,9.06541691,33.72086806,14.91677083,32.62254661,57.68636364,56.3126502,18.38089744,21.50489583,20.50220297,12.36260417,19.9653125,9.288333333,12.90857639,22.16981567
15.08272727,7.050104167,0.487007576,19.234375,7.801833333,34.56527778,16.82652174,32.7912128,29.0896875,56.31110564,14.5953125,23.77819444,20.63181596,12.42854167,17.10825,8.275416667,14.03565972,22.53036195
18.62698938,6.993229167,0.446631944,18.053125,8.775625,33.62180556,14.62875,32.959879,24.0003125,56.30956109,13.51420139,20.36520833,20.76142896,12.714375,20.79813541,9.828541667,14.29579861,22.89090824
21.23375,7.8059375,0.193159722,18.17034722,15.89333333,34.13677083,14.2521875,33.12854519,39.08802083,56.30801653,17.77079861,23.65739583,20.89104195,13.27291667,25.04722222,11.345,14.78309028,23.25145452
21.7859375,7.5896875,0.374473684,14.92173611,9.476184211,27.69857639,12.215625,33.29721138,19.09260417,56.30647198,10.98555556,22.27864583,21.02065494,13.045625,19.31145833,8.628392857,15.2321875,23.61200081
20.22385417,6.581304348,1.468251066,15.92479167,9.284826389,28.95784722,15.8009375,33.46587757,19.34222222,56.30492742,11.48461806,19.9846875,21.15026794,10.75364583,18.39458333,9.592569444,12.60145833,23.97254709
19.99163043,6.32826087,2.305961875,16.7765625,7.994479167,26.65298611,19.56395833,33.63454376,25.36572917,56.30338287,12.4621875,22.0859375,21.27988093,9.965104167,20.31541667,9.008214286,12.51885417,24.33309338
14.78137681,5.142395833,3.143672684,14.1396875,6.710034722,23.54545139,21.48041667,33.80320996,26.1815625,56.30183831,12.689375,19.3990625,21.40949392,8.851041667,18.69815972,6.405396825,10.58576389,24.69363966
19.73211806,7.328125,3.981383493,17.64291667,10.25215278,30.655625,25.54378472,33.97187615,24.26072917,56.30029376,7.590039683,20.986875,21.53910692,12.02875,20.89141304,8.079479167,14.83655797,25.05418595
17.63885417,6.2565625,4.819094302,17.35072917,9.918333333,31.10319444,23.63979167,34.14054234,23.2365625,56.2987492,5.660486111,20.33270833,21.66871991,12.46597222,17.55260417,8.570104167,11.8971875,25.41473224
16.0980303,6.103958333,5.656805111,16.5571875,10.45413043,27.73378472,23.02600694,34.30920853,25.49170139,56.29720465,7.169895833,22.57354167,22.40925,10.53635417,20.21229167,7.703125,11.14885417,25.77527852
14.65520833,6.036630435,6.49451592,15.16027778,8.773819444,22.38465278,21.74791667,34.47787473,17.76770833,56.29566009,7.748680556,19.46675926,19.19885417,11.0228125,18.029375,9.318846154,7.584202899,26.13582481
16.02206522,5.236458333,7.332226729,13.10145833,7.322291667,21.5203125,17.96364583,34.64654092,29.95048611,56.29411554,6.893472222,21.49203125,19.20760417,12.05395833,16.2401087,5.9378125,5.811111111,26.49637109
16.82777778,4.573090278,8.169937538,12.62378472,6.154895833,20.58559028,17.27916667,34.81520711,21.02739583,56.29257098,3.392708333,16.4315873,16.32125,7.721354167,14.73197917,3.905652174,5.16,26.85691738
14.70757246,4.226931818,9.007648347,11.24052083,7.033993056,21.305625,12.945625,34.9838733,23.64,56.29102643,1.983506944,17.54186508,97.88944444,9.254305556,13.55177083,5.312916667,5.8759375,27.21746366
15.55666667,5.95326087,9.845359156,9.249375,4.828020833,15.90635417,10.48361111,35.1525395,22.478125,56.28948187,2.604201389,17.15736842,17.52916667,8.065104167,10.68104167,4.047916667,6.083611111,27.57800995
18.60047101,6.824880952,10.68306996,12.73778514,5.705798611,16.36326389,11.45972222,35.32120569,18.01878472,56.28793732,6.585833333,15.1275,15.29604167,10.43795139,11.87052083,9.329697662,5.0325,27.93855624
15.99194444,5.757083333,11.52078077,14.408,7.427916667,26.36763889,45.85644928,35.48987188,16.78006944,56.28639276,87.07222222,20.02111111,17.90208333,13.45385417,16.75614583,13.07211538,9.43,28.29910252
19.55868056,6.787291667,12.35849158,16.97340909,10.91568841,40.54479167,17.99184028,35.65853807,27.44614583,56.28484821,61.75114583,24.60946429,28.60795139,15.8103125,23.11604167,16.30083333,11.58,28.65964881
20.00454861,8.529479167,13.19620239,22.29989583,15.91633333,48.67229167,19.57454861,35.82720427,30.99260417,56.28330365,17.8621875,30.83145833,41.9725,16.0878125,31.7309375,24.2565625,15.50996528,29.02019509
20.18065972,7.866354167,14.0339132,26.1671875,14.94972222,56.57673611,20.35927083,35.99587046,28.8134375,56.2817591,27.93961806,29.22260417,46.12568841,20.60690972,36.14552083,17.34083333,15.31163194,29.38074138
27.83083333,10.52583333,14.87162401,22.98229167,7.858636364,56.22131944,19.56795139,36.16453665,28.05826087,56.28021454,23.2021875,27.7675,39.13684028,18.5715625,29.685625,21.49625,16.56520833,29.74128766
20.8434375,9.789895833,15.70933482,21.31145833,2.5825,42.09222222,19.01052083,36.33320284,22.41631579,56.27866999,15.93534722,25.0375,26.87888889,20.6390625,26.4965625,14.18961538,15.22114583,30.10183395
22.62996528,10.688125,16.54704563,23.91990741,6.375,44.17864583,22.51104167,36.50186904,30.05746573,56.27712543,15.83291667,31.72385417,27.65305556,21.1190625,29.04927083,25.23052083,20.39729167,30.46238023
26.5275,10.10895833,17.38475644,28.02803571,3.525625,55.6271875,22.495,36.67053523,38.6375,56.27558088,20.09723982,31.32197917,38.64079861,23.42885417,31.64291667,28.55010417,20.88184028,30.84642857
26.34336806,9.190729167,18.22246725,25.4271875,4.930714286,60.56336806,21.44302083,36.83920142,38.4692803,56.27403632,25.15607143,33.13892361,42.96635417,21.838125,29.92315217,24.1825,14.85010417,31.08838335
27.43774306,9.715,19.06017805,23.89,6.82944974,51.06086806,24.18940972,37.00786761,40.289375,56.27249177,22.10892361,28.17697917,42.73829861,18.04298611,26.7178125,19.4321875,18.21,31.35384018
22.05611111,10.00166667,19.89788886,18.6578125,8.494854354,31.37538194,22.78479167,37.17653381,24.80979167,56.27094721,11.41583333,22.5775,28.315625,17.26541667,21.58854167,14.01152778,15.52135417,31.619297
17.55784722,8.175108696,20.73559967,20.42270833,10.05104167,31.33885417,19.45520833,37.3452,19.71506944,56.26940266,10.73850694,24.09034091,31.23118056,15.57729167,21.948125,14.43011364,12.99638889,31.88475383
19.46496528,6.627291667,21.57331048,20.73645833,13.56427083,35.11361111,18.38684028,37.51386619,21.04215278,56.2678581,11.15302083,22.86826087,28.23541667,13.00770833,20.61979167,9.28375,9.046818182,32.15021066
13.95979167,5.727934783,22.41102129,13.88989583,8.663645833,28.09315972,13.42684028,37.68253238,26.53128472,56.26631355,6.959097222,18.15807971,20.16630952,9.849791667,26,9.0915625,2.854545455,32.41566749
19.25385417,8.113645833,23.2487321,17.90166667,10.45104167,29.76833333,17.5225,37.85119858,29.96538194,56.26476899,8.491145833,21.71614583,16.75871965,11.21708333,27.04130435,8.812708333,11.65615385,32.68112431
15.13055556,7.294375,24.08644291,18.19680556,14.35638889,32.70208333,23.83,38.01986477,34.81710784,56.26322444,10.83357639,22.88649306,11.47,12.37322917,18.93631579,12.50145833,10.90163194,32.94658114
17.31315972,8.228541667,24.92415372,15.99072917,13.33572917,31.45236111,13.09854167,38.18853096,20.868125,56.26167988,8.6628125,21.13947917,11.02270833,10.00236111,19.08229167,8.75375,9.0709375,33.21203797
14.93392361,7.080625,25.76186453,16.65222222,13.53427083,24.93190972,19.97010417,38.35719715,8.268333333,56.26013533,8.666006944,23.03964912,14.32684028,13.76107143,23.12420455,13.13729167,15.09791667,33.4774948
18.53229167,10.41135417,26.59957534,21.83375,12.30416667,30.50461806,17.68131944,38.52586335,25.7771875,56.25859077,9.219027778,27.34239583,13.18095238,17.829375,26.0121875,14.15510417,23.31388889,33.74295163
16.76,7.705520833,27.2962963,15.13125,8.789166667,27.22229167,16.12743056,38.69452954,47.00822917,56.25704622,6.922777778,19.77771739,13.22954861,10.33520833,18.05072917,5.726979167,9.022638889,34.00840845
17.81,7.258229167,30.67413194,14.60836806,11.1678125,27.04875,16.05243056,38.86319573,22.71774306,56.25550166,8.528819444,22.10510417,18.17767361,13.24548611,20.51302083,7.370572917,12.2425,34.27386528
15.33601852,5.290434783,28.01940972,14.19972222,8.005729167,27.83951389,13.91302083,39.03186192,12.31510417,56.25395711,6.0546875,19.33486842,14.12128472,13.0396875,18.6015625,9.851923077,11.61663194,34.53932211
17.34642361,7.045625,10.05885417,15.34256944,7.712708333,22.70270833,12.55322917,39.20052812,10.93630435,56.25241256,6.345034722,17.45225,11.64315972,15.24135417,20.00479167,6.604479167,14.06447518,34.80477894
14.25934028,6.490892857,10.34947917,14.09090278,4.552291667,19.59875,6.751811594,39.36919431,6.7546875,56.250868,47.45760417,21.08416667,9.561006944,12.33739583,17.5921875,9.103181818,12.858,35.07023576
19.84850694,6.449625,20.26375,15.1484375,4.746458333,16.87840278,12.12175,39.5378605,9.852717391,56.24932345,41.09934028,18.65738095,7.298368056,12.1834375,15.1346875,9.875674603,11.30763889,35.33569259
21.08927536,10.57822917,20.03270833,16.95913194,8.387916667,20.65614583,20.42083333,39.70652669,5.204605263,56.24777889,7.656666667,22.77133333,7.0878125,18.1515625,18.56322917,10.57782609,15.96222222,35.60114942
23.841875,12.250625,30.14347222,19.64256944,9.891666667,26.37854167,23.69,39.87519289,9.471354167,56.24623434,11.50065972,30.52764706,10.89375,23.11125,24.0703125,19.80960145,18.81190476,35.86660625
10.11350694,8.303695652,18.95670139,20.31142361,10.53711806,32.12083333,19.08583333,40.04385908,11.49114583,56.24468978,15.53041667,27.67289474,11.70947917,23.45,21.7384375,15.40931818,19.75736111,36.13206308
12.70049242,8.826911765,22.83854167,19.67972222,11.2884375,42.83194444,18.28788194,40.21252527,16.27364583,56.24314523,86.40607639,29.3375,10.76326389,11.04931818,24.86333333,12.68177083,17.2909375,36.3975199
19.28736111,8.676979167,25.33326389,23.77482639,12.4659375,45.845,13.88840278,40.38119146,22.94652778,56.24160067,148.6148264,30.44225694,17.91524306,21.99020833,32.31,11.37869048,19.47670139,36.66297673
16.67725694,10.81708333,34.17520833,24.42659722,31.37238636,47.89998548,20.225,40.54985765,17.56409722,56.24005612,44.16574074,32.98926471,15.50725694,24.87072917,32.43045455,16.49322917,30.44434028,36.92843356
32.62909722,19.17125,51.99204861,30.08274306,44.29965909,50.34675041,30.08545139,40.71852385,21.343125,56.23851156,41.1428125,51.29482143,27.77015625,38.0440625,43.97291667,18.56783333,16.59972222,37.19389039
36.09690972,19.21083333,65.12809028,27.84510417,48.45626984,52.79351535,38.85507246,40.88719004,26.56657895,56.23696701,56.22329861,42.25342105,48.95826842,33.66333333,39.03864583,31.108375,40.89461806,37.45934721
29.67427083,22.3515625,27.37659722,25.87822917,39.37853175,55.24028029,30.21413043,41.05585623,21.76052083,56.23542245,51.56659722,38.29869048,67.68364832,31.76145833,38.85572917,26.366875,34.40805556,39.42791667
36.43340278,23.7796875,35.38694444,31.11548611,37.14195837,57.68704522,36.77197917,41.22452242,40.9697619,56.2338779,53.49611111,70.15546875,86.40902822,40.0771875,43.26625,34.28833333,36.02222222,30.28979167
38.53881944,20.37177083,50.63034722,33.1884375,34.13984205,60.13381016,42.66302083,41.39318862,50.8451087,56.23233334,66.56204861,51.63489583,105.1344081,40.47520833,46.08885417,23.16739583,31.876875,27.43604167
30.02930556,14.66447917,76.65888889,32.85736111,31.13772573,62.58057509,36.095,41.56185481,41.97333333,56.23078879,79.99986111,41.45572917,132.788869,27.295,46.94885417,20.10489583,26.01934028,24.85364583
34.00798611,16.87010417,88.54972222,33.00447917,25.72227273,65.02734003,35.3578125,41.730521,38.62468254,56.22924423,88.05875,41.80291667,110.1783333,31.95232639,51.64,32.30677083,26.59904762,26.13125
37.64645833,18.12760417,86.87902778,33.1975,33.6134375,67.47410497,37.19694444,41.89918719,38.21126812,56.22769968,85.76524306,41.95135417,125.8849653,31.58913043,51.3521875,36.2075,28.33420139,31.81637681
34.52047619,20.0465625,80.18954861,32.65098485,34.8825,69.9208699,33.49604167,42.06785339,46.19979167,56.22615512,129.1189236,43.17375,144.1953472,36.8253125,51.0028125,35.465625,34.27875,33.32535714
36.77142361,21.36666667,74.16024306,33.73319444,35.03111111,72.36763484,30.95493056,42.23651958,39.593125,56.22461057,92.31881944,43.78395833,136.3109722,35.66416667,50.06135417,50.786375,33.97527778,34.011875
39.31482639,25.93541667,83.17180556,37.06701389,38.06677083,74.81439977,36.13291667,42.40518577,43.9975,56.22306601,84.1109375,52.2740625,127.99,45.96854167,54.2475,32.14777778,40.06069444,37.03708333
56.051875,34.55916667,86.47854167,44.68635417,58.66072917,82.00508333,41.7178125,42.57385196,66.29336957,60.01333333,121.8852778,63.48520833,135.0863889,57.44951389,66.30173913,42.94107143,56.92652174,52.75770833
51.55963768,25.4815625,51.65253472,27.68583333,29.83864583,59.0234375,28.60833333,42.74251816,25.9928125,46.855,68.01635417,39.52065972,124.9979514,36.74666667,43.49989583,33.0721875,27.74729167,29.28086806
26.12083333,16.08916667,40.97715278,19.685,21.6115625,53.41229167,20.50114583,35.05107143,21.4034375,40.64142857,56.17260417,30.79674242,121.4759722,20.45782051,34.50666667,17.54645833,19.48704861,20.8428125
43.3709375,30.66666667,32.52822917,48.39083333,36.67114583,67.22724359,32.64104167,44.50059028,33.34135417,64.72885417,74.92041667,54.70194444,122.9535826,40.3684375,59.83385417,40.97986111,44.73892361,44.39147727
73.87291667,48.63239583,50.5275,54.15775362,60.83104167,93.33795139,44.90027778,71.61913194,42.53336806,85.18486111,92.179375,106.660625,123.2167102,71.38083333,78.33479167,61.27576923,75.93145833,111.104
56.58572917,43.16791667,131.7015972,54.94600694,92.04333333,93.16708333,42.13079861,57.34729167,44.89416667,96.63916667,128.1561806,83.41604167,123.4798378,69.7371875,93.900625,74.1872619,80.58736111,88.06725694
61.29947917,41.43635417,101.6920833,49.0871875,79.75952899,78.98229167,37.74208333,52.27815972,40.24166667,81.58489583,104.3058333,81.399375,123.7429653,67.27283333,72.03354167,74.17444444,52.46714286,66.54947917
73.45177083,45.52260417,149.4417708,59.7359375,98.513125,92.47430556,41.33565972,74.96871528,49.30892361,99.04440972,136.9296875,98.09125,124.0060929,73.08461538,88.42333333,75.21903846,69.35416667,96.80019231
66.32760417,49.69166667,183.133125,59.13777778,84.75916667,88.59163194,50.143125,62.33364583,62.10666667,98.92114583,133.0461806,99.38583333,124.2692205,81.03104167,98.23822917,84.80840909,78.5299359,77.34431818
69.16020833,45.67052083,182.3110069,61.619375,82.31104167,95.85048611,41.94864583,74.22350694,72.9540625,95.82315972,129.6170486,103.0394444,124.532348,80.0946875,90.30239583,67.1996875,89.49401515,75.91795139
56.4725,33.6028125,226.14125,46.59010417,68.60118056,84.46798611,34.95256944,53.61079861,57.56131944,87.90357639,142.5939931,61.9945,124.7954756,53.81760417,82.94576087,52.31521739,60.90904762,62.29638889
62.4321875,42.90447917,225.4025694,57.09354167,86.93979167,96.24524306,44.2771875,61.120625,72.23604167,117.4163542,126.3398611,79.06097222,132.5204167,72.88552083,95.06541667,61.4175,74.4009375,71.12194444
62.90395833,43.71125,35.48145833,51.49854167,96.2478125,72.59116667,38.89652778,45.82927083,61.21354167,74.75,74.6959058,82.22322917,102.347451,70.43010417,86.06152174,74.21488095,69.33913194,73.62659722
52.56114583,50.03489583,52.69097222,63.36947917,108.1775,110.1991319,38.77239583,42.78583333,69.28145833,72.74395833,70.6225,96.1340625,80.68659722,86.14121528,95.98354167,85.02517544,92.34576389,95.15520833
28.80208333,43.69041667,54.26723684,64.81409722,104.4347826,110.0575347,37.30864583,53.67260417,73.36697917,79.27333333,73.48566667,102.1321014,72.41725694,82.02960145,95.3178125,77.20316667,89.69961806,84.09791667
24.3509375,38.95510417,88.8428125,57.73295139,101.1986111,118.6263889,29.11240196,41.63795139,74.9990625,70.79645833,73.0878125,77.08609375,85.10864583,73.3784375,102.2177083,66.931875,82.68326389,86.42513889
20.8375,33.04760417,83.40295139,53.6,83.06045139,110.0934028,30.82885417,39.79625,65.83968254,74.38770833,64.9340625,72.8490625,71.78309028,66.2425,102.4178261,70.52489583,77.07461806,76.97604167
18.32010417,31.60020833,81.667,50.11,71.18072917,89.34923611,32.35048611,45.35614583,71.1296875,66.63927083,73.55871528,75.2428125,76.40649306,65.68895833,98.00947917,67.1501087,62.59645833,64.41866667
16.46635417,27.09111111,35.73805556,46.68288194,69.75431818,71.37128472,34.00041667,44.21895833,54.93934028,70.5471875,71.83851449,74.26104167,77.62094203,61.83458333,91.62666667,64.12297619,57.67916667,43.29458333
20.468125,32.60833333,40.6103125,61.39347222,72.40304348,71.46916667,34.9290625,45.50703125,57.66427083,84.85875,86.7690625,70.16621528,79.20284722,61.220625,108.7890625,68.2701087,71.11680556,60.9615
14.99385417,32.2540625,44.66284722,51.38875,75.22479167,102.1899247,33.62479167,46.45253546,54.774375,72.71927083,72.87197917,81.01677083,84.6596875,70.40208333,87.55208333,70.75166667,59.9925,67.5175
14.23770833,39.23791667,39.22423611,55.20520833,73.04066667,146.02625,34.14791667,47.62287037,56.84260417,80.58479167,73.14864583,77.16513889,78.82142361,68.95642361,92.54079861,72.09159091,71.67340278,70.65535798
37.6325,44.1571875,36.00951389,65.06635417,97.2740625,69.19604167,64.63708333,49.48020833,59.13770833,89.84239583,79.94322917,96.21329861,98.65878472,79.4975,102.1604167,73.74684211,79.13430556,73.30096154
65.0115625,43.63416667,36.63482639,57.2571875,96.29166667,65.66475694,80.12927083,48.02645833,58.91597826,69.99895833,71.70630435,99.43326087,93.92361111,78.20770833,103.0651042,70.70855263,81.80184028,84.95760417
70.57010417,44.76145833,31.29094697,60.43996528,99.48166667,80.68565972,82.49020833,44.36065972,55.52479167,104.525625,78.218125,101.1713235,89.86666667,85.76423913,94.25291667,77.81599206,77.57859848,85.51885417
79.073125,46.84229167,63.1953125,60.65920139,98.68104167,116.1300694,83.18375,49.68416667,94.85257576,97.00114583,77.34045139,94.70516667,119.8660069,85.63270833,99.59114583,83.34897059,87.19965278,86.14375
72.2659375,48.873125,40.18270833,60.83625,93.12802083,115.8828472,82.7634058,46.53128472,86.56604167,86.03364583,78.0315942,94.68739583,106.570625,80.55638889,105.8276087,84.81,83.92944444,84.91166667
65.00034722,53.2284375,39.87333333,62.01479167,101.2678819,120.2695139,98.5084375,42.90239583,81.91565972,92.7725,78.71631944,107.814375,101.9240625,92.73645833,106.3483333,89.0825,92.72197917,101.7561458
65.115,47.88333333,43.9353125,67.45260417,88.81916667,124.5720139,85.18253623,47.79975694,31.4675,107.59625,75.8375,93.9453125,91.08131944,92.6115625,89.29270833,59.164375,87.14685606,78.07121528
61.31336806,39.55270833,70.58322917,59.1990625,29.93427083,89.6271875,22.99373188,43.44326389,26.95583333,89.7365625,85.25736111,30.87666667,87.7190625,79.69072917,31.18302083,26.74376812,32.48609649,24.41395833
62.49791667,35.00916667,33.99020833,50.78648551,16.75358696,58.08270833,17.95981884,48.31347222,21.6959375,65.44322917,60.73993056,25.05510417,46.57350694,52.42681818,22.47729167,22.56587302,41.54940972,16.2022619
46.23038194,27.72141304,28.3096875,40.52479167,16.59597222,48.80777778,12.48083333,50.49767361,19.843125,52.76295139,56.60614583,17.51364583,49.79197917,42.36638889,30.40729167,37.82162879,54.74155797,12.03514706
40.09861111,22.34729167,19.46685606,30.7371875,11.05144737,34.1640625,19.87977273,27.14371528,33.95291667,52.15364583,34.29520833,18.663125,27.31565972,39.39552083,25.56916667,24.87760417,41.16479167,8.824429825
51.97767361,30.6759375,35.09506944,49.28850694,36.86996377,56.4765625,48.89684783,40.98489583,34.075,73.71770833,50.21135417,41.77950758,44.29861111,58.8609375,59.98072917,51.08135417,71.970625,17.12645833
105.8034028,41.39385417,56.62517361,67.86958333,68.30978261,108.4757639,54.01059524,52.20451389,43.93770833,110.8479167,82.4996875,62.39916667,60.86232639,96.25088235,95.809375,53.77934211,94.31295455,27.42977273
102.3411111,58.79010417,71.2903125,92.66815972,93.42988095,134.0785417,75.57194444,75.19552083,47.13602273,128.0362847,99.81895833,83.51875,85.26295139,96.70157895,82.50636364,49.87910714,75.67908333,22.65833333
86.70208333,49.41979167,51.35413194,75.66072917,77.1773913,88.67754386,108.7203261,61.81208333,58.06020833,93.37868056,78.19895833,85.05943182,73.05902778,79.85055556,103.0813542,78.85555556,113.1514583,28.56862319
83.06027778,45.68208333,51.44440972,69.1296875,89.96178571,86.30524306,78.39770833,57.60420139,57.71614583,98.44489583,89.07079861,67.470625,82.3221875,42.11934028,88.49288194,69.89907407,84.52201389,38.81628472
80.96607639,42.5221875,57.0084375,64.07489583,46.63117647,79.16552083,77.25815217,62.31496528,56.95347222,108.3472917,82.27631944,71.35072917,67.9634375,44.52256944,62.4740625,71.7175,49.26770833,40.04552083
80.92104167,46.98145833,50.3165625,41.08204861,53.64858696,75.96770833,74.30402174,68.86753472,49.1309375,77.84229167,85.48520833,71.585,64.12305556,39.98010417,55.55916667,77.64789474,60.189375,44.24674242
84.33496528,49.32666667,53.79875,43.57638889,59.34608696,80.50868056,79.46041667,71.49055556,55.88864583,83.99208333,89.43050725,52.98458333,73.54305556,55.22892361,58.28916667,78.465,66.23090278,58.92458333
68.12642361,38.65927083,46.91534722,38.13795139,52.38760417,76.15538194,57.82395833,49.72208333,49.66447917,86.50177083,80.56329861,55.24934028,72.68496528,43.044375,50.52020833,74.585625,54.62583333,51.8803125
61.82788194,36.75333333,41.39423611,34.11739583,34.6051087,62.20364583,52.04021739,59.80361111,52.7221875,64.02822917,61.11503472,59.00362319,45.9034375,35.94052083,43.94604167,59.47107143,48.29194444,41.12746528
67.15235507,41.53458333,46.8678125,40.32904762,45.29635417,65.22805556,58.02760417,66.76385417,48.24010417,73.14833333,76.57013889,46.43059524,68.43548611,41.145625,52.20104167,67.11193182,54.39128472,53.22583333
99.17197917,42.20416667,43.56454861,32.11552083,40.65625,63.90979167,56.84322917,60.10746528,44.41336806,78.61625,74.56385417,51.97878205,51.6815625,38.64989583,44.61416667,64.42191176,48.89555556,51.05456522
74.641875,39.97195652,45.8734375,36.69899306,42.40135417,70.28729167,51.88288194,62.34829861,54.39979167,98.3871875,75.78086806,64.89291667,64.04975694,41.71635417,50.61375,66.80454545,52.1749537,50.21833333
68.98010417,34.808125,44.29560606,34.75760417,42.0546875,67.50770833,44.7878125,61.40034722,50.33177083,98.94395833,70.63711806,71.17985507,100.4489236,40.09395833,50.26166667,62.475,37.20840909,48.87128472
50.12760417,29.16916667,43.68256944,28.64260417,34.62275362,57.89434028,27.18940972,47.50819444,45.72472222,62.02322917,58.20815972,46.80041667,75.70194444,32.07916667,38.55666667,49.17,43.89260417,37.0621875
42.05114583,22.16833333,38.47357639,28.60777778,5.329,56.7025,18.99929167,28.66315972,44.61993056,35.8196875,35.76201389,30.34510417,61.33309028,20.5390625,26.38614583,40.90442308,30.50979167,22.7390625
24.290625,12.95980769,25.055625,13.51883333,8.7396875,25.73679487,19.6145614,15.5196875,34.6034375,24.26020833,17.93180556,18.03427536,24.11322917,12.15996377,14.33388889,23.3029902,15.97472222,9.774513889
32.31104167,17.51306818,23.0721875,17.1609375,13.56517857,48.70559028,22.20375,24.80086806,32.9915625,41.01260417,33.93420139,28.03802083,27.84021739,16.8084375,20.63052083,32.54554348,22.00756944,15.88868056
46.39114583,24.94947917,31.83038194,23.92243056,25.26625,63.36260417,28.19326389,36.98861111,56.223375,60.03229167,53.62774306,42.08583333,50.47888889,26.28520833,33.85083333,49.04776316,35.65854167,26.62708333
52.02697917,29.31739583,34.86958333,29.70694444,29.8759375,66.3553125,29.58677083,42.85340278,55.03385417,67.59645833,54.65819444,47.72302083,56.40291667,30.04520833,37.46520833,56.83858696,38.81270833,29.90427083
67.10416667,39.28302083,40.73829861,46.28385417,44.64427083,80.89979167,36.90576389,57.67930556,34.76614583,84.44645833,64.00184028,60.31291667,89.59525362,40.2875,47.89927083,70.860125,55.30326389,44.41302083
65.790625,32.97364583,63.40684028,46.70479167,49.18833333,82.23635417,33.16246528,55.71479167,28.4840625,84.78364583,67.46315972,58.83083333,107.5713194,38.26739583,49.0528125,58.6076087,55.41635417,42.3675
63.64114583,38.76552083,42.61441176,45.46041667,50.73979167,84.9634375,35.79375,49.59815972,23.78104167,81.82666667,74.3334375,55.22541667,100.3583681,39.1625,50.59885417,65.86717391,51.2915625,40.87697917
66.51104167,37.941875,45.94097222,42.93555556,45.94666667,81.89611111,38.95270833,59.75375,25.87857143,83.54638889,67.01583333,50.19947917,109.5865972,37.05291667,46.81875,67.29791667,50.55878472,40.04489583
73.10166667,44.444375,45.33104167,45.91246528,47.76958333,81.64142361,41.41885417,67.18197917,68.45303571,88.6115625,66.77388889,52.60344697,106.05625,40.41291667,47.82,68.52456522,54.03222222,54.831
84.27145833,52.969375,60.50527778,48.47034722,57.34302083,84.10552083,40.76791667,61.61822917,66.1053125,94.7259375,74.8109375,68.99440972,90.9575,47.86895833,54.57909722,76.92,61.78736111,63.93239583
60.79666667,29.44145833,33.42111111,33.69869048,35.23864583,70.57621528,23.49229167,49.36697917,54.29118056,64.93010417,53.3359375,53.06358696,61.73621212,29.65489583,35.08270833,54.23108696,38.1709375,41.65857639
55.69864583,30.985625,38.27568182,37.2275,38.95614583,83.31798611,28.08434028,46.07371528,70.06197917,66.21451389,60.73850694,48.1185,71.39280702,32.92770833,40.81,55.44608696,40.44659722,40.20541667
55.23770833,32.12583333,28.08295455,37.3415625,40.20670455,80.15246528,29.80913194,48.11194444,67.04808824,75.1728125,61.57954861,42.8573913,70.09015152,32.68479167,45.73385417,55.10684783,43.12520833,38.745
11.65979167,32.505625,5.418863636,35.30871528,38.99267361,77.87413194,32.9175,41.69625,70.23087476,72.53625,55.68291667,48.58395833,64.84236111,28.6471875,41.08395833,57.20783333,42.89645833,36.69885417
27.38125,31.51322917,18.57516586,36.93722222,38.52708333,78.72597222,27.948125,48.62413194,100.4493333,68.68988095,63.60065972,45.0821875,63.46708333,32.08135417,42.11770833,51.262,39.31395833,33.83152174
48.27611111,27.57895833,23.168125,31.50285714,33.47979167,74.45454861,25.03083333,47.97215278,69.69263889,60.074375,54.78333333,42.079375,57.87114583,28.91895833,40.22979167,45.85809524,37.41173611,33.18177083
49.87697917,28.3965625,31.08725,39.72333333,36.554375,77.8025,30.58239583,49.10611111,58.63333333,75.12166667,56.67802083,48.8575,57.50506944,31.0359375,43.32364583,55.7885,37.89982639,40.85875
62.49510417,40.6265625,36.28222544,45.48208333,40.16864583,84.39340278,34.79625,63.11482639,73.60166667,80.7371875,60.92232639,55.51541667,65.95916667,46.02989583,45.82583333,75.82527778,51.63423611,39.511875
59.32171875,40.21739583,43.60408333,47.33979167,40.10677083,91.92729167,33.58489583,63.56947917,72.37083333,51.91114583,65.74298611,70.45054348,60.53295139,43.99697917,48.04375,62.39714286,47.76208333,36.0709375
55.34509804,32.96541667,43.99128472,42.04604167,43.83625,90.57246528,29.11020833,50.40777778,62.38875,52.95944444,54.22741667,49.56770833,67.64208333,34.51104167,47.86322917,62.17634259,42.65413194,34.98375
68.48552083,33,45.19173611,41.32770833,48.70875,87.57583333,30.7634375,54.59986111,69.50818718,80.57378472,71.2146875,52.9571875,70.00520833,42.915125,50.06270833,63.49345238,48.83253472,36.44125
70.18815972,39.78967391,47.61336806,42.84697917,50.78572917,80.44711806,29.59361111,73.46190972,65.13125,74.16236111,75.84222222,58.7371875,59.74659722,44.79496212,48.59354167,66.54863636,51.25823529,43.05333333
76.70260417,54.37614583,45.05195833,42.22114583,45.84385417,82.74541667,29.23677083,75.9596875,56.69854167,71.05583333,70.55166667,53.66288194,54.48385417,40.44216667,41.47322917,61.47,49.155,37.44239583
53.88166667,40.43239583,47.04510417,40.37173611,37.97315972,90.14440972,26.18239583,67.93864583,67.2603125,68.698125,80.29840278,43.75958333,61.3446875,34.58225694,44.34630435,55.70295455,42.6165625,34.89395833
68.19267361,47.51458333,53.92072917,55.37871528,48.556875,112.6686111,32.34003472,74.55927083,82.5965625,87.74815972,79.75945652,61.32625,76.34649306,44.20427083,57.7865625,75.47875,51.45364583,39.8784375
80.65100694,49.97604167,66.80825758,54.14652778,73.10590278,122.7802273,36.55875,77.96677083,137.799375,117.3064583,83.06482639,66.0346875,109.6240217,49.22333333,84.40885417,76.6875,66.07944444,61.2425
85.66809028,53.08992424,70.04309028,31.92315972,63.730625,123.0210478,32.0309375,67.10111111,80.14767361,114.4588542,65.37527778,74.25791667,80.96354167,49.15020833,69.046875,37.84016667,48.0530303,50.19552083
80.74673611,43.75131944,62.42645833,29.38604167,57.81385417,125.3436282,29.14125,75.23325913,59.60609375,121.5162153,58.60454861,67.93708333,71.25211806,48.09458333,67.25291667,32.03913043,57.96354846,45.01927083
84.55690972,45.47894737,62.92722222,27.26666667,59.34635417,127.6662085,30.71614583,77.80941165,70.81863636,118.1607292,61.67565972,61.3340625,79.45204861,44.81566667,61.91822917,33.27184783,59.90415315,41.97333333
85.63125,50.64434211,80.75211806,35.83302083,72.34583333,129.9887889,29.78822917,85.45854167,85.7546875,117.8316667,72.15802083,81.43447917,89.43145833,56.16104167,83.6259375,39.988,67.39053571,56.08322917
91.70145833,50.300125,81.38104167,35.4121875,74.74833333,132.3113693,32.37145833,79.56347222,74.501875,119.4011458,71.27760417,91.84477273,95.8795,57.2165625,75.13302083,45.48065217,61.27145833,59.72989583
107.4162153,57.83375,93.97364583,43.49880952,82.49739583,134.6339496,35.21916667,78.81965278,75.3171875,119.2582639,78.46190972,65.7946875,100.5314236,65.56328125,83.594375,42.46358696,71.84576389,57.25979167
81.14444444,51.76677083,76.94651515,35.76604167,82.9903125,136.95653,32.5173913,79.17690972,82.75520833,93.32427083,64.00763889,61.85163194,95.67305556,56.60133333,81.39,44.90486842,68.79017361,62.27152778
63.51263889,54.14104167,52.11930556,35.37451389,78.1253125,139.2791104,32.63052083,75.46517361,82.4440625,70.7203125,27.05579861,66.8025,65.79626984,57.76645833,81.75770833,39.35815217,65.6259375,60.51635417
48.37694444,44.72052083,47.759375,30.03756944,62.95625,141.6016907,29.11,54.37541667,65.2853125,50.69760417,22.53,50.79715909,66.69177083,50.14927083,64.529375,37.30619565,55.93409722,47.100625
52.6,50.41,51.1,30.41,64.09,143.9242711,31.12,39.65,57.26,58.58,23.84,59.89,68.31,55.18,67.47,38.63,65.56,55.26
62.42,58.29,58.83,31.52,67.91,146.2468514,33.88,40.28,59.74,52.98,26.45,63.84,70.34,62.01,68.27,38.16,65.42,53.68
58.93,53.6,52.76,30.66,62.86,148.5694318,32.48,45.21,67.87,45.13,23.98,59.38,56.16,58.7,68.72,39.21,63.63,41.55
52.61,45.16,63.43,34.28,73.24,150.8920122,30.48,45.49,70.49,48.53,25.99,61.35,60.21585535,54.69,68.86,33.76,67.99,53.04
80.32,51.14,75.53,34.05,73.26,153.2145925,40.74,49.89,66.89,72.39,47.26,61.27,64.4,62.19,72.71,36.28,69.32,53.46
66.93,50.11,56.04,31.58,61.06,155.5371729,39.42,62.93,64.48,73.8,49.8,53.4,50.69,53.82,64.66,32.46,70.97,48.04
48.59,52.53,52.2,30.09,60.43,157.8597532,35.89,58.2,62.89,67.56,46.88,54.91,47.06,55.65,60.71,31.62,59.94,45.28
36.89,41.59,42.72,22.08,47.53,160.1823336,33.81,50.2,52.29,64.3,40.64,47.72,43.83,39.77,47.03,25.44,43.48,42.26
37.21,47.47,39.891866,26.8,47.25,162.504914,48.48,54.47,57.46,96.23,66.86,48.53,75.99,45.31,53.08,32.9,54.46,42.07
39.49,35.18,35.64910774,17.88,27.64,164.8274943,24.91,42.27,52.59,68.45,58.61,32.72,58.47,31.24,33.85,14.9,29.67,26.72
46.82,43.68,31.40634949,23.25,50.41,167.1500747,32.04,52.58,51.12,102.39,92.58,41.65,94.93,42.95,50.25,28.42,44.23,36.22
46.04,42.26,27.16359124,26.77,53.39,169.4726551,42.01,56.37,58.73,107.9,100.47,45.44,73.29,42.42,60.41,29.54,51,41.88
50.36,41.52,22.92083299,29.36,55.89,171.7952354,48.53,59.14,65.86,104.76,105.3,20.52,52.62,47.98,53.4,28.87,50.52,46.61
35.08,26.47,18.67807474,16.97,36.91953923,174.1178158,21.96,34.14,40.28,74.41,71.78,16.11,31.31,30.49710205,37.12,14.92,33.17,27.2
25.58,17.6,14.43531648,8.98,16.23,176.4403961,17.46,26.11,38.01,52.47,45.3,6.36,19.21,10.44,26.54,12.34,14.71,17.82
32.59,27.23,7.32,14.94,26.58,178.7629765,16.68,43.18,45.37,53.83,55.58,18.7,25.89,27.38,33.82,20.78,23.76,18.71
35.98,32.75,12.72,18.55,36.13,181.0855569,21.49,56.36,45.79,66.91,80.08,30.07,36.09,31.69,42.3,30.15,30.69,27.99
36.89,33.85,13.91,20.04,39.59,183.4081372,19.39,56.97,56.19,75.65,79.44,31.67,33.92,34.12,46.82,30.69,31.54,29.22
46.75,45.87,19.78,26.33,35.96628308,185.7307176,28.96,66.3,56.9,121.66,93.33,37.41,43.07,44.25,50.6,33.16,43.26,39.17
51.57,47.94,23,31.78,32.08,191.32,27.73,72.51,69.03,56.26,112.3,37.58,49.78,54.19,62.17,33.88,56.4,37.84
44.87,37.75,15.84,23.63,38.46,178.157829,29.79,56.5,54.55,7.8,80.93,30.35,38.55,43.79660423,39.3,20.33,38.31,26.27
49.05,40.43,21.71,26.01,45.07,175.73,31.11,63.77,64.11,102.46,85.14,37.18,42.94,39.73,46.92,29.11,49.33,35.51
42.63,29.53,15.48,17.43,24.26,126.85,24.57,45.31,44.07,60.42,66.86,17.51,32.21,20.51,41.09,13.75,30.06,22.41
42.1,31.09,27.43,19.07,28.15,97.52,21.31,62.72,49.08,44.84,67.33,23.59383907,40.51,27.28,34.77,16.99,28.06,24.29
40.82,31.93,67.71,19.09,32.43,110.68,33.52,56.34,50.27,64.64,70,24.44,48.15,25.6,39.6,22.25,30.08,26.59
43.89,32.53,85.31,23.33,43.83,137.5,22.48,59.08,52.99,53.61526248,87.93,32.23,66.84,34.03,50.88,29.59,41.66,29.57
42.97,29.06,75.52,21.21,42.84,126.39,31.09,60.26,51.34,48.89710148,87.24,26.51,66.08,29.81,42.54,28.75,37.76,33.36
38.62,23.94,72.97,21.65,41.58,107.46,25.82,48.81,54.8,44.17894047,72.67,24.39,66.62,27.96,40.71,27.99,35.62,31.11
49.55,35.68,83.03,26.64,41.74,121.06,23.8,59.72,54.76,51.74,85.08,29.31,64.28,32.7,44.65,30.14,41.83,36.2
55.17,39.87,94.82,25.75,37.28,119.1740938,29.86,61.3,63.54,5.47,84.76,33.66,58.38,37.94,48.65,20.86,42,27.55
53.47,40.75,90.74,24.05,37.27,119.1021861,29.04,63.49,61.14,7.93,80.92,30.42,56.97,36.76,39.57,21.2,36.08,31.45
36.74,18.98,66.15,15.71,24.88,119.0302784,13.42,55.16,45.52,4.07,58.25,21.55,43.1,17.86,27.32,19.33,23,15.42
41.67,19.5,46.17,13.52,17.81,118.9583707,21.54,50.68,37.92,4.87,39.84,18.69,26.22,19.85,24.71,10.99,20.08,13.63
42.22,39.99,78.48,22.11,39.32,118.886463,37.78,66.59,50.79,4.65,79.04,28.76,59.01,33.8,39.19,21.83,37.54,30.48
44.11,41.55,98.37,28.7,49.48,118.8145553,29.69263012,69.67,67.41,40.59,92.62,38.39,73.96,43.36,55.76,31.02,45.05,40.01
40.07,35.49,79.27,26.82,42.34,118.7426476,28.11,63.33,65.23,104.47,92.61,31.13,62.6,32.77,53.31,31.6,41.5,34.98
44.72,26.74,82.58,25.43,39.74,118.6707399,27.73,61.76,60.95,93.02,72.6,22.54,61.95,26.62,49.05,36.6,39.02,29.91
70.15,37.4,83.64,22.05,34.68,118.5988322,28.09,67.18,52.4,71.16,76.67,30.01,51.67,31.61,39.47,19.97,31.47,34.98427871
64.94,31.83,71.94,21.7,31.81,118.5269245,45.29,52.55,53.45,70.73,73.36,23.66,43.25,27.65,41.37,17.66,28.92,39.56
65.78,36.55,59.74,23.44,31.63,118.4550168,27.66,56.26,62.46,74.67,75,29.04,49.77,31.51,40.94,20.52,36.14,38.35
55.72,33.44,49.1,20.29,33.03,118.3831091,24.4,48.62,60.94,66.85,73.9,24.76,47.99,25.73,38.16,16.22,31.31,31.08
55.56,32.78,53.04,22.17,31.49,118.3112014,26.62,44.62,56.09,76.61,69.36,26.46,44.58,28.27,41.02,25.82,35.06,23.97
66.14,40.11,69.25,26.16,45.09,118.2392937,26.88,54.74,64.51,91.67,91.23,38.1,61.72,34.11,48.4,32.1,47.29,26.66
63.38,35.53,60.26,24.3,39.37,118.167386,22.69,56.06,59.35,90.43,86.16,28.7,60.54,31.82,45.88,31,38.9,25
72.15,40.17,58.49,22.87,36.79,118.0954783,22.17,55.3,49.58,84,92.26,30.09,57.79,31.24,41.98,21.01,38.14,24.39
76.59,47.67,67.06,26.85,50.96,118.0235706,29.43,64.84,67.39,91.56,95.79,36.8,65.93,37.39,45.93,23.97,45.11,29.75
87.13,55.67,107.72,36.02,75.38,117.9516629,34.83,65.57,82.44,128.65,110.78,41.82,99.45,45.76,55.37,26.41,65.08,40.04
71.18,42.87,83.44,33.21,63.43,117.8797552,31.26,57.5,80.69,125.2,97.12,36.49,86.43,42.64,66.44,35.8,55.21,45.06
60.68,37.27,70.04,26.99,51.77,117.8078475,23.11,52.16,61.49,112.98,85.53,33.66,78.19,37.37,52.12,28.67,50.33,32.6
43.83,21.07,50.03,19.64,31.78,117.7359399,13.9,41.91,63.01,80.31952882,70.89,27.86,50.71,28.41,34.63,11.27,26.76,26.14
33.33,13.48,26.4,12.02,10.87,117.6640322,7.61,32.7,44.75,46.56,53.23,15.04,21.71,14.68,22.84,16.06,12.28,11.32
29.06,8.11,24.13,8.6,8.94,117.5921245,5.31,23.62,27.61,43.56,47.77,10.27,18.32,9.54,14.78,11.91,10.11,8.36
25.22,7.46,25.14,11.96,10.41,117.5202168,7.46,36.98,36.39,32.51,64.06,11.43,22.57,11.43,18.48,10.04,11.79,14.73
30.58,14.64481088,30.35,14.19,13.29,117.4483091,6.85,45.8,42.26,38.05157686,50.6,15.93,23.55,14.16,23.72,11.1,14.37,12.84
50.52,20.97729136,38.35,17.27,19.81,117.3764014,13.83,50.39,61.35,38.26435636,70.05,17.85,30.98,22.06,35.57,11.09,24.29,19.23
52.38,27.30977184,50.16,21.07,22.71,117.3044937,19.46,40.6,61.02,38.47713586,61.74,17.61,35.61,21.14,42.55,20.34946875,37.78,22.08
56.64,33.64225232,65,26.29,48.9,117.232586,23.35,69.64,61.13,38.68991537,89.3,32.54,66.66,40.99,54.25,27.41,53.21,42.57
58.84,40.46,69.85,27.22,40.17,117.1606783,22.55,68.54,73.22,38.90269487,81.1,38.7,58.36,37.29,49.88,37.54,41.1,32.22
62.38,42.54,59.71,23.54,42.91,117.0887706,27.86,58.19,67.41,39.11547437,70.22,21.77,57.28,28.38,47.93,29.24,40.88,33.34
70.74,46.05,81.41,30.14,60.44,117.0168629,26.65,57.75,75.07,39.32825388,81.54,28.48,88.68,36.06,55.72,41.89,57.68,35.8
49.79,34.63,58.6,35.13,35.82,116.9449552,23.05,31.14,65.97,39.54103338,63.99,30.46,54.71,30.79,50.57,30.8,31.36,27.47
35.75,17.05,37.47,13.3,16.4,116.8730475,9.14,25.59,39.89,39.75381288,37.35,16.69,33.62,15.79,18.91,20.96,16.01,21.6
19.27,8.19,19.58,9.83,7,116.8011398,5.42,23.22,35.11,39.96659239,23.62,9.76,19.31,8.91,10.95,5.39,7.48,14.6
23.37,11.85,20.96,10.04,8.04,116.7292321,13.88973995,25.28,31.49,40.17937189,35.51,12.48,20.03,10.65,13.92,20.03,11.24,13.81
49.77,38.46,60,21.98,26.26,116.6573244,16.37940322,44.11,50.5,40.39215139,59.96,23.35,51.82,27.83,32.59,61.3,28.67,37.65
55.91,47.58,55.64,21.93,21.26,116.5854167,18.86906648,47.51,56.79,40.6049309,52.86,25.5,40.46,22.77,37.82,54.91,26.19,30.26
52.92978431,36.16,56.62,21.24,24.95,116.513509,21.35872974,61.02,52.92,40.8177104,66.94,28.9,51.04,29.83,36.35,50.87,25.67,30.26
49.58,35.35,55.95,23.31,23.15,116.4416013,25.29,43.91,55.64,41.0304899,66.66,18.85,65.48,20.6,34.9,30.8,27.01,33.55
60.5,42.04,50.65,24.2,27.03,116.3696936,28.06,51.3,59.15,41.24326941,66.74,22.28,94.74,24.38,34.82,35.13,25.91,35.09
75.45,52.25,54.8602724,24.84,19.54,116.2977859,24.43,44.64,55.17,41.45604891,53.57,21.06,72.5,25.9,29.48,37.14,24.15,23.38
54.22,40.01,59.26,26.83,26.87,116.2258782,22.41,60.53,53.07,41.66882841,62.29,25.16,82.61,27.89,35.19,45.03,28.23,30.4
57.11,40.55,57.48,22.14,25.63,116.1539705,23.2,55,47.61,41.88160792,56.6,21.26,88.26,24.86,29.52,34.73,26.18,30.1
37.58,26.38,40.98,15.33,16.63,116.0820628,13.92,38.99,33.82,42.09438742,44.81,16.02,56.4,21.67,18.92,24.47,15.36,20.95
37.32,21.67,34.59,16.07,14.04,116.0101551,12.01,46.32,37.75,42.30716692,47.11,16.69,67.24,18.34,24.25,24.37,19.88,23.23
42.39,19.42,41.83,25.01,17.77,115.9382475,35.39,72.12,56.9,42.51994643,78.16,18.64,144.02,21.66,32.72,28.39,27.19,16.03
43.52,24.02,44.75,23.92,18.04,115.8663398,51.94,55.56,57.9,42.73272593,77.25,21.77,80.41,23.05,31.96,30.99,28.91,12.45
46.8,27.84,40.91,20.48,19.92,115.7944321,62.4,58.22146114,48.68,42.94550543,61.69,22.45,44.4,24.76,28.85,33.48,28.35,10.2
41.84,27.7,36.84,18.11,19.84,115.7225244,46.81,49.16,45.1,43.15828494,58.39,22.02,41.97,22.69,26.48,29.79,26.95,9.25
42.04,31.39,44.93,20.09,24.21,115.6506167,51.89,79.65,62.87,43.37106444,56.53,22.08,54.41,26.08,31.16,31.49,33.96,11.65
46.19,31.93,42.81,23.08,26.55,115.578709,67.38,62.27974207,53.31,43.58384394,65.43,23.4,56.33,27.83,34.13,44.58,37.98,12.88
53.52,38.94,50.04,26.07,31.42,115.5068013,84.16,65.05,58.86,43.79662345,63.39,30.11,66.69,34.59,42.22,47.3,40.98,15.19
82.74,51.06,67.73,24.93,25.99,115.4348936,92.21,47.97,56.18,44.00940295,65.72,34.77,72.76,41.98,47.34,50.97,33.2,10.17
45.71,28.19,46.67,19.29,21.73,115.3629859,54.99,45.21,54.03,44.22218245,64.05,24.36,48.99,29.49,45.04,34.41,29.63,8.35
35.98,21.21,30.94,15.45,14.51,115.2910782,40.75,36.09,40.58,44.43496196,42.54,18.31,33.45,20.73,34.69,24.55,24.47,7.72
52.28,23.79,36.57,14.27,14.23,115.2191705,47.48,29.4,27.46,44.64774146,35.6,18.07,31,18.32,34.17,26.72,22.72,5.34
31.13,18.12,28.23,12.16,13.54,115.1472628,34.39,30.98,40.75,44.86052096,35.92,15.2,31.81,16.32,28.8,20.64,29.88,5.13
35.35,17.99,34.49,19.34,14.37,115.0753551,45.41,35.73,50.26,45.07330047,55.22,20.5,30.05,19.87,32.27,23.79,23.42,5.34
30.62,19.12,31.18,36.69,23.26,115.0034474,36.53,30.9,56.43,45.28607997,40.73,43.1,28.53,23.25,36.91,37.02,27.05,11.81
29.67,20.73,34.39,37.22,24.86,114.9315397,35.49,33.4,54.48,45.49885947,44.26,42.95,33.59,26.98,41.16,44.89,32.37,21.82
36.75,25.15,33.26,41.46,27.03,114.859632,44.13,28.9,67.06,45.71163898,47.75,47.42,32.26,30.34,41.37,41.59,30.05,23.33
33.47,23.68,33.04,40.5,26.14,114.7877243,41.97,44.1853959,47.83,45.92441848,38.13,40.16,30.36,24.22,42.41,38.43,32.43,20.92
41.99,26.53,40.02,53.41,35.02,114.7158166,47.94,54.31,102.39,46.13719798,58.08,44.36,42.43,30.38,54.96,43.51,45.21,30.57
50.53,22.41,47.57,66.96,44.19,114.6439089,58.3,73.69,72.62,46.34997749,100.48,57.78,47.41,36.6,69.48,57.37,46.96,38.12
38.92,20.04,39.79,48.43,39.17,114.5720012,39.51,56.89,33.99,46.56275699,73.58,50.32,42.64,30.43,48.96,37.44,32.79,26.95
32.64,18.07,44.96,37.73,21.8,114.5000935,32.9,33.54,29.3,46.77553649,69.6,34.93,29.71,21.98,35.79,43.45,29.14,18.62
32.87,21.12,44.82,39.94,31.84,114.4281858,44.62,33.14,28.47,46.988316,64.54,38.43,32.64,24.41,38.42,39.15,29.97,20.09
37.79,32.09,52.99,45.72,41.61,114.3562781,43.89,40.05,32.2,47.2010955,46.06,37.51,42.28,24.41,42.75,37.47,39.75,27.36
28.11,23.25,45.53,31.1,32.33,114.2843704,37.54,29.77,28.4,47.413875,65.44842412,29.91,33.65,20.77,30.14,32.74,30.71,23.82
28.48,21.43,38.36,31.94,30.96,114.2124627,36.03,33.08,26.92,47.62665451,88.18,44.8,31.91,25.92,31.93,34.71,27.63,19.12
32.57,23.35,53.83,35.67,38.8,114.140555,36.68,37.31,28.1,47.83943401,52.49,44.4,45.69,27.24,37.89,39.27,36.71,24.82
30.81,21.57,45.02,33.56,28.45,114.0686474,30.9,35.48,28.77,48.05221351,61.92,44.49,30.77,26.28,29.97,33.58,29.79,19.29
25.85,18.28,42.1,29.5,29.37,113.9967397,28.28,32.93,24.61,48.26499302,38.26,40.53,29.18,24.63,31.46,42.06,29.58,20.26
25.96,15.85,35.67,26.5,27.78,113.924832,24.27,26,23.31,48.47777252,36.13,30.44,25.8,20.34,22.9,28.3,22.65,15.41
20.77,14.21,34.61,23.89,24.03,113.8529243,19.23,21.18,22.31,48.69055202,30.21,29.13,21.77,16.02,22.25,26.57,21.1,14.52
22.41,13.95,33.71,26.51,26.01,113.7810166,17.13,25.48,22.11,48.90333153,26.95,39.71,25.48,17.53,23.93,31.07,19.26,14.51
36.26,34.78,57.34,44.95,42.12,113.7091089,53.3,39.27,28.76,49.11611103,57.49,53.05,39.85,34.59,47.23,48.01,44.94,28.81
48.13,42.71,66.17,50.82,46.79,113.6372012,48.25,51.78,37.34,49.32889053,68.19,65.07,32.07,40.19,50.59,55.8,52.9,31.09
40.63,33.52,45.52,33.84,40.62831135,113.5652935,30.69,41.83,27.24,49.54167004,39.36,55.22,23.52,33.26,38.76,46.83,36.52,20.5
40.28,31.88,78.79,38.63,38.37,113.4933858,42.64,37.17,28.01,49.75444954,44.1,62.67,24.16,35.93,42.09,49.57,47.28,18.96
29.24,20.72,70.08,32.59,28.82,113.4214781,25.89,29,32.01,49.96722904,51.71,38.17,15.08,24.06,29.19,30.57,31.62,16.38
28.89,17.92,68.54,38.96,20.82,113.3495704,31.55,47.77,35.11,50.18000855,58.12,35.36,12.65,23.06,26.92,33.15,29.1,21.23
22.69,13.49,47.93,24.97,15.03,113.2776627,30.91,25.08,27.85,50.39278805,77.01273952,27.38,8.05,14.3,20.32,26.79,17.7,9.88
23.21,18.01,42.15,24.01,16.09,113.205755,29.86,22.33,20.56,50.60556755,94.53,21.87,19.02,20.14,20.04,27.48,21.76,11.45
25.92,19.96,51.51,32.66,20.81,117.51,19.36,30.65,26.3,50.05,111.74,39.2,24.07,19.26,26.16,25.23,23.8,16.53
29.35,18.82,65.54,35.52,21.62,100.38,22.01,36.2,27.96,53.9,117.79,33.59,27.31,19.74,24.59,30.19,25.72,18.49
27.85,19.26,68.36,33.89,22.15,59.3,15.03,30.09,27.43,51.01,34.69,33.82,29.99,19.86,24.88,27.4,22.69,14.16
28.17,20.4,62.96,35.04,19.75,62.14,20.42,28.95,28.75,44.01,19.36,33.24,24.28,20.32,29.76,39.61,25.66,16.07
34.36,27.67,75.79,40.07,29.29,63.10167253,25.65,38.48,29.31,54.29,22.54,39.85,32.88,28,34.55,37.59,32.03,19.45
43.3,39.06,95.83,48.65,38.09,63.14150679,38.51,55.1,24.26,73.32,36.28,53.38,37.8,33.23,43.83,46.88,42.35,23.55
33.89,26.74,79.01,43.75,30.72,65.51,27.33,42.34,48.51,69.71,30.05,37.56,30.5,22.61,32.55,40.9,28.9,22.94
35.77,25.5,70.22,45.81,30.81,55.12,25.98,43.81,30.55,76.37,29.92,41.87,34.48,21.87,35.48,34.24,33.33,23.44
25.81,17.49,51.5,33.46,17.83,40.2,14.03,38.87,19.93,56.23,24.2,28.09,24.31,18.07,23.31,22.99,20.75,21.93475118
27.22,16.15,68.13,41.53,28.65,45.02,18.75,48.85,36.82,49.31,30.71,38.84,27.62,24.63,33.31,33.84,32.62,21.83
26.4,14.52,60.81,37.58,24.65,48.3,17.2,41.88,37.04,14.6,30.97,35.58,29.69,21.85,29.57,35.05,22.3,14.25
23.89,15.65,51.9,29.03,24.42,49.36,22.06,32.43,43.45,26.25517768,16.47,32.92,27.75,18.84,21.91,29.95,20.27,13.99
22.77,15.52,82.9614956,25.12,21.23,39.47,22.44,26.33,32.68,25.85044139,11.04,30.26,23.5,18.65,21.45,29.49,18.08,11.82
18.89,9.64,104.5376744,22.92,17.33,25.83,17.68,22.84,35.55,25.44570509,9.34,21.98,20.73,12.75,18.94,19.66,14.53,10.11
15.46,8.65,137.95,23.86,17.33,20.74,15.07,25.35,31.23,25.0409688,10.61863598,22.67,20.93,12.52,19.39,18.39,13.8,9.14
17.12,9.07,124.89,23.7,16.36,28.1,18.42,24.16,36.84,24.6362325,10.96925283,21.36,18.06,11.7,19.54,19.78,12.49,8.61
19.1,10.11,106.98,20.05,19.17,19.63,12.58,18.11,25.1,24.23149621,11.31986969,21.23,16.61,12.64,18.46,20.29,13.47,8.63
25.87,10.75,86.78,22.9,17.98,17.91,20.60068215,18.97,27.95,23.82675991,11.67048655,21.53,20.18,12.36,18.89,23.24,13.82,9.31
23.18,11.51,19.91,25.24,18.79,32.14,24.01359311,20.94,32.08,23.42202362,12.02110341,23.54,20.73,14.52,22.84,23.89,18.98,9.84
19.36,12.16,32.3,22.49,18.87,75.07,27.42650406,26.41,30.11,23.01728733,12.37172026,25.26,19.44,14.37,22.21,21.2,15.92,9.81
19.01,15.16,52.47,32.4,14.65,41.5,19.38,21.7,33.46,22.61255103,12.72233712,31.27,21.67,13.38,27.53,25.46,17.43,9.69
34.04,30.85,96.71,49.48,48.81,77.1,40.92,38.98,32.27,22.20781474,13.07295398,63.36,50.44,38.53,52.79,48.32,38.68,45.14
35.1,29.56,67.08,40.61,40.6,79.62,36.09,35.13,32.47,21.80307844,13.42357083,55.45,53.71,34.01,42.88,43.83,46.92,42.98
32.66,24.02,32.07,35.18,31.14,38.65,81.15,38.71,74.71,21.39834215,13.77418769,51.46,32.55,25.46,36.4,41.77,31.63,27.01
30.72,22.72,29.71,28,28.63,45.33,47.46,32.87,51.96,20.99360585,14.12480455,42.98,29.56,25.67,34.73,34.8,29.57,23.94
24.82,15.63,22.09,28.57,25.52,48.22,174.74,33.4,89.47,20.58886956,14.47542141,39.62,25.36,20.16,31.45,25.49,21.44,24.76
25.17,13.79,23.57,26.1,22.18,37.08,788,31.52,56.37,20.18413326,14.82603826,33.36,24.72,17.9,32.07,26.02,19.91,22.74
20.28,7.12,14.12,18.98,16,24.36,272.5446092,24.4,49.01,19.77939697,15.17665512,25.8,22.31630036,10.98,32.98,16.53,9.17,15.87
18.87,8.92,14.25,23.4,15.88,27.45,33.66,27.66,49.57,19.37466067,15.52727198,32.13,18.87,17.09,24.18,21.65,13.22,20.53
18.57,7.94,17.78,22.85,18.16,28.08,39.24,29.95,64.99,18.96992438,15.87788883,28.12,22.5,18.15,28.88,24.55,14.33,17.77
22.16,8.01,17.85,24.66,20.63,32.19,32.37,29.62,94.09,18.56518808,16.22850569,28.03,19.96,18.82,27.22,21.96,14.87,18.68
20.32,8.87,18.4,23.04,20.94,15.64,27.65,25.17,57.46,18.16045179,16.57912255,25.22,19.44,18.46,33.29,19.04,13.95,13.94
20.31,8.72,17.28,23.58,20.38,26.06009356,20.09,24.04,46.79,17.75571549,16.92973941,23.17,22.55,17.37,23.79,18.57,15.59,11.26
20.73,8.41,21.53,23.89,22.81,36.69,11.51,26.77,45.78,17.3509792,17.28035626,24.04,22.28,17.95,26.09,20.96,17.15,12.38
23.92,7.91,22.25,25.77,20.71,17.78,48.34,30.02,48.5,16.9462429,17.63097312,24.67,23.61,17.87,25.4,23.22,10.83,11.9
19.12,5.32,15.98,22.74,20.38,28.41,14.84,22.74,40.84,16.54150661,17.98158998,22.93,18.09,15.63,25.26,18,10.24,10.38
19.11,6.73,16.02,24.33,31.73,28.34,10.5,19.27,19.35,16.13677031,18.33220683,24.74,22.63,15.96,29.5,23.52,13.99,10.37
20.06,6.53,19.98,28.14,37.92,37.68,12.05,26.82,19.97,15.73203402,18.68282369,25.51,23.39,17.13,29.14,19.58,11.76,12.27
17.82,5.28,17.63,22.86,35.79,30.33,14.8,21.73,28.74,15.32729772,19.03344055,19.98,17.04,14.22,22.57,16.51,9.72,9.46
16.98,3.97,11.16,19.41,26.23,25.09,11.32,19.06,29.32,14.92256143,19.38405741,17.91,14.23,11.77,17.91,13.49,5.91,7.25
15.41,5.78,16.51,18.27,25.29,36.4,9.9,18.83,22.06,14.51782514,19.73467426,17.33,15.18,12.57,19.73,12.79,7,39.74
17.81,5.24,18.59,24.01,27.07,43.38,9.45,24,25.53,14.11308884,20.08529112,20.85,15.54,14.48,24.86,17.23,9.45,37.72
19.17,6.59,28.47,26.08,29.13,48.68,18.54,24.14,13.98,13.70835255,20.43590798,24.91,22.15,17.66,28.5,55.17,10.22,15.24
16.45,6.77,30.6,20.53,21.93,55.3,12.98,24.03,12.62,13.30361625,20.78652483,33.59,18.61,13.49,20.53,20.9,5.57,9.78
15.8,5.38,15.91,23.41,24.41,20,12.03,16.67,13.23,12.89887996,21.13714169,10.63,13.51,12.28,20.01,16.65,6.94,7.82
17.15,6.03,22.15,25.23,25,20.44,13,20.52,12.73,12.49414366,21.48775855,10.45,15.27,13.86,22.85,16.25,6.19,11.53
17.95,6.65,17.1,22.94,24.07,20.65,9.76,15.86,9.93,12.08940737,21.83837541,9.29,15.72,13.11,21.75,16.33,5.26,11.12
18.94,5.78,21.44089256,17.84,24.5,20.79,7.97,18.94,12.4,11.68467107,22.18899226,10.28,12.68,12.81,20.25,16.53,8.11,9.83
15.92,9.8,25.45,16.86,22.28375883,22.5,10.44,6.96,23.22,11.27993478,22.53960912,13.64,11.2,18.87,13.64,15.71,7,8
19.19,7.1,24.91,16.26,20.55898465,20.02,20.98,7.99,14.0649564,10.47,22.89022598,13.31,12.62,17.49,17.04,18.5,9.450885214,11.69
16.47,5.2,15.66,15.2,18.83421048,14.66,21.13,6.77,10.07,12.99,23.24084283,10.21,15,11.22,15.17,15.32,13.24,9.43
10.69,5.17,12.07,12.93,17.10943631,15.18,13.91,8.8,9.24,7.01,23.59145969,9.53,7.6,10.37,13.04,14.23,12.27,4.96
12.61,4.69,14.44,13.08,15.38466214,12.02,6.24,7.37,19.51,7.44,23.94207655,9.18,12.69,11.04,14.15,13.25,6.74,6.6
13.47,6.29,17.57,13.95,12.27,15.56,4.86,9.43,4.4,7.38,24.29269341,8.45,13.03,12.18,16.33,18.48,20.2,6.04
14.1,7.34,15.87,18.11,16.3255265,17.03,6.99,13.12,19.6,9.41,24.64331026,9.53,13.05,14.64,22.66,16.22,8.37,8.9
16.76,6.77,18.19,20.44,19.28,19.79,9.42,12.31,15.69,9.45,24.99392712,13.16,14.93,15.62,21.33,18.94,9.31,13.35
14.12,7.02,23.62,15.7,21.88,18.02,7.14,9.9,12.42,7.64,25.34454398,9.73,15.86,14.61,17.63,17,7.85,11.83
18.16,6.2,24.94,18.12,18.25,19.75,7.73,7.44,6.52,11.19,25.69516083,11.03,10.86,15.14,18.06,16.06,8.8,13.23
19.51,5.05,24.82,16.14,18.84,19.29,31.24,11.34,7.66,10.18,26.04577769,14.22,14.31,16.86,22.12,17.66,6.21,11.95
15.92,3.18,22,19,19.63,21.92,17.33,9.11,9.32,8.27,26.39639455,10.55,14.64,12.46,21.18,19.24,7.52,11.14
12.94,4.63065321,27.7,24.55,26.84,20.83,22.59,8.24,6.32,12.13,26.74701141,11.92,13.82,13.64,26.8,22.36,15.4,14.95
19.55,5.750231316,29.3,21.77,20.59,27.04,13.11,11.01,8.79,14.09,27.09762826,14.05,11.98,11.17,27.87,26.82,15.1,14.68
16.17,7,17.37,14.17,12.96,22.65453738,9.27,8.72,6.78,8.61,27.44824512,9.35,9.99,12.74,14.27,22.89,11.2,6.66
16.36,7.24,19.46,13.06,8.89,19.95723205,5.12,9.92,3.71,10.92,27.79886198,12.81174326,8.01,11.01,24,16.65,9.37,7.580757217
13.96,4.79,17,10.2,7.72,17.25992671,28.27,7.76,3.01,7.64,28.14947883,15.68,4.48,8.11,20.29,8.17,5.39,6.21
9.31,2.94,14.04,10.72,6.77,13.31,14.05199373,5.79,2.5,4.78,28.50009569,14.56,6.01,9.46,13.49,10.24,10.72261148,10.57
14.5,3.83,18.17,16.79,12.78,16.73,8.6,10.87,4.17,6.383141603,28.85071255,11.68,11.63,11.27,21.19,17.3,11.22639225,17.81
15.16,6.55,22.66,19.64,15.38,18.66,7.82,13.66,5.22,6.653993332,29.20132941,17.8,14.03,13.7,26.24,21.33,11.73017302,14.79
15.81,2.56,24.22,17.55,15.05,15.87,8.66,13.19,4.7,6.924845062,29.55194626,29.65,12.89,13.06,23.58,18.59,12.23395379,14.36
14.04,2.91,26.69,19.08,13.47,15.15,6.4,13.05,5.25,6.52,29.90256312,12.33,14.08,13.13,29.86,14.86,12.73773455,15.86
16.03,4.36,23.57,19.08,14.25,18.94,5.92,15.18,6.12,10.15,30.25317998,14.52,9.11,15.26,29.33,13.72,9.83,17.48
16.55,2.67,27.02,18.28,13.72,16.72,6.68,16.09,6.83,7.59,30.60379683,15.94,11.49,12.86,41,22.08,23.12,16.09
12.57,2.44,28.16,17.32,10.96,16.42,6.36,14.05,5,5.07,30.95441369,12.84,9.28,10.5,35.74,16.76,10.1,18.03
14.32,3.27,27.68,18.51,11.37,17.1,6.74,14.34,8.21,3.68,31.30503055,13.13,9.99,10.56,23.17,13.22,14.6,18.4
18.32,3.58,30.12,22.44,9.62,20.64,7.75,15.73,5.74,3.93,31.65564741,10.81,13.17,13.53,46.54,17.3,18.16,18.7
20.32,4.09,36.1,18.55,11.55415375,10.23,12.16,14.58,4.93,4.89,32.00626426,19.13,13.49,11.86,198.81,16.59,16.1,16.42
13.79,4.43,5.7,14.41,15.2,20.6,6.75,8.91,5.3,6.52,32.35688112,7.34,11.35,10.74,22.09,15.66,6.52,24.14
16.89,9.08,12.6666586,16.12,4.97,21.75,9.18,8.42,10,5.35,32.70749798,9.78,13.82,15.41,23.14,25.76,8.53,24.8003144
19.06,8.62,12.589441,15.7,4.65,19.07,8.76,10.08,10.29,14.24,33.05811483,10.17,9.86,18.21,22.45,24.73,20.35,24.05
17.92,7.25,12.51222341,14.94,5.2,20.32,8.05,6.86,11.97,12.24,33.40873169,10.29,9.77,15.04,20.69,16.91,16.79,31.82
16.8,4.74,12.43500581,16.2,5.78,18.64,6.9,6.95,10.17,11.97,33.75934855,9.95,9.87,13.75,18.02,14.07,18.57,89.96
13.33,3.24,12.35778822,11.98,5.49,25.83,4.53,5.66,4.5,9.55,34.10996541,7.08,5.99,8.54,22.31,10.16,13.06,22.84
15.37,3.88,12.28057062,16.59,4.753476672,59.15,5.3,11.74,10.3912876,8.73,34.46058226,6.94,9.22,8.07,18.32,15.84983798,15.13,5.09
18.11,6.07,12.20335303,17.97,4.35,7.36,9.32,13.89,12.2,11.06,34.81119912,11.23,8.66,17.41,21.06,18.39,14.63,4.46
18.75,9.45,12.12613544,13.69,2.25,15.08,6.28,9.081889352,12.51,12.93,35.16181598,10.06,52.26,14.55,17.95,26.48,13.04,3.6
17.33,6.88,12.04891784,12.92,3.480738631,22.46,5.51,6.27,13.48,11.87,35.51243283,8.893358357,10.85,12.51,16.85,25.06,11.85,3.41
13.88,6.88,11.97170025,10.32,4.106866817,35.52,5.34,5.48,11.73,8.81,35.86304969,7.54,15.58,8.44,11.25,14.04,9.82,3.07
20.75,5.21,11.89448265,12.73,5.1,11.85,4.24,7.22,16.13,8.1,36.21366655,8.67,14.33,10.48,14.46,20.97,9.23,4.66
13.63,3.1,11.81726506,12.7,4.04,12.21,4.4,5.67,10.3,7.53,36.56428341,6.17,14.56,8.61,15.53,11.88,10.17,4.63
13.32,2.62,11.74004746,10.17,4.07,12.28,3.58,5.69,14.26945853,6.79,36.91490026,5.29,16.03,6.74,13.01,3.38,9.17,4.25
15.39,3.5,11.66282987,13.61,4.59,11.9,4.35,8.55,16.9,8.5,37.26551712,7.12,14.7,9.26,19.17,18.53,11.51,5.05
13.15,1.59,11.58561228,14.34,4.18,10.25,4.85,6.89,15.04,9.34,37.61613398,7.333972346,13.73,6.63,16.87,13.12,10.55,5.23
10.68,4.67,11.50839468,16.4,4.92,10.25,5.65,9.09,16.77,7.24,37.96675083,7.75837037,19.59,7.87,20.7,13.24,11.6,6.32
9.76,3.12,11.43117709,15.83,4.67,9.29,5.5,7.75,12.85,8.23,38.31736769,8.14,17.64,8.71,18.57,16.03,11.96,5.78
13.35,4.38,11.35395949,19.73,6.09,12.18,6.58,12.14,16.73,10.89,38.66798455,8.71,16.37,10.55,22.43,15.04,12.18,6.21
15.26,3.63,11.2767419,19.8,5.31,7.75,6.781917422,11.63,16,12.97,39.01860141,9.35,15.95,11.17,21.91,15.92,12.55,5.47
20.07,9.47,11.1995243,25.74,7.16,12.62,7.192310944,14.93,25.57,12.53,39.36921826,10.31,19.02,12.37,29.12,18.96,14.94,6.9
15.61,4.11,11.12230671,23.67,6.46,11.4,8.98,13.09,17.53,14.41,39.71983512,10.09,18.66,11.99,26.42,17.58,14.73,6.04
16.79,2.85,11.04508911,21.15,5.39,12.8,6.47,12.75,18.18,13.76,40.07045198,9.17,19.59,10.57,24.59,17.26,14.26,5.58
11.54,2.01,10.96787152,17.77,4.63,10.34,6.93,9.68,20.28,9.41,40.42106883,8.65,18.08899597,8.18,19.38,12.63,11.78,5.58
10.75,3.94,10.89065393,17.48,4.42,9.41,6.33,8.42,18.21,11.86,40.77168569,7.18,17.06866823,8.58,18.93,11.85,11.17,4.64
10.99,3.09,10.81343633,13.76,3.14,6.96,3.39,6.9,17.72,10.81,41.12230255,6.61,16.0483405,6.45,14.88,10.56,9.14,3.72
13.62,2.02,10.73621874,14.56,3.11,3.78,4.43,7.77,14.23,11.67,41.47291941,6.01,14.93,7.78,16.17,10.96,9.88,4.34
13.17,3.99,10.65900114,15.72,2.96,7.17,5.04,11.07,14.85,12.47,41.82353626,7.15,14.29670349,8.62,18.46,11.57,9.69,4.54
18.96,4.14,10.58178355,15.62,2.84,9.96,5.59,12.25,14.59,14.18,42.17415312,7.33,13.2,9.63,17.13,13.38,12.29,4.46
15.61,5.02,10.50456595,14.43,2.77,11.35,5.29,7.12,14.03,17.72,42.52476998,6.95,14.54,7.09,16.46,12.33,10.58,6.94
14.14838108,6.06,10.42734836,11.64,2.47,9.55,5.49,6.64,14.27,11.66,42.87538683,6.74,11.98,7.48,14.67,11.07,9.98,11.46
11.96,9.14,10.35013077,17.64,3.01,14.49,5.29,7.71,15.56,30.27,43.22600369,6.1,12.37,5.69,16.8,12.57,9.78,12.09
13.59491483,8.76,10.27291317,15.19,2.32,5.27,4.37,7.35,14.75,14.27,43.57662055,6.47,10.99,7.59,15.12,12.28,10.11,11.53
14.58576188,6.64,10.19569558,13.49,6,9.11,4.19,6.84,12.63,11.54,43.92723741,6.54,10.92,5.22,13.88,9.71,8.32,11.04
15.57660893,6.23,10.11847798,12.65,10.68,8.17,3.73,5.93,14.85,9.09,44.27785426,5.65,11.43063471,6.53,13.41,9.22,8.29,9.68
16.56745597,6.25,10.04126039,17.23,11.87,10.02,4.46,8.57,16.49,12.97,44.62847112,6.66,11.93,14.94,17.24,11.26,9.42,25.54
17.55830302,7.38,9.964042793,17.99,11.88,10.24,5.14,7.09,18.38,10.7,44.97908798,7.05,11.12,15.71,18.22,11.76,10.5,26.03
18.54915006,8.3,9.886825199,21.21,12.26,12.23,5.09,7.49,15.36,9.29,45.32970483,7.3,13.13,15.98,18.61,19.9,10.9,26.31
19.53999711,8.9,9.809607605,18.67,13.53,12.75,4.45,8.24,12.23,10.26,45.68032169,6.17,15.29,14.91,15.22,15.5,10.47,23.77
20.53084416,7.57,9.73239001,19.42,11.67,12.56,3.91,7.86,18.82,12.41,46.03093855,7.67,12.37,16.87,15.21,23.55,8.09,24.01
21.5216912,7.96,9.655172416,20.28,16.85,12.64,6.850969312,8.34,17.09,12.83,46.38155541,7.11,14.83,17.55,19.75,21.05,11.82,26.13
22.51253825,11.16,9.577954821,23.69,19.53,19.66,8.381092536,11.68,14.21,13.92,46.73217226,8.27,13.81,17.7,20.21,13.52,10.76,25.35
22.34,13.96,9.500737227,24.71,19.42,18.03,8.19,10.9,17.09,15.78,47.08278912,11.6,13.29,19.81,21.56,17.59,12.57,25.71
29.07351471,14.19,9.423519633,20.42,14.43,17.46,15.42,11.47,15.54,26.89,47.43340598,28.78,16.54,26.55,24.76,28.19,11.67,25.68
34.64364412,17.07,9.346302038,25.79,22.95,25.28,14.47,10.82,17.75,27.72,47.78402283,29.59,27.2,26.71,31.64,31,17.27,29.74
43.09,21.36,9.269084444,22.47,16.9,18.28,12.96,11.28,19.75,33.78,48.13463969,26.69,19.32,28.18,25.44,36.26,19.17,28
34.46258642,6.71,9.191866849,16.15,9.69,7.2,18.55,4.84,8.85,17.7,48.48525655,11.56,5.55,12.92,13.37,10.31,12.89,21.04
28.71139932,7.67,9.114649255,13.72,11.51,8.51,11.53,7.17,8.57,18.21,48.83587341,9.12,11.99,14.01,15.35,10.1,11.34,21.48
22.96021222,7.07,9.037431661,13.48,14.52,6.95,10.33,8.33,10.87,9.25,49.18649026,8.22,10.36,11.16,14.45,10.21,9.71,25
15.77,9.49,8.960214066,16.43,16.56,5.98,10.63,9.96,10.75,10.25,49.53710712,11.5,14.2,14.28,14.3,11.43,10.25,28.75
17.12208558,8.06,8.882996472,13.21,15.44,7.01,10.28,8.24,9.65,75.5,49.88772398,9.63,14.52,11.27,14.16,12.05,9.83,25.61
16.46,9.12,8.805778878,16.61,17.74,8.78,10.77,11.49,10.19,16.84,50.23834083,11.12,15.24,12.69,16.13,13.34,10.69,28.42
20.62,10.97,8.728561283,16.06,17.6,11.25,10.47,19.16,13.4,15.1,50.58895769,11.37,14.62,9.79,16.55,17.57,11.69,29.24
15.84719614,8.69,8.651343689,15.94,16.98,10.86,10.1,14.09,10.72,15.05,50.93957455,10.88,14.03,11.04,13.99,15.2,10.34,26.83
11.71,7.18,8.574126094,14.01,14.25,8.72,11.51,11.55,16.47,11.59,51.29019141,10,11.76,11.09,13.31,10.8,8.52,27.37
12.15738615,7.61,8.4969085,18.5553033,16.55308153,9.84,10.06,12.67,14.82,9.83,51.64080826,9.15,9.18,10.08,14.87,8.9,9.68,25.96
11.83245914,8.4,8.419690906,23.93,17.59,12.3,18.02,10.03,13.31,9.03,51.99142512,11.58,13.3,10.27,13.44,9.87,11.98,25.71
11.50753212,10.61,8.342473311,19.16,21.1,11.79,25.55,10.49,12.26,13.15,52.34204198,11.4,14.64,11.08,15.21,13.91,12.19,28.79
9.6,10.16,8.265255717,19.03,20.76,7.7,11.13,14.29,9.27,14.7,52.69265883,11.08,14.15,10.91,14.33,16.41,11.6,28.45
18.74,8,8.188038122,16.31,21.17,8.08,10.26,10.39,8.77,12.19,53.04327569,10.33,12.51,10.47,12.75,10.56,11.04,28.3
16.48538625,9.57,8.110820528,17.5,19.49,11.27,19.94,10.98,10.61,13.06,53.39389255,12.09,14.19,11.41,14.5,10.23,10.8,29.7
15.88369155,6.26,8.033602934,14.93,13.29,9.04,10.41,8.63,8.93,13.39,53.74450941,10.24,12.99,9.97,12.54,7.47,8.76,26.51
15.28199686,8.76,7.956385339,14.88,12.7,10.86,10.45,7.73,7.92,11.5,54.09512626,13.01,10.45,10.18,12.5,9.27,7.65,25.45
14.68030217,7.61,7.879167745,10.62,9.67,10.23,10.23,6.2,9.93,13.8,54.44574312,10.1,9.43,10.16,11.83,12.72,9.71,22.96
13.95,7.84,7.801950151,13.18,8.84,9.51,11.14,8.7,10.69,13.68,54.79635998,12.44,10.91,11.74,14.86,14.96,7.71,22.24
12.74,9.67,7.724732556,14.69,10.69,11.94,13.1,6.05,10.63,21.7,55.14697683,11.76,11.73,11.75,15.38,14.23,10.55,24.47
19.43,12.91,7.647514962,18.28,16.25,9.65,12.1,13.75,12.37,20.48,55.49759369,13.89,16.17,12.59,21.05,20.19,12.88,27.94
21.54,13.14,7.570297367,19.37,18.55,10.12,12.56,10.77,17.05,21.97,55.84821055,15.31,17.1,13.65,18.06,19.97,13.21,29.13
21.23237929,9.73,7.493079773,15.1,14.16,9.75,11.14,6.17,19.98,53.46,56.19882741,10.5,12.75,11.24,19.25,13.97,9.98,26.01
21.44138382,8.4,7.415862179,22.73,14.98,15.83,10.7,5.87,14.93,25.07,56.54944426,13.13,12.48,12.37,25,19.63,16.5,25.24
21.95,12.28,7.338644584,27.11,22.82,32.75,12.02,12.02,24.73,29.51,56.90006112,19.98,21.9,16.51,28.87,32.03,22.57,29.13
20.68007042,12.25,7.26142699,23.57,20.52,23.34,13.29,11.08,21.66,21.29,57.25067798,19.56,17.27,14.04,26.36,23.05,11.3,27.44
19.70975251,14.6,7.184209396,30.96,18.16,33.74,12.96,12.72,24.23,25.4,57.60129483,23.97,21.64,18.24,26.84,23.37,15.89,30.39
18.04,13.51,7.106991801,29.95,19.59,20.22,12.82,13.88,32.14,19.66,57.95191169,16.67,19.72,14.14,23.79,33.5,16.87,34.08
21.18,14.92,7.029774207,31.53,16.93773808,29.97,12.84,14,29.51,18.95,58.30252855,14.03,23.15,15.31,18,32.75,18.94,35.24
19.71581308,12.81,6.952556612,23.02,14.96944632,21.85,12.28,9.71,23.62,17.33,58.65314541,13.41,18.33,12.65,18,26.2,14.19,31.09
18.909416,12.68,6.875339018,24.95,13.00115456,20.59278453,11.87,13.06,18.5,14.76,59.00376226,11.58,15.98,12.24,18,25.01,13.85,28.14
17.27,21.53,6.798121424,29.47,11.0328628,18.56607649,20.83,13.29,22.47,19.59,59.35437912,15.43,19.35,15.19,17.4,23.63,17.02,27.75
20.57552598,11.4,6.720903829,14.8,9.064571043,16.91,11.04,9.82,14.62,17.29,59.70499598,13.43,11.07,12.81,20.43,19.85,13.17,22.29
25.83,10.28,6.643686235,12.52,7.096279283,12.99,12.35,7.27,10.61,21.93,60.05561283,12.27,14.71,11.5,17.91,18.09,13.63,22.4
12.95,5.16,6.56646864,10.69,4.87,10.18,9.07,8.2,8.32,12.31,60.40622969,2.94,15.02575501,10.44,3.81,14.09,7.16,17.38
12.02,3.79,6.489251046,7.88,3.64,6.36,8.8,5.99,6.62,6.63,60.75684655,3.63,15.60992478,8.87,3.08,9.95,5.94,18.83
11.84,5.12,6.412033452,8.19,3.55,8.73,9.59,6,12.39,6,61.10746341,7.02,16.19409456,9.94,3.61,15.01,7.2,19.86
11.9,7.22,6.334815857,10.87,3.61,10.52,9.93,8.26,13.44,11.44,61.45808026,7.48,16.77826433,11.47,4.82,16.48,8.84,19.11
14.78,7.11,6.257598263,21.51,8.09,11.69,10.25,11.68,16.25,14.98,61.80869712,12.81,16.78,12.73,7.81,21.07,15.77,24.55
39.14,18.28,6.180380669,23,20.34,41.59,22.23,28.48,28.96,42.77,62.15931398,26.13,18.09,22.29,13.87,49.84,31.41,32.53
52.26,6.02,6.103163074,23,29.11,58.88,41.71,27.08,42.49,56.04,62.50993083,18.99,33.83,30.53,20,46.51,44.29,39.65
26.74,4.72,6.02594548,23,13.8,24.48,19.09,13.97,19.69,22.4,62.86054769,4.78,9.53,16.69,9.05,6.58,19.65,27.85
17.7,9.82,5.948727885,23,7.27,16.22,20.63,10.39,15.97,16.99,63.21116455,6.52,3.95,12.5,6.68,6.56,9.98,23.43
17.35,9.71,5.871510291,23,7.46,17.79,17.3,10.01,15.79,10.07,63.56178141,7.31,2.59,13.38,7.48,8.79,10.87,26.26
28.24,11.01,5.794292697,23,15.72,25.01,13.29,12.75,21.22,26.03,63.91239826,9.17,10.28,16.85,11.21,15.15,22.31,29.14
48.74,12.83,5.717075102,23,30,50.52,18.88,23.83,29.68,47.09,64.26301512,15.68,34.12,27.93,16.16,24.96,42.92,38.87
55.85,13.53,5.639857508,22.63,33.54,65.87,19.08,29.83,33.06,56.53,64.61363198,16.54,39.04,30.78,16.81,39.28,47.98,45.88
44.59,12.19,5.562639913,17.6,23.9,46.11,17.03,19.34,30.15,40.08,64.96424883,12.27,24.49,24.11,10.14,25.76,34.67,35.32
37.66,11.77,5.485422319,17.6,19.17,35.7,15.45,17.66,25.09,34.47,65.31486569,12.36,21.96,21.56,8.09,22.92,28.78,29.38
22.6,10.45,5.408204725,14.29,12.86,25.7,13.26,9.61,20.41,22.66,65.66548255,9.23,10.89,16.39,5.63,14.27,20.96,23.8
34.14,11.54,5.33098713,12.65,13.63,22.74,17.83,14.34,19.98,39.11,66.01609941,11.57,14.3,19.24,6.35,24.15,27.5,27.94
29.7,11.15,5.253769536,12.6,12.84,23.65,13.51,15.38,20.6,27.29,66.36671626,11.02,11.63,19.3,7.4,17.69,21.59,27.73
20.76,10.31,5.176551942,13.21,14.86,21.9,11.91,10.87,15.9,19.2,66.71733312,8.89,11.77,15.55,5.75,11.16,27.66765588,27.75
18.61,10.31,5.099334347,13.15,13.31,25.36,12.81,14.36,21.24,25.04,67.06794998,8.11,11.62,17.15,6,15.42,28.1814353,28.44
34.31,11.7,5.022116753,15.87,19.44,43.96,16.23,20.16,27.7,38.46,67.41856683,13.79,14.35,23.15,5.970832386,25.08,37.29,34.66
41.25,12.86,4.944899158,16.3,23.86,55.98,32.62,23.48,28.69,47.57,67.76918369,14.21,26.82,27.95,5.4,35.97,32.48,37.65
44.11,11.67,4.867681564,13.5,18.03,32,15.15,18.8,24.78,42.84,68.11980055,12.16,30.95,24.05,7.519261476,24.1,20.4,34.86
18.75,9.84,4.79046397,11.24,3.73,15.41,11.46,8.54,17.02,13.08,68.47041741,6.99,1.85,13.62,6.67,9.92,12.38,23.58
16.59,10.04,4.713246375,12.44,7.87,23,12.01,11.46,18.22,18.02,68.82103426,8.53,4.52,15.83,24.13,11.64,20.88,26.39
17.08,10.26,4.636028781,11.62,8.32,17.05,12.24,11.38,16.24,20.12,69.17165112,9.58,5.7,16.49,4.9,14.88,12.73,25.56
30,11.26,4.558811186,13.96,13.21,29.81,14.15,15.69,17.56,35.19,69.52226798,10.51,12.41,19.73,8.02,24.84,30.41,34.19
47.15,13.02,4.481593592,20.8,22.05,34.84,20.45,20.04,17.56,45.11,69.87288483,12.45,18.64,23.28,9.79,33.26,36.57,39.34
64.69,14.3,4.404375998,18.2,31.02,76.95,21.21,25.63,25.45,67.65,70.22350169,16.59,52.69,31.77,14.27,40.34,54.13,52.07
63.68,14.01,4.327158403,19.01,37.66,84.02,23.2,28.3,47.78,77.59,70.57411855,20.31,68.23,35.23,17.9,48.93,63.32,59.7
55.9,13.83,4.249940809,20.31,33.12,78.26,31.68,30.12,45.15,81.77,70.92473541,27.17,64.77990827,36.48,18.01,49.65,60.95,54.74
73.46,15.13,4.172723215,21,40.85,89.76,41.39,31.28,54.08,99.15,71.27535226,50.52,65.89945177,40.47,36.25,64.83,73.53,60.49
63.78,14.38,4.09550562,19.96,36.99,78.78,38.48,35.56,49.09,74.66,71.62596912,62.13,67.01899526,37.91,40.33,57.11,60.56,51.95
47.96,13.76,4.018288026,16.5,24.32,60.5,33.91,29.29,39.1,45.36,71.97658598,55.67,68.13853876,29.36,37.57,37.8,32.12,41.9
55.76,19.17,3.941070431,19.92,52.76,77.25,38.54,32.37,49.72,70.19,72.32720283,62.23,65.65,44.15,46.46,53.8,61.88,54.57
92.93,19.31,3.863852837,24.17,40.28,108.79,40.37,34.07,58.61,117.87,72.67781969,69.19,86.29,60.77,62.01,61.33,70.61,63.88
76.04,18.82,3.786635243,24.49,38.37,129.15,49.72,29.8,56.04,194.54,67.25,68.51,77.38,52.22,59.57,66.75,62.18,69.78
102.5,20.56,3.709417648,34.76,43.87,164.33,63.81,49.87,75.75,158.27,96.32,84.45,74.56,73.85,72.8,59.19,109.15,61.46
69.57,26.74,3.632200054,24.56,34.37,118.6,50.96,32.21,49.54,108.11,84.05,66.77,59.25,55.8,57.17,51.37,63.54,54.69
61.6,29.71,3.554982459,27.92,37.64,82.22,49.33,34.04,51.01,125.6,81.12,66.75,71.61,57.81,60.21,46.85,101.6,70.47
58.02,30.31,3.477764865,24.61,34.85,77.88,43.73,35.4,45.19,90.09,72.07,60.32,68.21,45.97,55.2,44.51,51.88,94.69
64.7,28.76,3.400547271,24.61,35.01,73.04,42.15,37.29,43.6,80.45,63.45,59.07,68.06,45.64,54.99,45.17,51.74,86.41
69.05,30.41,3.323329676,23.79,32.67,87.63,40.97,37.85,53.03,75.69,62.22,52.67,83.61,43.95,56.21,49.45,50.15,34.3
75.56,34.23,3.246112082,25.15,36.4,98.26,38.82,35.57,55.81,82.57,32.64,51.86,83.75,49.94,58.35,52.04,55.96,36.2
73.7,32.61,3.168894488,30.17,36.47,91.44,52.67,36.2,52.58,83.07,5.54,53.65,76.95,47.78,56.88,49.33,55.93,33.27
79.11,33.99,3.091676893,34,42.7,103.19,52.5,34.88,53.35,87.76,5.92,53.11,89.04,48.83,56.79,57.38,56.73,32.69
80.8,36.35,3.014459299,34.37,48.74,104.56,60.06,36.78,51.27,85.11,27.15,55.56,102.91,53.4,55.96,55.61,49.42,33.92
83.67,35.67,2.937241704,34.86,46.76,100.57,57.77,30.54,53.49,85.95,59.94,54.12,88.47,50.24,57.94,55.32,35.14,42.21
76.75,31.75,2.86002411,32.42,43.83,81.69,55.98,32.42,50.16,86.02,61.11,47.56,77.52,46.24,56.41,50.65,30.72,38.49
73.59,30.01,2.782806516,33.68,44.09,74.76,53.13,29.42,47.67,82.87,69.14,45.77,70.77,40.9,58.18,52.07,30.77,37.6
73.27,33.15,2.705588921,33.6,41.5,67.9,54.29,32.36,25.24,87.97,61.82,49.81,60.71,38.67,54.76,58.5,32.61,33.17
90.55,37.61,2.628371327,37.11,50.09,74.89,54.77,39.72,29.83,112.42,77.52,61.31,79.79,48.63,61.9,64.38,40.53,58.53
90.89,36.74,2.551153733,34.74,50.97,82.64,52.78,36.94,30.73,106.48,72.32,55.04,85.66,52.99,58.77,51.58,41.46,48.88
70.23,30.15,2.473936138,31.89,42.22,62.08,48.3,30.36,25.04,78.32,57.73,42.31,66.99,25.67,55.19,45.43,29.98,38.64
73.05,31.81,2.396718544,32.31,42.06,69.72,48.75,32.5,25.45,69.66,55.64,44.97,58.94,37.42,55.45,46.57,29.94,36.26
74.88,35.45,2.319500949,32.1,43.52,74.66,49.34,36.66,26.21,71.32,63.86,49.9,72.13,42.23,56.67,50.99,32.81,35.32
90.87,36.08,2.242283355,35.13,48.25,84.09,53.05,40.6,28.8,82.41,65.98,54.48,78.12,45.04,60.81,64.86,37.23,32.04
98.97,38.25,2.165065761,38.54,50.31,91.63,53.44,43.48,31.9,95.66,78.22,59.65,87.49,51.12,64.19,69.19,43.22,36.25225499
116.06,42.32,2.087848166,41.4,57.8,105.61,56.94,49.16,36.43,108.24,91.44,66.27,97.55,54.77,68.91,74.79,49.23,39.24430833
107.37,42.97,2.010630572,41.42,65.62,123.09,54.75,47.8,37.49,110.88,102.39,68.77,124.06,58.75,69.66,80.08,52.39,42.23636167
102.02,40.74,1.933412977,38.68,57.05,106.8679875,56.54,43.7,33.51,101.6,87.89,61.07,101.46,53.2,68.87,84.82,44.75,45.22841501
80.25,34.4,1.856195383,33.99,46.41,96.55754059,55.59,34.84,26.26,67.59,77.47,48.45,77.16,41.65,61.72,70.71,33.17,48.22046835
79.02,32.7,1.778977789,32.04,40.51,86.24709372,55.4,32.74,24.13,63.24,65.8,46.14,65.31,37.43,58.16,52.9,31.09,51.2125217
83.72,31.8,1.701760194,31.59,41.55,72.21,50.09,34.28,24.61,61.25,71.4,60.51,69.77,37.65,56.29,54.75,29.5,54.20457504
73.32,29.12,1.6245426,30.81,39,80.07,50.28,29.98,20.09,54.61,61.47,66.26,64.07,33.38,55.12,41.02,24.99,57.91
79.69,33.66,1.547325006,33.21,44.8,78.93,50,33.44,24.22,75.76,76.5,81.89,62.56,38.54,58.36,64.72,29.43,55.51
90.18,37.6,1.470107411,36.31,54.42,96.04,51.43,38.78,27.91,99.14,94.34,98.23,94.53,47.06,62.56,72.24,32.84070432,65.45
99.71,38.63,1.392889817,37.07,56.91,88.12,50.76,35.35,28.22,99.93,92.6,61.67,95,44.87,62.24,63.88,33.40747653,69.55
85.08,36.38,1.315672222,32.21,46.67,78.26,47.8,35.38,24.6,83.48,77.66,56.84,76.39,41.37,56.3,58.29,38.98,70.35
77.4,34.89,1.238454628,32.33,44.54,64.91,54.68,36.56,22.98,75.36,71.04,56.53,75.56,41.33,51.72,53.74,33.93,69.59
88.83,36.31,1.161237034,34.02,50.38,82.47,58.33,37.27,25.78,82.55,85.14,58.08,76.67,40.83,55.47,49.26,38.86,72.27
77.47,33.64,1.084019439,36.25,56.89,76.82,56.82,33.66,26.22,80.48,86.57,55.61,92.9,41.06,59.89,52.06,38.17,72.56
71.9,33.35,1.006801845,33.25,36.99,79.72084964,54.37,32.19,23.08,64.11,61.09,51.02,49.35,33.11,56.2,33.32,28.14,57.87
58.85,29.20236486,0.92958425,31.43,30.51,81.65953591,50.64,35.94056744,24.96589164,55.09,44.48,47.01,34.79,26.95,49.77,34.76,22.35,50.12
62.9,24.6,0.852366656,29.56,31.08,83.59822218,50.07,37.39813649,25.12,47.42,48.41,45.93,37.76,25.27,54.81,20.94,22.28,55.44
57.07,28.35,0.775149062,31.37,32.81,85.53690846,50.98,42.72,24.99,50.46,53.92,48.53,42.54,30.54,50.06,43.8,24.19,54.46
56.58,29.79,0.697931467,33.18,42.84,87.47559473,50.19,38.2,25.47,70.49,74.61,52.05,72.72,35.99,59.69,51.42,28.8,61.79
68.05,30.41,0.620713873,35.63,45.44,89.41428101,47.54,35.14,27.24,74.92,74.25,56.47,73.91,38.18,60.92,59.02,37.85,63.71
74,30.87,0.543496279,29.72,37.05,91.35296728,52,29.69,20.83,53.87,61.92,48.58,56.43,30.91,57.47,35.79,25.58,56.75
66.14,32.28,0.466278684,32.88,38.84,93.29165356,53.68,33.68,23.45,63.54,66.84,52.64,60.44,36.25,61.05,43.4,30.15,56.49
70.49,31.15,0.38906109,33.59,39.97,95.23033983,52.65,33.83,23.21,65.27,68.75,53.02,63.44,36.5,59.72,35.05,31.3,60.98771044
71.5,28.81,0.311843495,35.99,42.87,97.16902611,52.79,29.71,24.21,86.32,76.83,54.09,63.2,35.48,61.38,39.89,31.48,64.5288709
81.42,34.37619733,0.234625901,39.63,49.88,99.10771238,53.72,42.73,34.09,86.41,92.72,61.63,87.55,42.95,69.4,57.83,43.28,68.07003136
94.58,39.15038305,0.157408307,39.67,57.27,99.51,55.36,47.73,33.13,104.57,104.39,67.57,107.11,51.83,63.69,64.32,45.65,71.31
101.49,44.31,0.080190712,42.17,61.75,110.11,54.18,46.83,34.53,115.91,114.85,70.9,125.58,53.44,72.28,73.48,49.41,75.57
125.61,45.66,0.002973118,43.66,60.28,116.18,55.93,52.04,33.3,136.26,109.82,59.94,127.05,59.48,77.4,66.22,55.4,87.07
131.72,48.15,-0.074244477,44.9,57.91,93.58,57.4806802,70.65,40.57,131.58,111.71,58.14,127.03,69.31,74.61,70.7,58.22,81.48
109.43,42.62,-0.151462071,39.75,53.51,84.32,58.77751679,52.83,31.28,103.63,92.25,44.1,112.49,56.75,68.98,62.58,67.91,78.69
91.02,37.58,-0.228679665,37.14,48.6,82.42,62.3,41.11,26.23,95.89,78.25,38.32,88.8,44.98,63.02,45.12,35.1,74.7
114.19,45.25,-0.30589726,40.05,55.39,91.15,60.57,47.68,29.14,100.53,103.14,57.68,100.77,51.24,70.42,41.02,41.16,66.2
124.1,45.09,-0.383114854,41.11,59.98,97.58,58.04,52.9,33.44,111.22,110.97,58.32,128.99,50.44,73.31,51.68,48.22,74.01
134.32,47.19,-0.460332448,42.53,66.24,101.57,58.49,53.84,35.08,127.93,104.67,66.18,133.05,53.1,75.24,61.03,54.05,86.39
89.02,34.52,-0.537550043,38.32,59.28,87.05,50.71,39.14,31.55,104.13,95.01,52.37,103.62,45.85,67.81,51.72,45.03,67.02
125.04,56.51,-0.614767637,46.38,82.26,89.88,60.39,63.32,40.35,110.59,116.12,72.1,130.39,62.95,75.55,65.92,65.24,80.48
90.97,36.64,-0.691985232,37.24,74.69,71.83408372,51.8,44.17,29.32,93.66,76.03,62.34,137.86,45.92,67.28,57.72,58.75,88.38
55.66,29.31,-0.769202826,29.42,46.77,52.4,48.49,32.04,23.35,56.98,46.59,42.2,48.84,33.89,52.55,39.52,31.7,68
57.59,27.66,-0.84642042,35.1,51.95,60.66,48.38,36.87,25.85,63.49,56.87,43.62,60.97,42.24,61.5,38.99,38.48,70.24
